time_s,gpio_V,fan_pwm_V,reset_pwm_V
0.0,0.0,4.999999999999557,4.999999999999556
5e-10,0.0,4.999999999999556,4.999999999999556
1e-09,0.0,4.999999999999555,4.999999999999556
2e-09,0.0,4.999999999999554,4.999999999999556
4e-09,0.0,4.999999999999554,4.999999999999556
8e-09,0.0,4.999999999999555,4.999999999999556
1.6e-08,0.0,4.999999999999556,4.999999999999555
3.2e-08,0.0,4.999999999999554,4.999999999999553
6.4e-08,0.0,4.999999999999556,4.999999999999555
1.1400000000000001e-07,0.0,4.999999999999555,4.999999999999557
1.64e-07,0.0,4.999999999999554,4.999999999999556
2.14e-07,0.0,4.999999999999553,4.999999999999556
2.6400000000000003e-07,0.0,4.999999999999553,4.999999999999556
3.1400000000000003e-07,0.0,4.999999999999554,4.999999999999556
3.6400000000000003e-07,0.0,4.999999999999555,4.999999999999556
4.1400000000000003e-07,0.0,4.999999999999555,4.999999999999556
4.64e-07,0.0,4.999999999999554,4.999999999999556
5.140000000000001e-07,0.0,4.999999999999553,4.999999999999556
5.640000000000001e-07,0.0,4.999999999999553,4.999999999999556
6.140000000000002e-07,0.0,4.999999999999554,4.999999999999556
6.640000000000002e-07,0.0,4.999999999999555,4.999999999999556
7.140000000000003e-07,0.0,4.999999999999555,4.999999999999556
7.640000000000003e-07,0.0,4.999999999999554,4.999999999999556
8.140000000000004e-07,0.0,4.999999999999553,4.999999999999556
8.640000000000004e-07,0.0,4.999999999999553,4.999999999999556
9.140000000000005e-07,0.0,4.999999999999554,4.999999999999556
9.640000000000004e-07,0.0,4.999999999999555,4.999999999999556
1.0140000000000004e-06,0.0,4.999999999999555,4.999999999999556
1.0640000000000003e-06,0.0,4.999999999999554,4.999999999999556
1.1140000000000003e-06,0.0,4.999999999999553,4.999999999999556
1.1640000000000002e-06,0.0,4.999999999999553,4.999999999999556
1.2140000000000002e-06,0.0,4.999999999999554,4.999999999999556
1.264e-06,0.0,4.999999999999555,4.999999999999556
1.314e-06,0.0,4.999999999999555,4.999999999999556
1.364e-06,0.0,4.999999999999554,4.999999999999556
1.414e-06,0.0,4.999999999999553,4.999999999999556
1.4639999999999999e-06,0.0,4.999999999999553,4.999999999999556
1.5139999999999998e-06,0.0,4.999999999999554,4.999999999999556
1.5639999999999998e-06,0.0,4.999999999999555,4.999999999999556
1.6139999999999997e-06,0.0,4.999999999999555,4.999999999999556
1.6639999999999997e-06,0.0,4.999999999999554,4.999999999999556
1.7139999999999996e-06,0.0,4.999999999999553,4.999999999999556
1.7639999999999995e-06,0.0,4.999999999999553,4.999999999999556
1.8139999999999995e-06,0.0,4.999999999999554,4.999999999999556
1.8639999999999994e-06,0.0,4.999999999999555,4.999999999999556
1.9139999999999994e-06,0.0,4.999999999999555,4.999999999999556
1.9639999999999993e-06,0.0,4.999999999999554,4.999999999999556
2.0139999999999993e-06,0.0,4.999999999999553,4.999999999999556
2.0639999999999992e-06,0.0,4.999999999999553,4.999999999999556
2.113999999999999e-06,0.0,4.999999999999554,4.999999999999556
2.163999999999999e-06,0.0,4.999999999999555,4.999999999999556
2.213999999999999e-06,0.0,4.999999999999555,4.999999999999556
2.263999999999999e-06,0.0,4.999999999999554,4.999999999999556
2.313999999999999e-06,0.0,4.999999999999553,4.999999999999556
2.363999999999999e-06,0.0,4.999999999999553,4.999999999999556
2.413999999999999e-06,0.0,4.999999999999554,4.999999999999556
2.4639999999999988e-06,0.0,4.999999999999555,4.999999999999556
2.5139999999999987e-06,0.0,4.999999999999555,4.999999999999556
2.5639999999999987e-06,0.0,4.999999999999554,4.999999999999556
2.6139999999999986e-06,0.0,4.999999999999553,4.999999999999556
2.6639999999999985e-06,0.0,4.999999999999553,4.999999999999556
2.7139999999999985e-06,0.0,4.999999999999554,4.999999999999556
2.7639999999999984e-06,0.0,4.999999999999555,4.999999999999556
2.8139999999999984e-06,0.0,4.999999999999555,4.999999999999556
2.8639999999999983e-06,0.0,4.999999999999554,4.999999999999556
2.9139999999999983e-06,0.0,4.999999999999553,4.999999999999556
2.9639999999999982e-06,0.0,4.999999999999553,4.999999999999556
3.013999999999998e-06,0.0,4.999999999999554,4.999999999999556
3.063999999999998e-06,0.0,4.999999999999555,4.999999999999556
3.113999999999998e-06,0.0,4.999999999999555,4.999999999999556
3.163999999999998e-06,0.0,4.999999999999554,4.999999999999556
3.213999999999998e-06,0.0,4.999999999999553,4.999999999999556
3.263999999999998e-06,0.0,4.999999999999553,4.999999999999556
3.313999999999998e-06,0.0,4.999999999999554,4.999999999999556
3.3639999999999978e-06,0.0,4.999999999999555,4.999999999999556
3.4139999999999977e-06,0.0,4.999999999999555,4.999999999999556
3.4639999999999977e-06,0.0,4.999999999999554,4.999999999999556
3.5139999999999976e-06,0.0,4.999999999999553,4.999999999999556
3.5639999999999976e-06,0.0,4.999999999999553,4.999999999999556
3.6139999999999975e-06,0.0,4.999999999999554,4.999999999999556
3.6639999999999974e-06,0.0,4.999999999999555,4.999999999999556
3.7139999999999974e-06,0.0,4.999999999999555,4.999999999999556
3.7639999999999973e-06,0.0,4.999999999999554,4.999999999999556
3.8139999999999973e-06,0.0,4.999999999999553,4.999999999999556
3.863999999999997e-06,0.0,4.999999999999553,4.999999999999556
3.913999999999998e-06,0.0,4.999999999999554,4.999999999999556
3.963999999999998e-06,0.0,4.999999999999555,4.999999999999556
4.013999999999998e-06,0.0,4.999999999999555,4.999999999999556
4.063999999999999e-06,0.0,4.999999999999554,4.999999999999556
4.113999999999999e-06,0.0,4.999999999999553,4.999999999999556
4.1639999999999994e-06,0.0,4.999999999999553,4.999999999999556
4.214e-06,0.0,4.999999999999554,4.999999999999556
4.264e-06,0.0,4.999999999999555,4.999999999999556
4.3140000000000005e-06,0.0,4.999999999999555,4.999999999999556
4.364000000000001e-06,0.0,4.999999999999554,4.999999999999556
4.414000000000001e-06,0.0,4.999999999999553,4.999999999999556
4.464000000000002e-06,0.0,4.999999999999553,4.999999999999556
4.514000000000002e-06,0.0,4.999999999999554,4.999999999999556
4.564000000000002e-06,0.0,4.999999999999555,4.999999999999556
4.614000000000003e-06,0.0,4.999999999999555,4.999999999999556
4.664000000000003e-06,0.0,4.999999999999554,4.999999999999556
4.7140000000000035e-06,0.0,4.999999999999553,4.999999999999556
4.764000000000004e-06,0.0,4.999999999999553,4.999999999999556
4.814000000000004e-06,0.0,4.999999999999554,4.999999999999556
4.864000000000005e-06,0.0,4.999999999999555,4.999999999999556
4.914000000000005e-06,0.0,4.999999999999555,4.999999999999556
4.964000000000005e-06,0.0,4.999999999999554,4.999999999999556
5.014000000000006e-06,0.0,4.999999999999553,4.999999999999556
5.064000000000006e-06,0.0,4.999999999999553,4.999999999999556
5.1140000000000064e-06,0.0,4.999999999999554,4.999999999999556
5.164000000000007e-06,0.0,4.999999999999555,4.999999999999556
5.214000000000007e-06,0.0,4.999999999999555,4.999999999999556
5.2640000000000075e-06,0.0,4.999999999999554,4.999999999999556
5.314000000000008e-06,0.0,4.999999999999553,4.999999999999556
5.364000000000008e-06,0.0,4.999999999999553,4.999999999999556
5.414000000000009e-06,0.0,4.999999999999554,4.999999999999556
5.464000000000009e-06,0.0,4.999999999999555,4.999999999999556
5.514000000000009e-06,0.0,4.999999999999555,4.999999999999556
5.56400000000001e-06,0.0,4.999999999999554,4.999999999999556
5.61400000000001e-06,0.0,4.999999999999553,4.999999999999556
5.6640000000000105e-06,0.0,4.999999999999553,4.999999999999556
5.714000000000011e-06,0.0,4.999999999999554,4.999999999999556
5.764000000000011e-06,0.0,4.999999999999555,4.999999999999556
5.814000000000012e-06,0.0,4.999999999999555,4.999999999999556
5.864000000000012e-06,0.0,4.999999999999554,4.999999999999556
5.914000000000012e-06,0.0,4.999999999999553,4.999999999999556
5.964000000000013e-06,0.0,4.999999999999553,4.999999999999556
6.014000000000013e-06,0.0,4.999999999999554,4.999999999999556
6.0640000000000134e-06,0.0,4.999999999999555,4.999999999999556
6.114000000000014e-06,0.0,4.999999999999555,4.999999999999556
6.164000000000014e-06,0.0,4.999999999999554,4.999999999999556
6.2140000000000145e-06,0.0,4.999999999999553,4.999999999999556
6.264000000000015e-06,0.0,4.999999999999553,4.999999999999556
6.314000000000015e-06,0.0,4.999999999999554,4.999999999999556
6.364000000000016e-06,0.0,4.999999999999555,4.999999999999556
6.414000000000016e-06,0.0,4.999999999999555,4.999999999999556
6.464000000000016e-06,0.0,4.999999999999554,4.999999999999556
6.514000000000017e-06,0.0,4.999999999999553,4.999999999999556
6.564000000000017e-06,0.0,4.999999999999553,4.999999999999556
6.6140000000000175e-06,0.0,4.999999999999554,4.999999999999556
6.664000000000018e-06,0.0,4.999999999999555,4.999999999999556
6.714000000000018e-06,0.0,4.999999999999555,4.999999999999556
6.764000000000019e-06,0.0,4.999999999999554,4.999999999999556
6.814000000000019e-06,0.0,4.999999999999553,4.999999999999556
6.864000000000019e-06,0.0,4.999999999999553,4.999999999999556
6.91400000000002e-06,0.0,4.999999999999554,4.999999999999556
6.96400000000002e-06,0.0,4.999999999999555,4.999999999999556
7.0140000000000204e-06,0.0,4.999999999999555,4.999999999999556
7.064000000000021e-06,0.0,4.999999999999554,4.999999999999556
7.114000000000021e-06,0.0,4.999999999999553,4.999999999999556
7.1640000000000215e-06,0.0,4.999999999999553,4.999999999999556
7.214000000000022e-06,0.0,4.999999999999554,4.999999999999556
7.264000000000022e-06,0.0,4.999999999999555,4.999999999999556
7.314000000000023e-06,0.0,4.999999999999555,4.999999999999556
7.364000000000023e-06,0.0,4.999999999999554,4.999999999999556
7.414000000000023e-06,0.0,4.999999999999553,4.999999999999556
7.464000000000024e-06,0.0,4.999999999999553,4.999999999999556
7.514000000000024e-06,0.0,4.999999999999554,4.999999999999556
7.5640000000000245e-06,0.0,4.999999999999555,4.999999999999556
7.614000000000025e-06,0.0,4.999999999999555,4.999999999999556
7.664000000000025e-06,0.0,4.999999999999554,4.999999999999556
7.714000000000025e-06,0.0,4.999999999999553,4.999999999999556
7.764000000000024e-06,0.0,4.999999999999553,4.999999999999556
7.814000000000024e-06,0.0,4.999999999999554,4.999999999999556
7.864000000000023e-06,0.0,4.999999999999555,4.999999999999556
7.914000000000023e-06,0.0,4.999999999999555,4.999999999999556
7.964000000000022e-06,0.0,4.999999999999554,4.999999999999556
8.014000000000022e-06,0.0,4.999999999999553,4.999999999999556
8.064000000000021e-06,0.0,4.999999999999553,4.999999999999556
8.114000000000021e-06,0.0,4.999999999999554,4.999999999999556
8.16400000000002e-06,0.0,4.999999999999555,4.999999999999556
8.21400000000002e-06,0.0,4.999999999999555,4.999999999999556
8.26400000000002e-06,0.0,4.999999999999554,4.999999999999556
8.314000000000019e-06,0.0,4.999999999999553,4.999999999999556
8.364000000000019e-06,0.0,4.999999999999553,4.999999999999556
8.414000000000018e-06,0.0,4.999999999999554,4.999999999999556
8.464000000000018e-06,0.0,4.999999999999555,4.999999999999556
8.514000000000017e-06,0.0,4.999999999999555,4.999999999999556
8.564000000000017e-06,0.0,4.999999999999554,4.999999999999556
8.614000000000016e-06,0.0,4.999999999999553,4.999999999999556
8.664000000000016e-06,0.0,4.999999999999553,4.999999999999556
8.714000000000015e-06,0.0,4.999999999999554,4.999999999999556
8.764000000000015e-06,0.0,4.999999999999555,4.999999999999556
8.814000000000014e-06,0.0,4.999999999999555,4.999999999999556
8.864000000000014e-06,0.0,4.999999999999554,4.999999999999556
8.914000000000013e-06,0.0,4.999999999999553,4.999999999999556
8.964000000000013e-06,0.0,4.999999999999553,4.999999999999556
9.014000000000012e-06,0.0,4.999999999999554,4.999999999999556
9.064000000000012e-06,0.0,4.999999999999555,4.999999999999556
9.114000000000011e-06,0.0,4.999999999999555,4.999999999999556
9.164000000000011e-06,0.0,4.999999999999554,4.999999999999556
9.21400000000001e-06,0.0,4.999999999999553,4.999999999999556
9.26400000000001e-06,0.0,4.999999999999553,4.999999999999556
9.31400000000001e-06,0.0,4.999999999999554,4.999999999999556
9.364000000000009e-06,0.0,4.999999999999555,4.999999999999556
9.414000000000008e-06,0.0,4.999999999999555,4.999999999999556
9.464000000000008e-06,0.0,4.999999999999554,4.999999999999556
9.514000000000008e-06,0.0,4.999999999999553,4.999999999999556
9.564000000000007e-06,0.0,4.999999999999553,4.999999999999556
9.614000000000007e-06,0.0,4.999999999999554,4.999999999999556
9.664000000000006e-06,0.0,4.999999999999555,4.999999999999556
9.714000000000006e-06,0.0,4.999999999999555,4.999999999999556
9.764000000000005e-06,0.0,4.999999999999554,4.999999999999556
9.814000000000005e-06,0.0,4.999999999999553,4.999999999999556
9.864000000000004e-06,0.0,4.999999999999553,4.999999999999556
9.914000000000004e-06,0.0,4.999999999999554,4.999999999999556
9.957000000000001e-06,0.0,4.999999999999554,4.999999999999556
9.999999999999999e-06,0.0,4.999999999999554,4.999999999999556
1.0001e-05,0.3300000000001646,4.9999999999937765,4.999999999999555
1.0002999999999999e-05,0.9899999999999347,4.999996914802679,4.999999999999553
1.00065e-05,2.1450000000002314,4.853796993012013,4.9999999999995515
1.0009999999999999e-05,3.2999999999999687,4.570452591449706,4.9999999999995515
1.0010699999999999e-05,3.3000000000000003,4.516284312793586,4.9999999999995515
1.0012099999999999e-05,3.3000000000000003,4.4093136600574905,4.9999999999995515
1.0014899999999998e-05,3.3000000000000003,4.203363699623697,4.999999999999551
1.0020499999999998e-05,3.3000000000000003,3.8214875063056697,4.999999999999549
1.00317e-05,3.3000000000000003,3.1639164485202653,4.999999999999549
1.00541e-05,3.3000000000000003,2.183434259692092,4.999999999999551
1.0098899999999999e-05,3.3000000000000003,1.0757209599952706,4.999999999999556
1.0143517740377342e-05,3.3000000000000003,0.61200056376592,4.999999999999559
1.0186402799401534e-05,3.3000000000000003,0.4219895909125585,4.9999999999995595
1.0227889225734423e-05,3.3000000000000003,0.3407954446066309,4.999999999999558
1.0277889225734423e-05,3.3000000000000003,0.299018309974414,4.999999999999557
1.0327889225734422e-05,3.3000000000000003,0.2834106297180914,4.999999999999556
1.0377889225734422e-05,3.3000000000000003,0.2775796964784587,4.999999999999556
1.0427889225734422e-05,3.3000000000000003,0.2754012957240429,4.999999999999556
1.0477889225734421e-05,3.3000000000000003,0.2745874586156733,4.999999999999556
1.052788922573442e-05,3.3000000000000003,0.27428341408317997,4.999999999999556
1.057788922573442e-05,3.3000000000000003,0.2741698249179915,4.999999999999556
1.062788922573442e-05,3.3000000000000003,0.27412738870530123,4.999999999999556
1.0677889225734419e-05,3.3000000000000003,0.2741115347975407,4.999999999999556
1.0727889225734419e-05,3.3000000000000003,0.27410561187522164,4.999999999999556
1.0777889225734418e-05,3.3000000000000003,0.27410339910791354,4.999999999999556
1.0827889225734418e-05,3.3000000000000003,0.27410257243167235,4.999999999999556
1.0877889225734417e-05,3.3000000000000003,0.2741022635905188,4.999999999999556
1.0927889225734417e-05,3.3000000000000003,0.2741021482093655,4.999999999999556
1.0977889225734416e-05,3.3000000000000003,0.2741021051036771,4.999999999999556
1.1027889225734416e-05,3.3000000000000003,0.2741020889996573,4.999999999999556
1.1077889225734415e-05,3.3000000000000003,0.2741020829832947,4.999999999999556
1.1127889225734415e-05,3.3000000000000003,0.2741020807356188,4.999999999999556
1.1177889225734414e-05,3.3000000000000003,0.2741020798959009,4.999999999999556
1.1227889225734414e-05,3.3000000000000003,0.2741020795821875,4.999999999999556
1.1277889225734413e-05,3.3000000000000003,0.27410207946498605,4.999999999999556
1.1327889225734413e-05,3.3000000000000003,0.2741020794212003,4.999999999999556
1.1377889225734412e-05,3.3000000000000003,0.2741020794048422,4.999999999999556
1.1427889225734412e-05,3.3000000000000003,0.27410207939873094,4.999999999999556
1.1477889225734411e-05,3.3000000000000003,0.2741020793964478,4.999999999999556
1.1527889225734411e-05,3.3000000000000003,0.2741020793955949,4.999999999999556
1.157788922573441e-05,3.3000000000000003,0.27410207939527625,4.999999999999556
1.162788922573441e-05,3.3000000000000003,0.2741020793951571,4.999999999999556
1.167788922573441e-05,3.3000000000000003,0.2741020793951126,4.999999999999556
1.1727889225734409e-05,3.3000000000000003,0.274102079395096,4.999999999999556
1.1777889225734409e-05,3.3000000000000003,0.2741020793950898,4.999999999999556
1.1827889225734408e-05,3.3000000000000003,0.27410207939508746,4.999999999999556
1.1877889225734408e-05,3.3000000000000003,0.27410207939508663,4.999999999999556
1.1927889225734407e-05,3.3000000000000003,0.27410207939508635,4.999999999999556
1.1977889225734407e-05,3.3000000000000003,0.27410207939508624,4.999999999999556
1.2027889225734406e-05,3.3000000000000003,0.27410207939508624,4.999999999999556
1.2077889225734406e-05,3.3000000000000003,0.27410207939508624,4.999999999999556
1.2127889225734405e-05,3.3000000000000003,0.27410207939508624,4.999999999999556
1.2177889225734405e-05,3.3000000000000003,0.27410207939508624,4.999999999999556
1.2227889225734404e-05,3.3000000000000003,0.27410207939508624,4.999999999999556
1.2277889225734404e-05,3.3000000000000003,0.27410207939508624,4.999999999999556
1.2327889225734403e-05,3.3000000000000003,0.27410207939508624,4.999999999999556
1.2377889225734403e-05,3.3000000000000003,0.27410207939508624,4.999999999999556
1.2427889225734402e-05,3.3000000000000003,0.27410207939508624,4.999999999999556
1.2477889225734402e-05,3.3000000000000003,0.27410207939508624,4.999999999999556
1.2527889225734401e-05,3.3000000000000003,0.27410207939508624,4.999999999999556
1.2577889225734401e-05,3.3000000000000003,0.27410207939508624,4.999999999999556
1.26278892257344e-05,3.3000000000000003,0.27410207939508624,4.999999999999556
1.26778892257344e-05,3.3000000000000003,0.27410207939508624,4.999999999999556
1.27278892257344e-05,3.3000000000000003,0.27410207939508624,4.999999999999556
1.2777889225734399e-05,3.3000000000000003,0.27410207939508624,4.999999999999556
1.2827889225734399e-05,3.3000000000000003,0.27410207939508624,4.999999999999556
1.2877889225734398e-05,3.3000000000000003,0.27410207939508624,4.999999999999556
1.2927889225734398e-05,3.3000000000000003,0.27410207939508624,4.999999999999556
1.2977889225734397e-05,3.3000000000000003,0.27410207939508624,4.999999999999556
1.3027889225734397e-05,3.3000000000000003,0.27410207939508624,4.999999999999556
1.3077889225734396e-05,3.3000000000000003,0.27410207939508624,4.999999999999556
1.3127889225734396e-05,3.3000000000000003,0.27410207939508624,4.999999999999556
1.3177889225734395e-05,3.3000000000000003,0.27410207939508624,4.999999999999556
1.3227889225734395e-05,3.3000000000000003,0.27410207939508624,4.999999999999556
1.3277889225734394e-05,3.3000000000000003,0.27410207939508624,4.999999999999556
1.3327889225734394e-05,3.3000000000000003,0.27410207939508624,4.999999999999556
1.3377889225734393e-05,3.3000000000000003,0.27410207939508624,4.999999999999556
1.3427889225734393e-05,3.3000000000000003,0.27410207939508624,4.999999999999556
1.3477889225734392e-05,3.3000000000000003,0.27410207939508624,4.999999999999556
1.3527889225734392e-05,3.3000000000000003,0.27410207939508624,4.999999999999556
1.3577889225734391e-05,3.3000000000000003,0.27410207939508624,4.999999999999556
1.3627889225734391e-05,3.3000000000000003,0.27410207939508624,4.999999999999556
1.367788922573439e-05,3.3000000000000003,0.27410207939508624,4.999999999999556
1.372788922573439e-05,3.3000000000000003,0.27410207939508624,4.999999999999556
1.377788922573439e-05,3.3000000000000003,0.27410207939508624,4.999999999999556
1.3827889225734389e-05,3.3000000000000003,0.27410207939508624,4.999999999999556
1.3877889225734388e-05,3.3000000000000003,0.27410207939508624,4.999999999999556
1.3927889225734388e-05,3.3000000000000003,0.27410207939508624,4.999999999999556
1.3977889225734388e-05,3.3000000000000003,0.27410207939508624,4.999999999999556
1.4027889225734387e-05,3.3000000000000003,0.27410207939508624,4.999999999999556
1.4077889225734387e-05,3.3000000000000003,0.27410207939508624,4.999999999999556
1.4127889225734386e-05,3.3000000000000003,0.27410207939508624,4.999999999999556
1.4177889225734386e-05,3.3000000000000003,0.27410207939508624,4.999999999999556
1.4227889225734385e-05,3.3000000000000003,0.27410207939508624,4.999999999999556
1.4277889225734385e-05,3.3000000000000003,0.27410207939508624,4.999999999999556
1.4327889225734384e-05,3.3000000000000003,0.27410207939508624,4.999999999999556
1.4377889225734384e-05,3.3000000000000003,0.27410207939508624,4.999999999999556
1.4427889225734383e-05,3.3000000000000003,0.27410207939508624,4.999999999999556
1.4477889225734383e-05,3.3000000000000003,0.27410207939508624,4.999999999999556
1.4527889225734382e-05,3.3000000000000003,0.27410207939508624,4.999999999999556
1.4577889225734382e-05,3.3000000000000003,0.27410207939508624,4.999999999999556
1.4627889225734381e-05,3.3000000000000003,0.27410207939508624,4.999999999999556
1.467788922573438e-05,3.3000000000000003,0.27410207939508624,4.999999999999556
1.472788922573438e-05,3.3000000000000003,0.27410207939508624,4.999999999999556
1.477788922573438e-05,3.3000000000000003,0.27410207939508624,4.999999999999556
1.482788922573438e-05,3.3000000000000003,0.27410207939508624,4.999999999999556
1.4877889225734379e-05,3.3000000000000003,0.27410207939508624,4.999999999999556
1.4927889225734378e-05,3.3000000000000003,0.27410207939508624,4.999999999999556
1.4977889225734378e-05,3.3000000000000003,0.27410207939508624,4.999999999999556
1.5027889225734377e-05,3.3000000000000003,0.27410207939508624,4.999999999999556
1.5077889225734377e-05,3.3000000000000003,0.27410207939508624,4.999999999999556
1.5127889225734377e-05,3.3000000000000003,0.27410207939508624,4.999999999999556
1.5177889225734376e-05,3.3000000000000003,0.27410207939508624,4.999999999999556
1.5227889225734376e-05,3.3000000000000003,0.27410207939508624,4.999999999999556
1.5277889225734377e-05,3.3000000000000003,0.27410207939508624,4.999999999999556
1.5327889225734378e-05,3.3000000000000003,0.27410207939508624,4.999999999999556
1.537788922573438e-05,3.3000000000000003,0.27410207939508624,4.999999999999556
1.542788922573438e-05,3.3000000000000003,0.27410207939508624,4.999999999999556
1.547788922573438e-05,3.3000000000000003,0.27410207939508624,4.999999999999556
1.5527889225734383e-05,3.3000000000000003,0.27410207939508624,4.999999999999556
1.5577889225734384e-05,3.3000000000000003,0.27410207939508624,4.999999999999556
1.5627889225734385e-05,3.3000000000000003,0.27410207939508624,4.999999999999556
1.5677889225734387e-05,3.3000000000000003,0.27410207939508624,4.999999999999556
1.5727889225734388e-05,3.3000000000000003,0.27410207939508624,4.999999999999556
1.577788922573439e-05,3.3000000000000003,0.27410207939508624,4.999999999999556
1.582788922573439e-05,3.3000000000000003,0.27410207939508624,4.999999999999556
1.587788922573439e-05,3.3000000000000003,0.27410207939508624,4.999999999999556
1.5927889225734393e-05,3.3000000000000003,0.27410207939508624,4.999999999999556
1.5977889225734394e-05,3.3000000000000003,0.27410207939508624,4.999999999999556
1.6027889225734395e-05,3.3000000000000003,0.27410207939508624,4.999999999999556
1.6077889225734396e-05,3.3000000000000003,0.27410207939508624,4.999999999999556
1.6127889225734397e-05,3.3000000000000003,0.27410207939508624,4.999999999999556
1.61778892257344e-05,3.3000000000000003,0.27410207939508624,4.999999999999556
1.62278892257344e-05,3.3000000000000003,0.27410207939508624,4.999999999999556
1.62778892257344e-05,3.3000000000000003,0.27410207939508624,4.999999999999556
1.6327889225734402e-05,3.3000000000000003,0.27410207939508624,4.999999999999556
1.6377889225734404e-05,3.3000000000000003,0.27410207939508624,4.999999999999556
1.6427889225734405e-05,3.3000000000000003,0.27410207939508624,4.999999999999556
1.6477889225734406e-05,3.3000000000000003,0.27410207939508624,4.999999999999556
1.6527889225734407e-05,3.3000000000000003,0.27410207939508624,4.999999999999556
1.657788922573441e-05,3.3000000000000003,0.27410207939508624,4.999999999999556
1.662788922573441e-05,3.3000000000000003,0.27410207939508624,4.999999999999556
1.667788922573441e-05,3.3000000000000003,0.27410207939508624,4.999999999999556
1.6727889225734412e-05,3.3000000000000003,0.27410207939508624,4.999999999999556
1.6777889225734413e-05,3.3000000000000003,0.27410207939508624,4.999999999999556
1.6827889225734414e-05,3.3000000000000003,0.27410207939508624,4.999999999999556
1.6877889225734416e-05,3.3000000000000003,0.27410207939508624,4.999999999999556
1.6927889225734417e-05,3.3000000000000003,0.27410207939508624,4.999999999999556
1.6977889225734418e-05,3.3000000000000003,0.27410207939508624,4.999999999999556
1.702788922573442e-05,3.3000000000000003,0.27410207939508624,4.999999999999556
1.707788922573442e-05,3.3000000000000003,0.27410207939508624,4.999999999999556
1.7127889225734422e-05,3.3000000000000003,0.27410207939508624,4.999999999999556
1.7177889225734423e-05,3.3000000000000003,0.27410207939508624,4.999999999999556
1.7227889225734424e-05,3.3000000000000003,0.27410207939508624,4.999999999999556
1.7277889225734425e-05,3.3000000000000003,0.27410207939508624,4.999999999999556
1.7327889225734427e-05,3.3000000000000003,0.27410207939508624,4.999999999999556
1.7377889225734428e-05,3.3000000000000003,0.27410207939508624,4.999999999999556
1.742788922573443e-05,3.3000000000000003,0.27410207939508624,4.999999999999556
1.747788922573443e-05,3.3000000000000003,0.27410207939508624,4.999999999999556
1.752788922573443e-05,3.3000000000000003,0.27410207939508624,4.999999999999556
1.7577889225734433e-05,3.3000000000000003,0.27410207939508624,4.999999999999556
1.7627889225734434e-05,3.3000000000000003,0.27410207939508624,4.999999999999556
1.7677889225734435e-05,3.3000000000000003,0.27410207939508624,4.999999999999556
1.7727889225734436e-05,3.3000000000000003,0.27410207939508624,4.999999999999556
1.7777889225734438e-05,3.3000000000000003,0.27410207939508624,4.999999999999556
1.782788922573444e-05,3.3000000000000003,0.27410207939508624,4.999999999999556
1.787788922573444e-05,3.3000000000000003,0.27410207939508624,4.999999999999556
1.792788922573444e-05,3.3000000000000003,0.27410207939508624,4.999999999999556
1.7977889225734442e-05,3.3000000000000003,0.27410207939508624,4.999999999999556
1.8027889225734444e-05,3.3000000000000003,0.27410207939508624,4.999999999999556
1.8077889225734445e-05,3.3000000000000003,0.27410207939508624,4.999999999999556
1.8127889225734446e-05,3.3000000000000003,0.27410207939508624,4.999999999999556
1.8177889225734447e-05,3.3000000000000003,0.27410207939508624,4.999999999999556
1.822788922573445e-05,3.3000000000000003,0.27410207939508624,4.999999999999556
1.827788922573445e-05,3.3000000000000003,0.27410207939508624,4.999999999999556
1.832788922573445e-05,3.3000000000000003,0.27410207939508624,4.999999999999556
1.8377889225734452e-05,3.3000000000000003,0.27410207939508624,4.999999999999556
1.8427889225734453e-05,3.3000000000000003,0.27410207939508624,4.999999999999556
1.8477889225734455e-05,3.3000000000000003,0.27410207939508624,4.999999999999556
1.8527889225734456e-05,3.3000000000000003,0.27410207939508624,4.999999999999556
1.8577889225734457e-05,3.3000000000000003,0.27410207939508624,4.999999999999556
1.8627889225734458e-05,3.3000000000000003,0.27410207939508624,4.999999999999556
1.867788922573446e-05,3.3000000000000003,0.27410207939508624,4.999999999999556
1.872788922573446e-05,3.3000000000000003,0.27410207939508624,4.999999999999556
1.8777889225734462e-05,3.3000000000000003,0.27410207939508624,4.999999999999556
1.8827889225734463e-05,3.3000000000000003,0.27410207939508624,4.999999999999556
1.8877889225734464e-05,3.3000000000000003,0.27410207939508624,4.999999999999556
1.8927889225734466e-05,3.3000000000000003,0.27410207939508624,4.999999999999556
1.8977889225734467e-05,3.3000000000000003,0.27410207939508624,4.999999999999556
1.9027889225734468e-05,3.3000000000000003,0.27410207939508624,4.999999999999556
1.907788922573447e-05,3.3000000000000003,0.27410207939508624,4.999999999999556
1.912788922573447e-05,3.3000000000000003,0.27410207939508624,4.999999999999556
1.917788922573447e-05,3.3000000000000003,0.27410207939508624,4.999999999999556
1.9227889225734473e-05,3.3000000000000003,0.27410207939508624,4.999999999999556
1.9277889225734474e-05,3.3000000000000003,0.27410207939508624,4.999999999999556
1.9327889225734475e-05,3.3000000000000003,0.27410207939508624,4.999999999999556
1.9377889225734476e-05,3.3000000000000003,0.27410207939508624,4.999999999999556
1.9427889225734478e-05,3.3000000000000003,0.27410207939508624,4.999999999999556
1.947788922573448e-05,3.3000000000000003,0.27410207939508624,4.999999999999556
1.952788922573448e-05,3.3000000000000003,0.27410207939508624,4.999999999999556
1.957788922573448e-05,3.3000000000000003,0.27410207939508624,4.999999999999556
1.9627889225734483e-05,3.3000000000000003,0.27410207939508624,4.999999999999556
1.9677889225734484e-05,3.3000000000000003,0.27410207939508624,4.999999999999556
1.9727889225734485e-05,3.3000000000000003,0.27410207939508624,4.999999999999556
1.9777889225734486e-05,3.3000000000000003,0.27410207939508624,4.999999999999556
1.9827889225734487e-05,3.3000000000000003,0.27410207939508624,4.999999999999556
1.987788922573449e-05,3.3000000000000003,0.27410207939508624,4.999999999999556
1.992788922573449e-05,3.3000000000000003,0.27410207939508624,4.999999999999556
1.997788922573449e-05,3.3000000000000003,0.27410207939508624,4.999999999999556
2.0027889225734492e-05,3.3000000000000003,0.27410207939508624,4.999999999999556
2.0077889225734493e-05,3.3000000000000003,0.27410207939508624,4.999999999999556
2.0127889225734495e-05,3.3000000000000003,0.27410207939508624,4.999999999999556
2.0177889225734496e-05,3.3000000000000003,0.27410207939508624,4.999999999999556
2.0227889225734497e-05,3.3000000000000003,0.27410207939508624,4.999999999999556
2.02778892257345e-05,3.3000000000000003,0.27410207939508624,4.999999999999556
2.03278892257345e-05,3.3000000000000003,0.27410207939508624,4.999999999999556
2.03778892257345e-05,3.3000000000000003,0.27410207939508624,4.999999999999556
2.0427889225734502e-05,3.3000000000000003,0.27410207939508624,4.999999999999556
2.0477889225734503e-05,3.3000000000000003,0.27410207939508624,4.999999999999556
2.0527889225734504e-05,3.3000000000000003,0.27410207939508624,4.999999999999556
2.0577889225734506e-05,3.3000000000000003,0.27410207939508624,4.999999999999556
2.0627889225734507e-05,3.3000000000000003,0.27410207939508624,4.999999999999556
2.0677889225734508e-05,3.3000000000000003,0.27410207939508624,4.999999999999556
2.072788922573451e-05,3.3000000000000003,0.27410207939508624,4.999999999999556
2.077788922573451e-05,3.3000000000000003,0.27410207939508624,4.999999999999556
2.082788922573451e-05,3.3000000000000003,0.27410207939508624,4.999999999999556
2.0877889225734513e-05,3.3000000000000003,0.27410207939508624,4.999999999999556
2.0927889225734514e-05,3.3000000000000003,0.27410207939508624,4.999999999999556
2.0977889225734515e-05,3.3000000000000003,0.27410207939508624,4.999999999999556
2.1027889225734517e-05,3.3000000000000003,0.27410207939508624,4.999999999999556
2.1077889225734518e-05,3.3000000000000003,0.27410207939508624,4.999999999999556
2.112788922573452e-05,3.3000000000000003,0.27410207939508624,4.999999999999556
2.117788922573452e-05,3.3000000000000003,0.27410207939508624,4.999999999999556
2.122788922573452e-05,3.3000000000000003,0.27410207939508624,4.999999999999556
2.1277889225734523e-05,3.3000000000000003,0.27410207939508624,4.999999999999556
2.1327889225734524e-05,3.3000000000000003,0.27410207939508624,4.999999999999556
2.1377889225734525e-05,3.3000000000000003,0.27410207939508624,4.999999999999556
2.1427889225734526e-05,3.3000000000000003,0.27410207939508624,4.999999999999556
2.1477889225734527e-05,3.3000000000000003,0.27410207939508624,4.999999999999556
2.152788922573453e-05,3.3000000000000003,0.27410207939508624,4.999999999999556
2.157788922573453e-05,3.3000000000000003,0.27410207939508624,4.999999999999556
2.162788922573453e-05,3.3000000000000003,0.27410207939508624,4.999999999999556
2.1677889225734532e-05,3.3000000000000003,0.27410207939508624,4.999999999999556
2.1727889225734534e-05,3.3000000000000003,0.27410207939508624,4.999999999999556
2.1777889225734535e-05,3.3000000000000003,0.27410207939508624,4.999999999999556
2.1827889225734536e-05,3.3000000000000003,0.27410207939508624,4.999999999999556
2.1877889225734537e-05,3.3000000000000003,0.27410207939508624,4.999999999999556
2.192788922573454e-05,3.3000000000000003,0.27410207939508624,4.999999999999556
2.197788922573454e-05,3.3000000000000003,0.27410207939508624,4.999999999999556
2.202788922573454e-05,3.3000000000000003,0.27410207939508624,4.999999999999556
2.2077889225734542e-05,3.3000000000000003,0.27410207939508624,4.999999999999556
2.2127889225734543e-05,3.3000000000000003,0.27410207939508624,4.999999999999556
2.2177889225734545e-05,3.3000000000000003,0.27410207939508624,4.999999999999556
2.2227889225734546e-05,3.3000000000000003,0.27410207939508624,4.999999999999556
2.2277889225734547e-05,3.3000000000000003,0.27410207939508624,4.999999999999556
2.2327889225734548e-05,3.3000000000000003,0.27410207939508624,4.999999999999556
2.237788922573455e-05,3.3000000000000003,0.27410207939508624,4.999999999999556
2.242788922573455e-05,3.3000000000000003,0.27410207939508624,4.999999999999556
2.2477889225734552e-05,3.3000000000000003,0.27410207939508624,4.999999999999556
2.2527889225734553e-05,3.3000000000000003,0.27410207939508624,4.999999999999556
2.2577889225734554e-05,3.3000000000000003,0.27410207939508624,4.999999999999556
2.2627889225734555e-05,3.3000000000000003,0.27410207939508624,4.999999999999556
2.2677889225734557e-05,3.3000000000000003,0.27410207939508624,4.999999999999556
2.2727889225734558e-05,3.3000000000000003,0.27410207939508624,4.999999999999556
2.277788922573456e-05,3.3000000000000003,0.27410207939508624,4.999999999999556
2.282788922573456e-05,3.3000000000000003,0.27410207939508624,4.999999999999556
2.287788922573456e-05,3.3000000000000003,0.27410207939508624,4.999999999999556
2.2927889225734563e-05,3.3000000000000003,0.27410207939508624,4.999999999999556
2.2977889225734564e-05,3.3000000000000003,0.27410207939508624,4.999999999999556
2.3027889225734565e-05,3.3000000000000003,0.27410207939508624,4.999999999999556
2.3077889225734566e-05,3.3000000000000003,0.27410207939508624,4.999999999999556
2.3127889225734568e-05,3.3000000000000003,0.27410207939508624,4.999999999999556
2.317788922573457e-05,3.3000000000000003,0.27410207939508624,4.999999999999556
2.322788922573457e-05,3.3000000000000003,0.27410207939508624,4.999999999999556
2.327788922573457e-05,3.3000000000000003,0.27410207939508624,4.999999999999556
2.3327889225734572e-05,3.3000000000000003,0.27410207939508624,4.999999999999556
2.3377889225734574e-05,3.3000000000000003,0.27410207939508624,4.999999999999556
2.3427889225734575e-05,3.3000000000000003,0.27410207939508624,4.999999999999556
2.3477889225734576e-05,3.3000000000000003,0.27410207939508624,4.999999999999556
2.3527889225734577e-05,3.3000000000000003,0.27410207939508624,4.999999999999556
2.357788922573458e-05,3.3000000000000003,0.27410207939508624,4.999999999999556
2.362788922573458e-05,3.3000000000000003,0.27410207939508624,4.999999999999556
2.367788922573458e-05,3.3000000000000003,0.27410207939508624,4.999999999999556
2.3727889225734582e-05,3.3000000000000003,0.27410207939508624,4.999999999999556
2.3777889225734583e-05,3.3000000000000003,0.27410207939508624,4.999999999999556
2.3827889225734585e-05,3.3000000000000003,0.27410207939508624,4.999999999999556
2.3877889225734586e-05,3.3000000000000003,0.27410207939508624,4.999999999999556
2.3927889225734587e-05,3.3000000000000003,0.27410207939508624,4.999999999999556
2.3977889225734588e-05,3.3000000000000003,0.27410207939508624,4.999999999999556
2.402788922573459e-05,3.3000000000000003,0.27410207939508624,4.999999999999556
2.407788922573459e-05,3.3000000000000003,0.27410207939508624,4.999999999999556
2.4127889225734592e-05,3.3000000000000003,0.27410207939508624,4.999999999999556
2.4177889225734593e-05,3.3000000000000003,0.27410207939508624,4.999999999999556
2.4227889225734594e-05,3.3000000000000003,0.27410207939508624,4.999999999999556
2.4277889225734596e-05,3.3000000000000003,0.27410207939508624,4.999999999999556
2.4327889225734597e-05,3.3000000000000003,0.27410207939508624,4.999999999999556
2.4377889225734598e-05,3.3000000000000003,0.27410207939508624,4.999999999999556
2.44278892257346e-05,3.3000000000000003,0.27410207939508624,4.999999999999556
2.44778892257346e-05,3.3000000000000003,0.27410207939508624,4.999999999999556
2.45278892257346e-05,3.3000000000000003,0.27410207939508624,4.999999999999556
2.4577889225734603e-05,3.3000000000000003,0.27410207939508624,4.999999999999556
2.4627889225734604e-05,3.3000000000000003,0.27410207939508624,4.999999999999556
2.4677889225734605e-05,3.3000000000000003,0.27410207939508624,4.999999999999556
2.4727889225734606e-05,3.3000000000000003,0.27410207939508624,4.999999999999556
2.4777889225734608e-05,3.3000000000000003,0.27410207939508624,4.999999999999556
2.482788922573461e-05,3.3000000000000003,0.27410207939508624,4.999999999999556
2.487788922573461e-05,3.3000000000000003,0.27410207939508624,4.999999999999556
2.492788922573461e-05,3.3000000000000003,0.27410207939508624,4.999999999999556
2.4977889225734613e-05,3.3000000000000003,0.27410207939508624,4.999999999999556
2.5027889225734614e-05,3.3000000000000003,0.27410207939508624,4.999999999999556
2.5077889225734615e-05,3.3000000000000003,0.27410207939508624,4.999999999999556
2.5127889225734616e-05,3.3000000000000003,0.27410207939508624,4.999999999999556
2.5177889225734617e-05,3.3000000000000003,0.27410207939508624,4.999999999999556
2.522788922573462e-05,3.3000000000000003,0.27410207939508624,4.999999999999556
2.527788922573462e-05,3.3000000000000003,0.27410207939508624,4.999999999999556
2.532788922573462e-05,3.3000000000000003,0.27410207939508624,4.999999999999556
2.5377889225734622e-05,3.3000000000000003,0.27410207939508624,4.999999999999556
2.5427889225734623e-05,3.3000000000000003,0.27410207939508624,4.999999999999556
2.5477889225734625e-05,3.3000000000000003,0.27410207939508624,4.999999999999556
2.5527889225734626e-05,3.3000000000000003,0.27410207939508624,4.999999999999556
2.5577889225734627e-05,3.3000000000000003,0.27410207939508624,4.999999999999556
2.562788922573463e-05,3.3000000000000003,0.27410207939508624,4.999999999999556
2.567788922573463e-05,3.3000000000000003,0.27410207939508624,4.999999999999556
2.572788922573463e-05,3.3000000000000003,0.27410207939508624,4.999999999999556
2.5777889225734632e-05,3.3000000000000003,0.27410207939508624,4.999999999999556
2.5827889225734633e-05,3.3000000000000003,0.27410207939508624,4.999999999999556
2.5877889225734634e-05,3.3000000000000003,0.27410207939508624,4.999999999999556
2.5927889225734636e-05,3.3000000000000003,0.27410207939508624,4.999999999999556
2.5977889225734637e-05,3.3000000000000003,0.27410207939508624,4.999999999999556
2.6027889225734638e-05,3.3000000000000003,0.27410207939508624,4.999999999999556
2.607788922573464e-05,3.3000000000000003,0.27410207939508624,4.999999999999556
2.612788922573464e-05,3.3000000000000003,0.27410207939508624,4.999999999999556
2.6177889225734642e-05,3.3000000000000003,0.27410207939508624,4.999999999999556
2.6227889225734643e-05,3.3000000000000003,0.27410207939508624,4.999999999999556
2.6277889225734644e-05,3.3000000000000003,0.27410207939508624,4.999999999999556
2.6327889225734645e-05,3.3000000000000003,0.27410207939508624,4.999999999999556
2.6377889225734647e-05,3.3000000000000003,0.27410207939508624,4.999999999999556
2.6427889225734648e-05,3.3000000000000003,0.27410207939508624,4.999999999999556
2.647788922573465e-05,3.3000000000000003,0.27410207939508624,4.999999999999556
2.652788922573465e-05,3.3000000000000003,0.27410207939508624,4.999999999999556
2.657788922573465e-05,3.3000000000000003,0.27410207939508624,4.999999999999556
2.6627889225734653e-05,3.3000000000000003,0.27410207939508624,4.999999999999556
2.6677889225734654e-05,3.3000000000000003,0.27410207939508624,4.999999999999556
2.6727889225734655e-05,3.3000000000000003,0.27410207939508624,4.999999999999556
2.6777889225734656e-05,3.3000000000000003,0.27410207939508624,4.999999999999556
2.6827889225734658e-05,3.3000000000000003,0.27410207939508624,4.999999999999556
2.687788922573466e-05,3.3000000000000003,0.27410207939508624,4.999999999999556
2.692788922573466e-05,3.3000000000000003,0.27410207939508624,4.999999999999556
2.697788922573466e-05,3.3000000000000003,0.27410207939508624,4.999999999999556
2.7027889225734662e-05,3.3000000000000003,0.27410207939508624,4.999999999999556
2.7077889225734664e-05,3.3000000000000003,0.27410207939508624,4.999999999999556
2.7127889225734665e-05,3.3000000000000003,0.27410207939508624,4.999999999999556
2.7177889225734666e-05,3.3000000000000003,0.27410207939508624,4.999999999999556
2.7227889225734667e-05,3.3000000000000003,0.27410207939508624,4.999999999999556
2.727788922573467e-05,3.3000000000000003,0.27410207939508624,4.999999999999556
2.732788922573467e-05,3.3000000000000003,0.27410207939508624,4.999999999999556
2.737788922573467e-05,3.3000000000000003,0.27410207939508624,4.999999999999556
2.7427889225734672e-05,3.3000000000000003,0.27410207939508624,4.999999999999556
2.7477889225734673e-05,3.3000000000000003,0.27410207939508624,4.999999999999556
2.7527889225734675e-05,3.3000000000000003,0.27410207939508624,4.999999999999556
2.7577889225734676e-05,3.3000000000000003,0.27410207939508624,4.999999999999556
2.7627889225734677e-05,3.3000000000000003,0.27410207939508624,4.999999999999556
2.7677889225734678e-05,3.3000000000000003,0.27410207939508624,4.999999999999556
2.772788922573468e-05,3.3000000000000003,0.27410207939508624,4.999999999999556
2.777788922573468e-05,3.3000000000000003,0.27410207939508624,4.999999999999556
2.7827889225734682e-05,3.3000000000000003,0.27410207939508624,4.999999999999556
2.7877889225734683e-05,3.3000000000000003,0.27410207939508624,4.999999999999556
2.7927889225734684e-05,3.3000000000000003,0.27410207939508624,4.999999999999556
2.7977889225734685e-05,3.3000000000000003,0.27410207939508624,4.999999999999556
2.8027889225734687e-05,3.3000000000000003,0.27410207939508624,4.999999999999556
2.8077889225734688e-05,3.3000000000000003,0.27410207939508624,4.999999999999556
2.812788922573469e-05,3.3000000000000003,0.27410207939508624,4.999999999999556
2.817788922573469e-05,3.3000000000000003,0.27410207939508624,4.999999999999556
2.822788922573469e-05,3.3000000000000003,0.27410207939508624,4.999999999999556
2.8277889225734693e-05,3.3000000000000003,0.27410207939508624,4.999999999999556
2.8327889225734694e-05,3.3000000000000003,0.27410207939508624,4.999999999999556
2.8377889225734695e-05,3.3000000000000003,0.27410207939508624,4.999999999999556
2.8427889225734696e-05,3.3000000000000003,0.27410207939508624,4.999999999999556
2.8477889225734698e-05,3.3000000000000003,0.27410207939508624,4.999999999999556
2.85278892257347e-05,3.3000000000000003,0.27410207939508624,4.999999999999556
2.85778892257347e-05,3.3000000000000003,0.27410207939508624,4.999999999999556
2.86278892257347e-05,3.3000000000000003,0.27410207939508624,4.999999999999556
2.8677889225734702e-05,3.3000000000000003,0.27410207939508624,4.999999999999556
2.8727889225734704e-05,3.3000000000000003,0.27410207939508624,4.999999999999556
2.8777889225734705e-05,3.3000000000000003,0.27410207939508624,4.999999999999556
2.8827889225734706e-05,3.3000000000000003,0.27410207939508624,4.999999999999556
2.8877889225734707e-05,3.3000000000000003,0.27410207939508624,4.999999999999556
2.892788922573471e-05,3.3000000000000003,0.27410207939508624,4.999999999999556
2.897788922573471e-05,3.3000000000000003,0.27410207939508624,4.999999999999556
2.902788922573471e-05,3.3000000000000003,0.27410207939508624,4.999999999999556
2.9077889225734712e-05,3.3000000000000003,0.27410207939508624,4.999999999999556
2.9127889225734713e-05,3.3000000000000003,0.27410207939508624,4.999999999999556
2.9177889225734715e-05,3.3000000000000003,0.27410207939508624,4.999999999999556
2.9227889225734716e-05,3.3000000000000003,0.27410207939508624,4.999999999999556
2.9277889225734717e-05,3.3000000000000003,0.27410207939508624,4.999999999999556
2.9327889225734718e-05,3.3000000000000003,0.27410207939508624,4.999999999999556
2.937788922573472e-05,3.3000000000000003,0.27410207939508624,4.999999999999556
2.942788922573472e-05,3.3000000000000003,0.27410207939508624,4.999999999999556
2.9477889225734722e-05,3.3000000000000003,0.27410207939508624,4.999999999999556
2.9527889225734723e-05,3.3000000000000003,0.27410207939508624,4.999999999999556
2.9577889225734724e-05,3.3000000000000003,0.27410207939508624,4.999999999999556
2.9627889225734726e-05,3.3000000000000003,0.27410207939508624,4.999999999999556
2.9677889225734727e-05,3.3000000000000003,0.27410207939508624,4.999999999999556
2.9727889225734728e-05,3.3000000000000003,0.27410207939508624,4.999999999999556
2.977788922573473e-05,3.3000000000000003,0.27410207939508624,4.999999999999556
2.982788922573473e-05,3.3000000000000003,0.27410207939508624,4.999999999999556
2.987788922573473e-05,3.3000000000000003,0.27410207939508624,4.999999999999556
2.9927889225734733e-05,3.3000000000000003,0.27410207939508624,4.999999999999556
2.9968944612867366e-05,3.3000000000000003,0.2741020793950862,4.999999999999556
3.001e-05,3.3000000000000003,0.27410207939508613,4.999999999999556
3.0010999999999998e-05,2.9700000000003945,0.2741020793950863,4.999999999999556
3.0013e-05,2.3100000000000653,0.27410207939530373,4.999999999999556
3.0015939198034123e-05,1.3400646487391126,0.39276867313960695,4.999999999999555
3.0017969599017063e-05,0.6700323243687336,0.557021664046646,4.999999999999553
3.002e-05,0.0,0.7185857605560093,4.9999999999995515
3.002040608019659e-05,0.0,0.7500669817011419,4.999999999999552
3.0021218240589764e-05,0.0,0.8125664614143884,4.999999999999555
3.0022842561376115e-05,0.0,0.934828197144706,4.999999999999558
3.002609120294882e-05,0.0,1.1687966218221773,4.999999999999561
3.0032588486094222e-05,0.0,1.5974657655627054,4.999999999999561
3.004558305238503e-05,0.0,2.3185374523610953,4.999999999999557
3.0071572184966648e-05,0.0,3.346170040816236,4.999999999999554
3.012157218496665e-05,0.0,4.382139310689506,4.999999999999556
3.017157218496665e-05,0.0,4.769171050944114,4.999999999999557
3.022157218496665e-05,0.0,4.9137637259593046,4.999999999999557
3.0271572184966653e-05,0.0,4.9677826590170815,4.999999999999556
3.0321572184966654e-05,0.0,4.9879637997864466,4.999999999999556
3.0371572184966655e-05,0.0,4.995503349712714,4.999999999999557
3.0421572184966656e-05,0.0,4.998320079140468,4.999999999999557
3.0471572184966657e-05,0.0,4.999372391910695,4.999999999999556
3.052157218496666e-05,0.0,4.9997655294820476,4.999999999999556
3.057157218496666e-05,0.0,4.999912403257964,4.999999999999557
3.062157218496666e-05,0.0,4.9999672743962735,4.999999999999557
3.067157218496666e-05,0.0,4.999987773915678,4.999999999999556
3.0721572184966663e-05,0.0,4.999995432409902,4.999999999999556
3.0771572184966665e-05,0.0,4.999998293576186,4.999999999999557
3.0821572184966666e-05,0.0,4.999999362490293,4.999999999999557
3.087157218496667e-05,0.0,4.999999761830021,4.999999999999556
3.092157218496667e-05,0.0,4.999999911020884,4.999999999999556
3.097157218496667e-05,0.0,4.999999966757672,4.999999999999557
3.102157218496667e-05,0.0,4.999999987580593,4.999999999999557
3.107157218496667e-05,0.0,4.999999995359908,4.999999999999556
3.112157218496667e-05,0.0,4.999999998266211,4.999999999999556
3.1171572184966674e-05,0.0,4.999999999351989,4.999999999999557
3.1221572184966676e-05,0.0,4.99999999975763,4.999999999999557
3.127157218496668e-05,0.0,4.999999999909175,4.999999999999556
3.132157218496668e-05,0.0,4.99999999996579,4.999999999999556
3.137157218496668e-05,0.0,4.999999999986942,4.999999999999557
3.142157218496668e-05,0.0,4.999999999994843,4.999999999999557
3.147157218496668e-05,0.0,4.999999999997794,4.999999999999556
3.152157218496668e-05,0.0,4.999999999998897,4.999999999999556
3.1571572184966684e-05,0.0,4.99999999999931,4.999999999999557
3.1621572184966685e-05,0.0,4.9999999999994635,4.999999999999557
3.1671572184966687e-05,0.0,4.999999999999521,4.999999999999556
3.172157218496669e-05,0.0,4.9999999999995435,4.999999999999556
3.177157218496669e-05,0.0,4.9999999999995515,4.999999999999557
3.182157218496669e-05,0.0,4.999999999999555,4.999999999999557
3.187157218496669e-05,0.0,4.999999999999555,4.999999999999556
3.192157218496669e-05,0.0,4.999999999999554,4.999999999999556
3.1971572184966694e-05,0.0,4.999999999999554,4.999999999999557
3.2021572184966695e-05,0.0,4.999999999999554,4.999999999999557
3.2071572184966696e-05,0.0,4.999999999999554,4.999999999999556
3.21215721849667e-05,0.0,4.999999999999554,4.999999999999556
3.21715721849667e-05,0.0,4.999999999999554,4.999999999999557
3.22215721849667e-05,0.0,4.999999999999554,4.999999999999557
3.22715721849667e-05,0.0,4.999999999999554,4.999999999999556
3.23215721849667e-05,0.0,4.999999999999554,4.999999999999556
3.2371572184966704e-05,0.0,4.999999999999554,4.999999999999557
3.2421572184966705e-05,0.0,4.999999999999554,4.999999999999557
3.2471572184966706e-05,0.0,4.999999999999554,4.999999999999556
3.252157218496671e-05,0.0,4.999999999999554,4.999999999999556
3.257157218496671e-05,0.0,4.999999999999554,4.999999999999557
3.262157218496671e-05,0.0,4.999999999999554,4.999999999999557
3.267157218496671e-05,0.0,4.999999999999554,4.999999999999556
3.272157218496671e-05,0.0,4.999999999999554,4.999999999999556
3.277157218496671e-05,0.0,4.999999999999554,4.999999999999557
3.2821572184966715e-05,0.0,4.999999999999554,4.999999999999557
3.2871572184966716e-05,0.0,4.999999999999554,4.999999999999556
3.292157218496672e-05,0.0,4.999999999999554,4.999999999999556
3.297157218496672e-05,0.0,4.999999999999554,4.999999999999557
3.302157218496672e-05,0.0,4.999999999999554,4.999999999999557
3.307157218496672e-05,0.0,4.999999999999554,4.999999999999556
3.312157218496672e-05,0.0,4.999999999999554,4.999999999999556
3.317157218496672e-05,0.0,4.999999999999554,4.999999999999557
3.3221572184966724e-05,0.0,4.999999999999554,4.999999999999557
3.3271572184966725e-05,0.0,4.999999999999554,4.999999999999556
3.332157218496673e-05,0.0,4.999999999999554,4.999999999999556
3.337157218496673e-05,0.0,4.999999999999554,4.999999999999557
3.342157218496673e-05,0.0,4.999999999999554,4.999999999999557
3.347157218496673e-05,0.0,4.999999999999554,4.999999999999556
3.352157218496673e-05,0.0,4.999999999999554,4.999999999999556
3.357157218496673e-05,0.0,4.999999999999554,4.999999999999557
3.3621572184966734e-05,0.0,4.999999999999554,4.999999999999557
3.3671572184966735e-05,0.0,4.999999999999554,4.999999999999556
3.3721572184966736e-05,0.0,4.999999999999554,4.999999999999556
3.377157218496674e-05,0.0,4.999999999999554,4.999999999999557
3.382157218496674e-05,0.0,4.999999999999554,4.999999999999557
3.387157218496674e-05,0.0,4.999999999999554,4.999999999999556
3.392157218496674e-05,0.0,4.999999999999554,4.999999999999556
3.397157218496674e-05,0.0,4.999999999999554,4.999999999999557
3.4021572184966744e-05,0.0,4.999999999999554,4.999999999999557
3.4071572184966745e-05,0.0,4.999999999999554,4.999999999999556
3.4121572184966746e-05,0.0,4.999999999999554,4.999999999999556
3.417157218496675e-05,0.0,4.999999999999554,4.999999999999557
3.422157218496675e-05,0.0,4.999999999999554,4.999999999999557
3.427157218496675e-05,0.0,4.999999999999554,4.999999999999556
3.432157218496675e-05,0.0,4.999999999999554,4.999999999999556
3.437157218496675e-05,0.0,4.999999999999554,4.999999999999557
3.4421572184966753e-05,0.0,4.999999999999554,4.999999999999557
3.4471572184966755e-05,0.0,4.999999999999554,4.999999999999556
3.4521572184966756e-05,0.0,4.999999999999554,4.999999999999556
3.457157218496676e-05,0.0,4.999999999999554,4.999999999999557
3.462157218496676e-05,0.0,4.999999999999554,4.999999999999557
3.467157218496676e-05,0.0,4.999999999999554,4.999999999999556
3.472157218496676e-05,0.0,4.999999999999554,4.999999999999556
3.477157218496676e-05,0.0,4.999999999999554,4.999999999999557
3.482157218496676e-05,0.0,4.999999999999554,4.999999999999557
3.4871572184966764e-05,0.0,4.999999999999554,4.999999999999556
3.4921572184966766e-05,0.0,4.999999999999554,4.999999999999556
3.497157218496677e-05,0.0,4.999999999999554,4.999999999999557
3.502157218496677e-05,0.0,4.999999999999554,4.999999999999557
3.507157218496677e-05,0.0,4.999999999999554,4.999999999999556
3.512157218496677e-05,0.0,4.999999999999554,4.999999999999556
3.517157218496677e-05,0.0,4.999999999999554,4.999999999999557
3.522157218496677e-05,0.0,4.999999999999554,4.999999999999557
3.5271572184966774e-05,0.0,4.999999999999554,4.999999999999556
3.5321572184966775e-05,0.0,4.999999999999554,4.999999999999556
3.5371572184966776e-05,0.0,4.999999999999554,4.999999999999557
3.542157218496678e-05,0.0,4.999999999999554,4.999999999999557
3.547157218496678e-05,0.0,4.999999999999554,4.999999999999556
3.552157218496678e-05,0.0,4.999999999999554,4.999999999999556
3.557157218496678e-05,0.0,4.999999999999554,4.999999999999557
3.562157218496678e-05,0.0,4.999999999999554,4.999999999999557
3.5671572184966784e-05,0.0,4.999999999999554,4.999999999999556
3.5721572184966785e-05,0.0,4.999999999999554,4.999999999999556
3.5771572184966786e-05,0.0,4.999999999999554,4.999999999999557
3.582157218496679e-05,0.0,4.999999999999554,4.999999999999557
3.587157218496679e-05,0.0,4.999999999999554,4.999999999999556
3.592157218496679e-05,0.0,4.999999999999554,4.999999999999556
3.597157218496679e-05,0.0,4.999999999999554,4.999999999999557
3.602157218496679e-05,0.0,4.999999999999554,4.999999999999557
3.6071572184966793e-05,0.0,4.999999999999554,4.999999999999556
3.6121572184966795e-05,0.0,4.999999999999554,4.999999999999556
3.6171572184966796e-05,0.0,4.999999999999554,4.999999999999557
3.62215721849668e-05,0.0,4.999999999999554,4.999999999999557
3.62715721849668e-05,0.0,4.999999999999554,4.999999999999556
3.63215721849668e-05,0.0,4.999999999999554,4.999999999999556
3.63715721849668e-05,0.0,4.999999999999554,4.999999999999557
3.64215721849668e-05,0.0,4.999999999999554,4.999999999999557
3.64715721849668e-05,0.0,4.999999999999554,4.999999999999556
3.6521572184966804e-05,0.0,4.999999999999554,4.999999999999556
3.6571572184966806e-05,0.0,4.999999999999554,4.999999999999557
3.662157218496681e-05,0.0,4.999999999999554,4.999999999999557
3.667157218496681e-05,0.0,4.999999999999554,4.999999999999556
3.672157218496681e-05,0.0,4.999999999999554,4.999999999999556
3.677157218496681e-05,0.0,4.999999999999554,4.999999999999557
3.682157218496681e-05,0.0,4.999999999999554,4.999999999999557
3.687157218496681e-05,0.0,4.999999999999554,4.999999999999556
3.6921572184966814e-05,0.0,4.999999999999554,4.999999999999556
3.6971572184966815e-05,0.0,4.999999999999554,4.999999999999557
3.7021572184966817e-05,0.0,4.999999999999554,4.999999999999557
3.707157218496682e-05,0.0,4.999999999999554,4.999999999999556
3.712157218496682e-05,0.0,4.999999999999554,4.999999999999556
3.717157218496682e-05,0.0,4.999999999999554,4.999999999999557
3.722157218496682e-05,0.0,4.999999999999554,4.999999999999557
3.727157218496682e-05,0.0,4.999999999999554,4.999999999999556
3.7321572184966824e-05,0.0,4.999999999999554,4.999999999999556
3.7371572184966825e-05,0.0,4.999999999999554,4.999999999999557
3.7421572184966826e-05,0.0,4.999999999999554,4.999999999999557
3.747157218496683e-05,0.0,4.999999999999554,4.999999999999556
3.752157218496683e-05,0.0,4.999999999999554,4.999999999999556
3.757157218496683e-05,0.0,4.999999999999554,4.999999999999557
3.762157218496683e-05,0.0,4.999999999999554,4.999999999999557
3.767157218496683e-05,0.0,4.999999999999554,4.999999999999556
3.7721572184966834e-05,0.0,4.999999999999554,4.999999999999556
3.7771572184966835e-05,0.0,4.999999999999554,4.999999999999557
3.7821572184966836e-05,0.0,4.999999999999554,4.999999999999557
3.787157218496684e-05,0.0,4.999999999999554,4.999999999999556
3.792157218496684e-05,0.0,4.999999999999554,4.999999999999556
3.797157218496684e-05,0.0,4.999999999999554,4.999999999999557
3.802157218496684e-05,0.0,4.999999999999554,4.999999999999557
3.807157218496684e-05,0.0,4.999999999999554,4.999999999999556
3.812157218496684e-05,0.0,4.999999999999554,4.999999999999556
3.8171572184966845e-05,0.0,4.999999999999554,4.999999999999557
3.8221572184966846e-05,0.0,4.999999999999554,4.999999999999557
3.827157218496685e-05,0.0,4.999999999999554,4.999999999999556
3.832157218496685e-05,0.0,4.999999999999554,4.999999999999556
3.837157218496685e-05,0.0,4.999999999999554,4.999999999999557
3.842157218496685e-05,0.0,4.999999999999554,4.999999999999557
3.847157218496685e-05,0.0,4.999999999999554,4.999999999999556
3.852157218496685e-05,0.0,4.999999999999554,4.999999999999556
3.8571572184966854e-05,0.0,4.999999999999554,4.999999999999557
3.8621572184966855e-05,0.0,4.999999999999554,4.999999999999557
3.867157218496686e-05,0.0,4.999999999999554,4.999999999999556
3.872157218496686e-05,0.0,4.999999999999554,4.999999999999556
3.877157218496686e-05,0.0,4.999999999999554,4.999999999999557
3.882157218496686e-05,0.0,4.999999999999554,4.999999999999557
3.887157218496686e-05,0.0,4.999999999999554,4.999999999999556
3.892157218496686e-05,0.0,4.999999999999554,4.999999999999556
3.8971572184966864e-05,0.0,4.999999999999554,4.999999999999557
3.9021572184966865e-05,0.0,4.999999999999554,4.999999999999557
3.9071572184966866e-05,0.0,4.999999999999554,4.999999999999556
3.912157218496687e-05,0.0,4.999999999999554,4.999999999999556
3.917157218496687e-05,0.0,4.999999999999554,4.999999999999557
3.922157218496687e-05,0.0,4.999999999999554,4.999999999999557
3.927157218496687e-05,0.0,4.999999999999554,4.999999999999556
3.932157218496687e-05,0.0,4.999999999999554,4.999999999999556
3.9371572184966874e-05,0.0,4.999999999999554,4.999999999999557
3.9421572184966875e-05,0.0,4.999999999999554,4.999999999999557
3.9471572184966876e-05,0.0,4.999999999999554,4.999999999999556
3.952157218496688e-05,0.0,4.999999999999554,4.999999999999556
3.957157218496688e-05,0.0,4.999999999999554,4.999999999999557
3.962157218496688e-05,0.0,4.999999999999554,4.999999999999557
3.967157218496688e-05,0.0,4.999999999999554,4.999999999999556
3.972157218496688e-05,0.0,4.999999999999554,4.999999999999556
3.9771572184966883e-05,0.0,4.999999999999554,4.999999999999557
3.9821572184966885e-05,0.0,4.999999999999554,4.999999999999557
3.9871572184966886e-05,0.0,4.999999999999554,4.999999999999556
3.992157218496689e-05,0.0,4.999999999999554,4.999999999999556
3.997157218496689e-05,0.0,4.999999999999554,4.999999999999557
4.002157218496689e-05,0.0,4.999999999999554,4.999999999999557
4.007157218496689e-05,0.0,4.999999999999554,4.999999999999556
4.012157218496689e-05,0.0,4.999999999999554,4.999999999999556
4.017157218496689e-05,0.0,4.999999999999554,4.999999999999557
4.0221572184966894e-05,0.0,4.999999999999554,4.999999999999557
4.0271572184966896e-05,0.0,4.999999999999554,4.999999999999556
4.03215721849669e-05,0.0,4.999999999999554,4.999999999999556
4.03715721849669e-05,0.0,4.999999999999554,4.999999999999557
4.04215721849669e-05,0.0,4.999999999999554,4.999999999999557
4.04715721849669e-05,0.0,4.999999999999554,4.999999999999556
4.05215721849669e-05,0.0,4.999999999999554,4.999999999999556
4.05715721849669e-05,0.0,4.999999999999554,4.999999999999557
4.0621572184966904e-05,0.0,4.999999999999554,4.999999999999557
4.0671572184966905e-05,0.0,4.999999999999554,4.999999999999556
4.0721572184966907e-05,0.0,4.999999999999554,4.999999999999556
4.077157218496691e-05,0.0,4.999999999999554,4.999999999999557
4.082157218496691e-05,0.0,4.999999999999554,4.999999999999557
4.087157218496691e-05,0.0,4.999999999999554,4.999999999999556
4.092157218496691e-05,0.0,4.999999999999554,4.999999999999556
4.097157218496691e-05,0.0,4.999999999999554,4.999999999999557
4.1021572184966914e-05,0.0,4.999999999999554,4.999999999999557
4.1071572184966915e-05,0.0,4.999999999999554,4.999999999999556
4.1121572184966916e-05,0.0,4.999999999999554,4.999999999999556
4.117157218496692e-05,0.0,4.999999999999554,4.999999999999557
4.122157218496692e-05,0.0,4.999999999999554,4.999999999999557
4.127157218496692e-05,0.0,4.999999999999554,4.999999999999556
4.132157218496692e-05,0.0,4.999999999999554,4.999999999999556
4.137157218496692e-05,0.0,4.999999999999554,4.999999999999557
4.1421572184966924e-05,0.0,4.999999999999554,4.999999999999557
4.1471572184966925e-05,0.0,4.999999999999554,4.999999999999556
4.1521572184966926e-05,0.0,4.999999999999554,4.999999999999556
4.157157218496693e-05,0.0,4.999999999999554,4.999999999999557
4.162157218496693e-05,0.0,4.999999999999554,4.999999999999557
4.167157218496693e-05,0.0,4.999999999999554,4.999999999999556
4.172157218496693e-05,0.0,4.999999999999554,4.999999999999556
4.177157218496693e-05,0.0,4.999999999999554,4.999999999999557
4.182157218496693e-05,0.0,4.999999999999554,4.999999999999557
4.1871572184966934e-05,0.0,4.999999999999554,4.999999999999556
4.1921572184966936e-05,0.0,4.999999999999554,4.999999999999556
4.197157218496694e-05,0.0,4.999999999999554,4.999999999999557
4.202157218496694e-05,0.0,4.999999999999554,4.999999999999557
4.207157218496694e-05,0.0,4.999999999999554,4.999999999999556
4.212157218496694e-05,0.0,4.999999999999554,4.999999999999556
4.217157218496694e-05,0.0,4.999999999999554,4.999999999999557
4.222157218496694e-05,0.0,4.999999999999554,4.999999999999557
4.2271572184966944e-05,0.0,4.999999999999554,4.999999999999556
4.2321572184966945e-05,0.0,4.999999999999554,4.999999999999556
4.237157218496695e-05,0.0,4.999999999999554,4.999999999999557
4.242157218496695e-05,0.0,4.999999999999554,4.999999999999557
4.247157218496695e-05,0.0,4.999999999999554,4.999999999999556
4.252157218496695e-05,0.0,4.999999999999554,4.999999999999556
4.257157218496695e-05,0.0,4.999999999999554,4.999999999999557
4.262157218496695e-05,0.0,4.999999999999554,4.999999999999557
4.2671572184966954e-05,0.0,4.999999999999554,4.999999999999556
4.2721572184966955e-05,0.0,4.999999999999554,4.999999999999556
4.2771572184966956e-05,0.0,4.999999999999554,4.999999999999557
4.282157218496696e-05,0.0,4.999999999999554,4.999999999999557
4.287157218496696e-05,0.0,4.999999999999554,4.999999999999556
4.292157218496696e-05,0.0,4.999999999999554,4.999999999999556
4.297157218496696e-05,0.0,4.999999999999554,4.999999999999557
4.302157218496696e-05,0.0,4.999999999999554,4.999999999999557
4.3071572184966964e-05,0.0,4.999999999999554,4.999999999999556
4.3121572184966965e-05,0.0,4.999999999999554,4.999999999999556
4.3171572184966966e-05,0.0,4.999999999999554,4.999999999999557
4.322157218496697e-05,0.0,4.999999999999554,4.999999999999557
4.327157218496697e-05,0.0,4.999999999999554,4.999999999999556
4.332157218496697e-05,0.0,4.999999999999554,4.999999999999556
4.337157218496697e-05,0.0,4.999999999999554,4.999999999999557
4.342157218496697e-05,0.0,4.999999999999554,4.999999999999557
4.347157218496697e-05,0.0,4.999999999999554,4.999999999999556
4.3521572184966975e-05,0.0,4.999999999999554,4.999999999999556
4.3571572184966976e-05,0.0,4.999999999999554,4.999999999999557
4.362157218496698e-05,0.0,4.999999999999554,4.999999999999557
4.367157218496698e-05,0.0,4.999999999999554,4.999999999999556
4.372157218496698e-05,0.0,4.999999999999554,4.999999999999556
4.377157218496698e-05,0.0,4.999999999999554,4.999999999999557
4.382157218496698e-05,0.0,4.999999999999554,4.999999999999557
4.387157218496698e-05,0.0,4.999999999999554,4.999999999999556
4.3921572184966984e-05,0.0,4.999999999999554,4.999999999999556
4.3971572184966986e-05,0.0,4.999999999999554,4.999999999999557
4.402157218496699e-05,0.0,4.999999999999554,4.999999999999557
4.407157218496699e-05,0.0,4.999999999999554,4.999999999999556
4.412157218496699e-05,0.0,4.999999999999554,4.999999999999556
4.417157218496699e-05,0.0,4.999999999999554,4.999999999999557
4.422157218496699e-05,0.0,4.999999999999554,4.999999999999557
4.427157218496699e-05,0.0,4.999999999999554,4.999999999999556
4.4321572184966994e-05,0.0,4.999999999999554,4.999999999999556
4.4371572184966995e-05,0.0,4.999999999999554,4.999999999999557
4.4421572184966996e-05,0.0,4.999999999999554,4.999999999999557
4.4471572184967e-05,0.0,4.999999999999554,4.999999999999556
4.4521572184967e-05,0.0,4.999999999999554,4.999999999999556
4.4571572184967e-05,0.0,4.999999999999554,4.999999999999557
4.4621572184967e-05,0.0,4.999999999999554,4.999999999999557
4.4671572184967e-05,0.0,4.999999999999554,4.999999999999556
4.4721572184967004e-05,0.0,4.999999999999554,4.999999999999556
4.4771572184967005e-05,0.0,4.999999999999554,4.999999999999557
4.4821572184967006e-05,0.0,4.999999999999554,4.999999999999557
4.487157218496701e-05,0.0,4.999999999999554,4.999999999999556
4.492157218496701e-05,0.0,4.999999999999554,4.999999999999556
4.497157218496701e-05,0.0,4.999999999999554,4.999999999999557
4.502157218496701e-05,0.0,4.999999999999554,4.999999999999557
4.507157218496701e-05,0.0,4.999999999999554,4.999999999999556
4.5121572184967013e-05,0.0,4.999999999999554,4.999999999999556
4.5171572184967015e-05,0.0,4.999999999999554,4.999999999999557
4.5221572184967016e-05,0.0,4.999999999999554,4.999999999999557
4.527157218496702e-05,0.0,4.999999999999554,4.999999999999556
4.532157218496702e-05,0.0,4.999999999999554,4.999999999999556
4.537157218496702e-05,0.0,4.999999999999554,4.999999999999557
4.542157218496702e-05,0.0,4.999999999999554,4.999999999999557
4.547157218496702e-05,0.0,4.999999999999554,4.999999999999556
4.552157218496702e-05,0.0,4.999999999999554,4.999999999999556
4.5571572184967024e-05,0.0,4.999999999999554,4.999999999999557
4.5621572184967026e-05,0.0,4.999999999999554,4.999999999999557
4.567157218496703e-05,0.0,4.999999999999554,4.999999999999556
4.572157218496703e-05,0.0,4.999999999999554,4.999999999999556
4.577157218496703e-05,0.0,4.999999999999554,4.999999999999557
4.582157218496703e-05,0.0,4.999999999999554,4.999999999999557
4.587157218496703e-05,0.0,4.999999999999554,4.999999999999556
4.592157218496703e-05,0.0,4.999999999999554,4.999999999999556
4.5971572184967034e-05,0.0,4.999999999999554,4.999999999999557
4.6021572184967035e-05,0.0,4.999999999999554,4.999999999999557
4.6071572184967037e-05,0.0,4.999999999999554,4.999999999999556
4.612157218496704e-05,0.0,4.999999999999554,4.999999999999556
4.617157218496704e-05,0.0,4.999999999999554,4.999999999999557
4.622157218496704e-05,0.0,4.999999999999554,4.999999999999557
4.627157218496704e-05,0.0,4.999999999999554,4.999999999999556
4.632157218496704e-05,0.0,4.999999999999554,4.999999999999556
4.6371572184967044e-05,0.0,4.999999999999554,4.999999999999557
4.6421572184967045e-05,0.0,4.999999999999554,4.999999999999557
4.6471572184967046e-05,0.0,4.999999999999554,4.999999999999556
4.652157218496705e-05,0.0,4.999999999999554,4.999999999999556
4.657157218496705e-05,0.0,4.999999999999554,4.999999999999557
4.662157218496705e-05,0.0,4.999999999999554,4.999999999999557
4.667157218496705e-05,0.0,4.999999999999554,4.999999999999556
4.672157218496705e-05,0.0,4.999999999999554,4.999999999999556
4.6771572184967054e-05,0.0,4.999999999999554,4.999999999999557
4.6821572184967055e-05,0.0,4.999999999999554,4.999999999999557
4.6871572184967056e-05,0.0,4.999999999999554,4.999999999999556
4.692157218496706e-05,0.0,4.999999999999554,4.999999999999556
4.697157218496706e-05,0.0,4.999999999999554,4.999999999999557
4.702157218496706e-05,0.0,4.999999999999554,4.999999999999557
4.707157218496706e-05,0.0,4.999999999999554,4.999999999999556
4.712157218496706e-05,0.0,4.999999999999554,4.999999999999556
4.717157218496706e-05,0.0,4.999999999999554,4.999999999999557
4.7221572184967065e-05,0.0,4.999999999999554,4.999999999999557
4.7271572184967066e-05,0.0,4.999999999999554,4.999999999999556
4.732157218496707e-05,0.0,4.999999999999554,4.999999999999556
4.737157218496707e-05,0.0,4.999999999999554,4.999999999999557
4.742157218496707e-05,0.0,4.999999999999554,4.999999999999557
4.747157218496707e-05,0.0,4.999999999999554,4.999999999999556
4.752157218496707e-05,0.0,4.999999999999554,4.999999999999556
4.757157218496707e-05,0.0,4.999999999999554,4.999999999999557
4.7621572184967074e-05,0.0,4.999999999999554,4.999999999999557
4.7671572184967075e-05,0.0,4.999999999999554,4.999999999999556
4.772157218496708e-05,0.0,4.999999999999554,4.999999999999556
4.777157218496708e-05,0.0,4.999999999999554,4.999999999999557
4.782157218496708e-05,0.0,4.999999999999554,4.999999999999557
4.787157218496708e-05,0.0,4.999999999999554,4.999999999999556
4.792157218496708e-05,0.0,4.999999999999554,4.999999999999556
4.797157218496708e-05,0.0,4.999999999999554,4.999999999999557
4.8021572184967084e-05,0.0,4.999999999999554,4.999999999999557
4.8071572184967085e-05,0.0,4.999999999999554,4.999999999999556
4.8121572184967086e-05,0.0,4.999999999999554,4.999999999999556
4.817157218496709e-05,0.0,4.999999999999554,4.999999999999557
4.822157218496709e-05,0.0,4.999999999999554,4.999999999999557
4.827157218496709e-05,0.0,4.999999999999554,4.999999999999556
4.832157218496709e-05,0.0,4.999999999999554,4.999999999999556
4.837157218496709e-05,0.0,4.999999999999554,4.999999999999557
4.8421572184967094e-05,0.0,4.999999999999554,4.999999999999557
4.8471572184967095e-05,0.0,4.999999999999554,4.999999999999556
4.8521572184967096e-05,0.0,4.999999999999554,4.999999999999556
4.85715721849671e-05,0.0,4.999999999999554,4.999999999999557
4.86215721849671e-05,0.0,4.999999999999554,4.999999999999557
4.86715721849671e-05,0.0,4.999999999999554,4.999999999999556
4.87215721849671e-05,0.0,4.999999999999554,4.999999999999556
4.87715721849671e-05,0.0,4.999999999999554,4.999999999999557
4.8821572184967103e-05,0.0,4.999999999999554,4.999999999999557
4.8871572184967105e-05,0.0,4.999999999999554,4.999999999999556
4.8921572184967106e-05,0.0,4.999999999999554,4.999999999999556
4.897157218496711e-05,0.0,4.999999999999554,4.999999999999557
4.902157218496711e-05,0.0,4.999999999999554,4.999999999999557
4.907157218496711e-05,0.0,4.999999999999554,4.999999999999556
4.912157218496711e-05,0.0,4.999999999999554,4.999999999999556
4.917157218496711e-05,0.0,4.999999999999554,4.999999999999557
4.922157218496711e-05,0.0,4.999999999999554,4.999999999999557
4.9271572184967114e-05,0.0,4.999999999999554,4.999999999999556
4.9321572184967116e-05,0.0,4.999999999999554,4.999999999999556
4.937157218496712e-05,0.0,4.999999999999554,4.999999999999557
4.942157218496712e-05,0.0,4.999999999999554,4.999999999999557
4.947157218496712e-05,0.0,4.999999999999554,4.999999999999556
4.952157218496712e-05,0.0,4.999999999999554,4.999999999999556
4.957157218496712e-05,0.0,4.999999999999554,4.999999999999557
4.962157218496712e-05,0.0,4.999999999999554,4.999999999999557
4.9671572184967124e-05,0.0,4.999999999999554,4.999999999999556
4.9721572184967125e-05,0.0,4.999999999999554,4.999999999999556
4.9771572184967127e-05,0.0,4.999999999999554,4.999999999999557
4.982157218496713e-05,0.0,4.999999999999554,4.999999999999557
4.987157218496713e-05,0.0,4.999999999999554,4.999999999999556
4.992157218496713e-05,0.0,4.999999999999554,4.999999999999556
4.996078609248356e-05,0.0,4.999999999999554,4.999999999999556
4.9999999999999996e-05,0.0,4.999999999999554,4.999999999999556
5.0001e-05,0.3300000000007236,4.999999999993776,4.999999999999556
5.0002999999999995e-05,0.9899999999999347,4.999996914802675,4.999999999999556
5.0006499999999996e-05,2.1450000000002314,4.853796993011971,4.999999999999556
5.001e-05,3.3000000000000003,4.570452591449532,4.999999999999556
5.00107e-05,3.3000000000000003,4.516284312793402,4.999999999999556
5.00121e-05,3.3000000000000003,4.409313660057284,4.999999999999556
5.00149e-05,3.3000000000000003,4.203363699623452,4.999999999999556
5.00205e-05,3.3000000000000003,3.82148750630536,4.999999999999556
5.0031700000000004e-05,3.3000000000000003,3.163916448519869,4.999999999999556
5.005410000000001e-05,3.3000000000000003,2.1834342596916336,4.999999999999556
5.009890000000002e-05,3.3000000000000003,1.0757209599948874,4.999999999999556
5.014351774037736e-05,3.3000000000000003,0.612000563765795,4.999999999999556
5.018640279940156e-05,3.3000000000000003,0.4219895909124987,4.999999999999555
5.022788922573445e-05,3.3000000000000003,0.340795444606605,4.999999999999555
5.027788922573445e-05,3.3000000000000003,0.2990183099744043,4.999999999999556
5.032788922573445e-05,3.3000000000000003,0.2834106297180877,4.999999999999556
5.037788922573445e-05,3.3000000000000003,0.27757969647845726,4.999999999999556
5.042788922573445e-05,3.3000000000000003,0.27540129572404237,4.999999999999556
5.047788922573445e-05,3.3000000000000003,0.2745874586156731,4.999999999999556
5.0527889225734454e-05,3.3000000000000003,0.2742834140831799,4.999999999999556
5.0577889225734456e-05,3.3000000000000003,0.2741698249179915,4.999999999999556
5.062788922573446e-05,3.3000000000000003,0.27412738870530123,4.999999999999556
5.067788922573446e-05,3.3000000000000003,0.2741115347975407,4.999999999999556
5.072788922573446e-05,3.3000000000000003,0.27410561187522164,4.999999999999556
5.077788922573446e-05,3.3000000000000003,0.2741033991079135,4.999999999999556
5.082788922573446e-05,3.3000000000000003,0.27410257243167224,4.999999999999556
5.087788922573446e-05,3.3000000000000003,0.27410226359051876,4.999999999999556
5.0927889225734464e-05,3.3000000000000003,0.27410214820936557,4.999999999999556
5.0977889225734465e-05,3.3000000000000003,0.2741021051036772,4.999999999999556
5.1027889225734466e-05,3.3000000000000003,0.2741020889996575,4.999999999999556
5.107788922573447e-05,3.3000000000000003,0.27410208298329486,4.999999999999556
5.112788922573447e-05,3.3000000000000003,0.2741020807356188,4.999999999999556
5.117788922573447e-05,3.3000000000000003,0.2741020798959009,4.999999999999556
5.122788922573447e-05,3.3000000000000003,0.2741020795821875,4.999999999999556
5.127788922573447e-05,3.3000000000000003,0.27410207946498605,4.999999999999556
5.1327889225734474e-05,3.3000000000000003,0.2741020794212003,4.999999999999556
5.1377889225734475e-05,3.3000000000000003,0.27410207940484216,4.999999999999556
5.1427889225734476e-05,3.3000000000000003,0.2741020793987309,4.999999999999556
5.147788922573448e-05,3.3000000000000003,0.2741020793964478,4.999999999999556
5.152788922573448e-05,3.3000000000000003,0.2741020793955949,4.999999999999556
5.157788922573448e-05,3.3000000000000003,0.27410207939527625,4.999999999999556
5.162788922573448e-05,3.3000000000000003,0.2741020793951571,4.999999999999556
5.167788922573448e-05,3.3000000000000003,0.2741020793951126,4.999999999999556
5.1727889225734484e-05,3.3000000000000003,0.274102079395096,4.999999999999556
5.1777889225734485e-05,3.3000000000000003,0.2741020793950898,4.999999999999556
5.1827889225734486e-05,3.3000000000000003,0.27410207939508746,4.999999999999556
5.187788922573449e-05,3.3000000000000003,0.2741020793950866,4.999999999999556
5.192788922573449e-05,3.3000000000000003,0.27410207939508624,4.999999999999556
5.197788922573449e-05,3.3000000000000003,0.27410207939508624,4.999999999999556
5.202788922573449e-05,3.3000000000000003,0.27410207939508624,4.999999999999556
5.207788922573449e-05,3.3000000000000003,0.27410207939508624,4.999999999999556
5.212788922573449e-05,3.3000000000000003,0.27410207939508624,4.999999999999556
5.2177889225734494e-05,3.3000000000000003,0.27410207939508624,4.999999999999556
5.2227889225734496e-05,3.3000000000000003,0.27410207939508624,4.999999999999556
5.22778892257345e-05,3.3000000000000003,0.27410207939508624,4.999999999999556
5.23278892257345e-05,3.3000000000000003,0.27410207939508624,4.999999999999556
5.23778892257345e-05,3.3000000000000003,0.27410207939508624,4.999999999999556
5.24278892257345e-05,3.3000000000000003,0.27410207939508624,4.999999999999556
5.24778892257345e-05,3.3000000000000003,0.27410207939508624,4.999999999999556
5.25278892257345e-05,3.3000000000000003,0.27410207939508624,4.999999999999556
5.2577889225734504e-05,3.3000000000000003,0.27410207939508624,4.999999999999556
5.2627889225734505e-05,3.3000000000000003,0.27410207939508624,4.999999999999556
5.2677889225734507e-05,3.3000000000000003,0.27410207939508624,4.999999999999556
5.272788922573451e-05,3.3000000000000003,0.27410207939508624,4.999999999999556
5.277788922573451e-05,3.3000000000000003,0.27410207939508624,4.999999999999556
5.282788922573451e-05,3.3000000000000003,0.27410207939508624,4.999999999999556
5.287788922573451e-05,3.3000000000000003,0.27410207939508624,4.999999999999556
5.292788922573451e-05,3.3000000000000003,0.27410207939508624,4.999999999999556
5.2977889225734514e-05,3.3000000000000003,0.27410207939508624,4.999999999999556
5.3027889225734515e-05,3.3000000000000003,0.27410207939508624,4.999999999999556
5.3077889225734516e-05,3.3000000000000003,0.27410207939508624,4.999999999999556
5.312788922573452e-05,3.3000000000000003,0.27410207939508624,4.999999999999556
5.317788922573452e-05,3.3000000000000003,0.27410207939508624,4.999999999999556
5.322788922573452e-05,3.3000000000000003,0.27410207939508624,4.999999999999556
5.327788922573452e-05,3.3000000000000003,0.27410207939508624,4.999999999999556
5.332788922573452e-05,3.3000000000000003,0.27410207939508624,4.999999999999556
5.3377889225734524e-05,3.3000000000000003,0.27410207939508624,4.999999999999556
5.3427889225734525e-05,3.3000000000000003,0.27410207939508624,4.999999999999556
5.3477889225734526e-05,3.3000000000000003,0.27410207939508624,4.999999999999556
5.352788922573453e-05,3.3000000000000003,0.27410207939508624,4.999999999999556
5.357788922573453e-05,3.3000000000000003,0.27410207939508624,4.999999999999556
5.362788922573453e-05,3.3000000000000003,0.27410207939508624,4.999999999999556
5.367788922573453e-05,3.3000000000000003,0.27410207939508624,4.999999999999556
5.372788922573453e-05,3.3000000000000003,0.27410207939508624,4.999999999999556
5.377788922573453e-05,3.3000000000000003,0.27410207939508624,4.999999999999556
5.3827889225734535e-05,3.3000000000000003,0.27410207939508624,4.999999999999556
5.3877889225734536e-05,3.3000000000000003,0.27410207939508624,4.999999999999556
5.392788922573454e-05,3.3000000000000003,0.27410207939508624,4.999999999999556
5.397788922573454e-05,3.3000000000000003,0.27410207939508624,4.999999999999556
5.402788922573454e-05,3.3000000000000003,0.27410207939508624,4.999999999999556
5.407788922573454e-05,3.3000000000000003,0.27410207939508624,4.999999999999556
5.412788922573454e-05,3.3000000000000003,0.27410207939508624,4.999999999999556
5.417788922573454e-05,3.3000000000000003,0.27410207939508624,4.999999999999556
5.4227889225734544e-05,3.3000000000000003,0.27410207939508624,4.999999999999556
5.4277889225734545e-05,3.3000000000000003,0.27410207939508624,4.999999999999556
5.432788922573455e-05,3.3000000000000003,0.27410207939508624,4.999999999999556
5.437788922573455e-05,3.3000000000000003,0.27410207939508624,4.999999999999556
5.442788922573455e-05,3.3000000000000003,0.27410207939508624,4.999999999999556
5.447788922573455e-05,3.3000000000000003,0.27410207939508624,4.999999999999556
5.452788922573455e-05,3.3000000000000003,0.27410207939508624,4.999999999999556
5.457788922573455e-05,3.3000000000000003,0.27410207939508624,4.999999999999556
5.4627889225734554e-05,3.3000000000000003,0.27410207939508624,4.999999999999556
5.4677889225734555e-05,3.3000000000000003,0.27410207939508624,4.999999999999556
5.4727889225734556e-05,3.3000000000000003,0.27410207939508624,4.999999999999556
5.477788922573456e-05,3.3000000000000003,0.27410207939508624,4.999999999999556
5.482788922573456e-05,3.3000000000000003,0.27410207939508624,4.999999999999556
5.487788922573456e-05,3.3000000000000003,0.27410207939508624,4.999999999999556
5.492788922573456e-05,3.3000000000000003,0.27410207939508624,4.999999999999556
5.497788922573456e-05,3.3000000000000003,0.27410207939508624,4.999999999999556
5.5027889225734564e-05,3.3000000000000003,0.27410207939508624,4.999999999999556
5.5077889225734565e-05,3.3000000000000003,0.27410207939508624,4.999999999999556
5.5127889225734566e-05,3.3000000000000003,0.27410207939508624,4.999999999999556
5.517788922573457e-05,3.3000000000000003,0.27410207939508624,4.999999999999556
5.522788922573457e-05,3.3000000000000003,0.27410207939508624,4.999999999999556
5.527788922573457e-05,3.3000000000000003,0.27410207939508624,4.999999999999556
5.532788922573457e-05,3.3000000000000003,0.27410207939508624,4.999999999999556
5.537788922573457e-05,3.3000000000000003,0.27410207939508624,4.999999999999556
5.5427889225734573e-05,3.3000000000000003,0.27410207939508624,4.999999999999556
5.5477889225734575e-05,3.3000000000000003,0.27410207939508624,4.999999999999556
5.5527889225734576e-05,3.3000000000000003,0.27410207939508624,4.999999999999556
5.557788922573458e-05,3.3000000000000003,0.27410207939508624,4.999999999999556
5.562788922573458e-05,3.3000000000000003,0.27410207939508624,4.999999999999556
5.567788922573458e-05,3.3000000000000003,0.27410207939508624,4.999999999999556
5.572788922573458e-05,3.3000000000000003,0.27410207939508624,4.999999999999556
5.577788922573458e-05,3.3000000000000003,0.27410207939508624,4.999999999999556
5.582788922573458e-05,3.3000000000000003,0.27410207939508624,4.999999999999556
5.5877889225734584e-05,3.3000000000000003,0.27410207939508624,4.999999999999556
5.5927889225734586e-05,3.3000000000000003,0.27410207939508624,4.999999999999556
5.597788922573459e-05,3.3000000000000003,0.27410207939508624,4.999999999999556
5.602788922573459e-05,3.3000000000000003,0.27410207939508624,4.999999999999556
5.607788922573459e-05,3.3000000000000003,0.27410207939508624,4.999999999999556
5.612788922573459e-05,3.3000000000000003,0.27410207939508624,4.999999999999556
5.617788922573459e-05,3.3000000000000003,0.27410207939508624,4.999999999999556
5.622788922573459e-05,3.3000000000000003,0.27410207939508624,4.999999999999556
5.6277889225734594e-05,3.3000000000000003,0.27410207939508624,4.999999999999556
5.6327889225734595e-05,3.3000000000000003,0.27410207939508624,4.999999999999556
5.6377889225734597e-05,3.3000000000000003,0.27410207939508624,4.999999999999556
5.64278892257346e-05,3.3000000000000003,0.27410207939508624,4.999999999999556
5.64778892257346e-05,3.3000000000000003,0.27410207939508624,4.999999999999556
5.65278892257346e-05,3.3000000000000003,0.27410207939508624,4.999999999999556
5.65778892257346e-05,3.3000000000000003,0.27410207939508624,4.999999999999556
5.66278892257346e-05,3.3000000000000003,0.27410207939508624,4.999999999999556
5.6677889225734604e-05,3.3000000000000003,0.27410207939508624,4.999999999999556
5.6727889225734605e-05,3.3000000000000003,0.27410207939508624,4.999999999999556
5.6777889225734606e-05,3.3000000000000003,0.27410207939508624,4.999999999999556
5.682788922573461e-05,3.3000000000000003,0.27410207939508624,4.999999999999556
5.687788922573461e-05,3.3000000000000003,0.27410207939508624,4.999999999999556
5.692788922573461e-05,3.3000000000000003,0.27410207939508624,4.999999999999556
5.697788922573461e-05,3.3000000000000003,0.27410207939508624,4.999999999999556
5.702788922573461e-05,3.3000000000000003,0.27410207939508624,4.999999999999556
5.7077889225734614e-05,3.3000000000000003,0.27410207939508624,4.999999999999556
5.7127889225734615e-05,3.3000000000000003,0.27410207939508624,4.999999999999556
5.7177889225734616e-05,3.3000000000000003,0.27410207939508624,4.999999999999556
5.722788922573462e-05,3.3000000000000003,0.27410207939508624,4.999999999999556
5.727788922573462e-05,3.3000000000000003,0.27410207939508624,4.999999999999556
5.732788922573462e-05,3.3000000000000003,0.27410207939508624,4.999999999999556
5.737788922573462e-05,3.3000000000000003,0.27410207939508624,4.999999999999556
5.742788922573462e-05,3.3000000000000003,0.27410207939508624,4.999999999999556
5.747788922573462e-05,3.3000000000000003,0.27410207939508624,4.999999999999556
5.7527889225734624e-05,3.3000000000000003,0.27410207939508624,4.999999999999556
5.7577889225734626e-05,3.3000000000000003,0.27410207939508624,4.999999999999556
5.762788922573463e-05,3.3000000000000003,0.27410207939508624,4.999999999999556
5.767788922573463e-05,3.3000000000000003,0.27410207939508624,4.999999999999556
5.772788922573463e-05,3.3000000000000003,0.27410207939508624,4.999999999999556
5.777788922573463e-05,3.3000000000000003,0.27410207939508624,4.999999999999556
5.782788922573463e-05,3.3000000000000003,0.27410207939508624,4.999999999999556
5.787788922573463e-05,3.3000000000000003,0.27410207939508624,4.999999999999556
5.7927889225734634e-05,3.3000000000000003,0.27410207939508624,4.999999999999556
5.7977889225734635e-05,3.3000000000000003,0.27410207939508624,4.999999999999556
5.802788922573464e-05,3.3000000000000003,0.27410207939508624,4.999999999999556
5.807788922573464e-05,3.3000000000000003,0.27410207939508624,4.999999999999556
5.812788922573464e-05,3.3000000000000003,0.27410207939508624,4.999999999999556
5.817788922573464e-05,3.3000000000000003,0.27410207939508624,4.999999999999556
5.822788922573464e-05,3.3000000000000003,0.27410207939508624,4.999999999999556
5.827788922573464e-05,3.3000000000000003,0.27410207939508624,4.999999999999556
5.8327889225734644e-05,3.3000000000000003,0.27410207939508624,4.999999999999556
5.8377889225734645e-05,3.3000000000000003,0.27410207939508624,4.999999999999556
5.8427889225734646e-05,3.3000000000000003,0.27410207939508624,4.999999999999556
5.847788922573465e-05,3.3000000000000003,0.27410207939508624,4.999999999999556
5.852788922573465e-05,3.3000000000000003,0.27410207939508624,4.999999999999556
5.857788922573465e-05,3.3000000000000003,0.27410207939508624,4.999999999999556
5.862788922573465e-05,3.3000000000000003,0.27410207939508624,4.999999999999556
5.867788922573465e-05,3.3000000000000003,0.27410207939508624,4.999999999999556
5.8727889225734654e-05,3.3000000000000003,0.27410207939508624,4.999999999999556
5.8777889225734655e-05,3.3000000000000003,0.27410207939508624,4.999999999999556
5.8827889225734656e-05,3.3000000000000003,0.27410207939508624,4.999999999999556
5.887788922573466e-05,3.3000000000000003,0.27410207939508624,4.999999999999556
5.892788922573466e-05,3.3000000000000003,0.27410207939508624,4.999999999999556
5.897788922573466e-05,3.3000000000000003,0.27410207939508624,4.999999999999556
5.902788922573466e-05,3.3000000000000003,0.27410207939508624,4.999999999999556
5.907788922573466e-05,3.3000000000000003,0.27410207939508624,4.999999999999556
5.912788922573466e-05,3.3000000000000003,0.27410207939508624,4.999999999999556
5.9177889225734665e-05,3.3000000000000003,0.27410207939508624,4.999999999999556
5.9227889225734666e-05,3.3000000000000003,0.27410207939508624,4.999999999999556
5.927788922573467e-05,3.3000000000000003,0.27410207939508624,4.999999999999556
5.932788922573467e-05,3.3000000000000003,0.27410207939508624,4.999999999999556
5.937788922573467e-05,3.3000000000000003,0.27410207939508624,4.999999999999556
5.942788922573467e-05,3.3000000000000003,0.27410207939508624,4.999999999999556
5.947788922573467e-05,3.3000000000000003,0.27410207939508624,4.999999999999556
5.952788922573467e-05,3.3000000000000003,0.27410207939508624,4.999999999999556
5.9577889225734674e-05,3.3000000000000003,0.27410207939508624,4.999999999999556
5.9627889225734676e-05,3.3000000000000003,0.27410207939508624,4.999999999999556
5.967788922573468e-05,3.3000000000000003,0.27410207939508624,4.999999999999556
5.972788922573468e-05,3.3000000000000003,0.27410207939508624,4.999999999999556
5.977788922573468e-05,3.3000000000000003,0.27410207939508624,4.999999999999556
5.982788922573468e-05,3.3000000000000003,0.27410207939508624,4.999999999999556
5.987788922573468e-05,3.3000000000000003,0.27410207939508624,4.999999999999556
5.992788922573468e-05,3.3000000000000003,0.27410207939508624,4.999999999999556
5.9977889225734684e-05,3.3000000000000003,0.27410207939508624,4.999999999999556
6.0027889225734685e-05,3.3000000000000003,0.27410207939508624,4.999999999999556
6.0077889225734686e-05,3.3000000000000003,0.27410207939508624,4.999999999999556
6.012788922573469e-05,3.3000000000000003,0.27410207939508624,4.999999999999556
6.017788922573469e-05,3.3000000000000003,0.27410207939508624,4.999999999999556
6.022788922573469e-05,3.3000000000000003,0.27410207939508624,4.999999999999556
6.027788922573469e-05,3.3000000000000003,0.27410207939508624,4.999999999999556
6.032788922573469e-05,3.3000000000000003,0.27410207939508624,4.999999999999556
6.0377889225734694e-05,3.3000000000000003,0.27410207939508624,4.999999999999556
6.0427889225734695e-05,3.3000000000000003,0.27410207939508624,4.999999999999556
6.0477889225734696e-05,3.3000000000000003,0.27410207939508624,4.999999999999556
6.05278892257347e-05,3.3000000000000003,0.27410207939508624,4.999999999999556
6.05778892257347e-05,3.3000000000000003,0.27410207939508624,4.999999999999556
6.06278892257347e-05,3.3000000000000003,0.27410207939508624,4.999999999999556
6.06778892257347e-05,3.3000000000000003,0.27410207939508624,4.999999999999556
6.07278892257347e-05,3.3000000000000003,0.27410207939508624,4.999999999999556
6.0777889225734703e-05,3.3000000000000003,0.27410207939508624,4.999999999999556
6.0827889225734705e-05,3.3000000000000003,0.27410207939508624,4.999999999999556
6.0877889225734706e-05,3.3000000000000003,0.27410207939508624,4.999999999999556
6.092788922573471e-05,3.3000000000000003,0.27410207939508624,4.999999999999556
6.097788922573471e-05,3.3000000000000003,0.27410207939508624,4.999999999999556
6.102788922573471e-05,3.3000000000000003,0.27410207939508624,4.999999999999556
6.107788922573471e-05,3.3000000000000003,0.27410207939508624,4.999999999999556
6.112788922573471e-05,3.3000000000000003,0.27410207939508624,4.999999999999556
6.117788922573471e-05,3.3000000000000003,0.27410207939508624,4.999999999999556
6.122788922573471e-05,3.3000000000000003,0.27410207939508624,4.999999999999556
6.127788922573472e-05,3.3000000000000003,0.27410207939508624,4.999999999999556
6.132788922573472e-05,3.3000000000000003,0.27410207939508624,4.999999999999556
6.137788922573472e-05,3.3000000000000003,0.27410207939508624,4.999999999999556
6.142788922573472e-05,3.3000000000000003,0.27410207939508624,4.999999999999556
6.147788922573472e-05,3.3000000000000003,0.27410207939508624,4.999999999999556
6.152788922573472e-05,3.3000000000000003,0.27410207939508624,4.999999999999556
6.157788922573472e-05,3.3000000000000003,0.27410207939508624,4.999999999999556
6.162788922573472e-05,3.3000000000000003,0.27410207939508624,4.999999999999556
6.167788922573473e-05,3.3000000000000003,0.27410207939508624,4.999999999999556
6.172788922573473e-05,3.3000000000000003,0.27410207939508624,4.999999999999556
6.177788922573473e-05,3.3000000000000003,0.27410207939508624,4.999999999999556
6.182788922573473e-05,3.3000000000000003,0.27410207939508624,4.999999999999556
6.187788922573473e-05,3.3000000000000003,0.27410207939508624,4.999999999999556
6.192788922573473e-05,3.3000000000000003,0.27410207939508624,4.999999999999556
6.197788922573473e-05,3.3000000000000003,0.27410207939508624,4.999999999999556
6.202788922573473e-05,3.3000000000000003,0.27410207939508624,4.999999999999556
6.207788922573474e-05,3.3000000000000003,0.27410207939508624,4.999999999999556
6.212788922573474e-05,3.3000000000000003,0.27410207939508624,4.999999999999556
6.217788922573474e-05,3.3000000000000003,0.27410207939508624,4.999999999999556
6.222788922573474e-05,3.3000000000000003,0.27410207939508624,4.999999999999556
6.227788922573474e-05,3.3000000000000003,0.27410207939508624,4.999999999999556
6.232788922573474e-05,3.3000000000000003,0.27410207939508624,4.999999999999556
6.237788922573474e-05,3.3000000000000003,0.27410207939508624,4.999999999999556
6.242788922573474e-05,3.3000000000000003,0.27410207939508624,4.999999999999556
6.247788922573474e-05,3.3000000000000003,0.27410207939508624,4.999999999999556
6.252788922573475e-05,3.3000000000000003,0.27410207939508624,4.999999999999556
6.257788922573475e-05,3.3000000000000003,0.27410207939508624,4.999999999999556
6.262788922573475e-05,3.3000000000000003,0.27410207939508624,4.999999999999556
6.267788922573475e-05,3.3000000000000003,0.27410207939508624,4.999999999999556
6.272788922573475e-05,3.3000000000000003,0.27410207939508624,4.999999999999556
6.277788922573475e-05,3.3000000000000003,0.27410207939508624,4.999999999999556
6.282788922573475e-05,3.3000000000000003,0.27410207939508624,4.999999999999556
6.287788922573475e-05,3.3000000000000003,0.27410207939508624,4.999999999999556
6.292788922573476e-05,3.3000000000000003,0.27410207939508624,4.999999999999556
6.297788922573476e-05,3.3000000000000003,0.27410207939508624,4.999999999999556
6.302788922573476e-05,3.3000000000000003,0.27410207939508624,4.999999999999556
6.307788922573476e-05,3.3000000000000003,0.27410207939508624,4.999999999999556
6.312788922573476e-05,3.3000000000000003,0.27410207939508624,4.999999999999556
6.317788922573476e-05,3.3000000000000003,0.27410207939508624,4.999999999999556
6.322788922573476e-05,3.3000000000000003,0.27410207939508624,4.999999999999556
6.327788922573476e-05,3.3000000000000003,0.27410207939508624,4.999999999999556
6.332788922573477e-05,3.3000000000000003,0.27410207939508624,4.999999999999556
6.337788922573477e-05,3.3000000000000003,0.27410207939508624,4.999999999999556
6.342788922573477e-05,3.3000000000000003,0.27410207939508624,4.999999999999556
6.347788922573477e-05,3.3000000000000003,0.27410207939508624,4.999999999999556
6.352788922573477e-05,3.3000000000000003,0.27410207939508624,4.999999999999556
6.357788922573477e-05,3.3000000000000003,0.27410207939508624,4.999999999999556
6.362788922573477e-05,3.3000000000000003,0.27410207939508624,4.999999999999556
6.367788922573477e-05,3.3000000000000003,0.27410207939508624,4.999999999999556
6.372788922573478e-05,3.3000000000000003,0.27410207939508624,4.999999999999556
6.377788922573478e-05,3.3000000000000003,0.27410207939508624,4.999999999999556
6.382788922573478e-05,3.3000000000000003,0.27410207939508624,4.999999999999556
6.387788922573478e-05,3.3000000000000003,0.27410207939508624,4.999999999999556
6.392788922573478e-05,3.3000000000000003,0.27410207939508624,4.999999999999556
6.397788922573478e-05,3.3000000000000003,0.27410207939508624,4.999999999999556
6.402788922573478e-05,3.3000000000000003,0.27410207939508624,4.999999999999556
6.407788922573478e-05,3.3000000000000003,0.27410207939508624,4.999999999999556
6.412788922573478e-05,3.3000000000000003,0.27410207939508624,4.999999999999556
6.417788922573479e-05,3.3000000000000003,0.27410207939508624,4.999999999999556
6.422788922573479e-05,3.3000000000000003,0.27410207939508624,4.999999999999556
6.427788922573479e-05,3.3000000000000003,0.27410207939508624,4.999999999999556
6.432788922573479e-05,3.3000000000000003,0.27410207939508624,4.999999999999556
6.437788922573479e-05,3.3000000000000003,0.27410207939508624,4.999999999999556
6.442788922573479e-05,3.3000000000000003,0.27410207939508624,4.999999999999556
6.44778892257348e-05,3.3000000000000003,0.27410207939508624,4.999999999999556
6.45278892257348e-05,3.3000000000000003,0.27410207939508624,4.999999999999556
6.45778892257348e-05,3.3000000000000003,0.27410207939508624,4.999999999999556
6.46278892257348e-05,3.3000000000000003,0.27410207939508624,4.999999999999556
6.46778892257348e-05,3.3000000000000003,0.27410207939508624,4.999999999999556
6.47278892257348e-05,3.3000000000000003,0.27410207939508624,4.999999999999556
6.47778892257348e-05,3.3000000000000003,0.27410207939508624,4.999999999999556
6.48278892257348e-05,3.3000000000000003,0.27410207939508624,4.999999999999556
6.48778892257348e-05,3.3000000000000003,0.27410207939508624,4.999999999999556
6.49278892257348e-05,3.3000000000000003,0.27410207939508624,4.999999999999556
6.49778892257348e-05,3.3000000000000003,0.27410207939508624,4.999999999999556
6.502788922573481e-05,3.3000000000000003,0.27410207939508624,4.999999999999556
6.507788922573481e-05,3.3000000000000003,0.27410207939508624,4.999999999999556
6.512788922573481e-05,3.3000000000000003,0.27410207939508624,4.999999999999556
6.517788922573481e-05,3.3000000000000003,0.27410207939508624,4.999999999999556
6.522788922573481e-05,3.3000000000000003,0.27410207939508624,4.999999999999556
6.527788922573481e-05,3.3000000000000003,0.27410207939508624,4.999999999999556
6.532788922573481e-05,3.3000000000000003,0.27410207939508624,4.999999999999556
6.537788922573482e-05,3.3000000000000003,0.27410207939508624,4.999999999999556
6.542788922573482e-05,3.3000000000000003,0.27410207939508624,4.999999999999556
6.547788922573482e-05,3.3000000000000003,0.27410207939508624,4.999999999999556
6.552788922573482e-05,3.3000000000000003,0.27410207939508624,4.999999999999556
6.557788922573482e-05,3.3000000000000003,0.27410207939508624,4.999999999999556
6.562788922573482e-05,3.3000000000000003,0.27410207939508624,4.999999999999556
6.567788922573482e-05,3.3000000000000003,0.27410207939508624,4.999999999999556
6.572788922573482e-05,3.3000000000000003,0.27410207939508624,4.999999999999556
6.577788922573483e-05,3.3000000000000003,0.27410207939508624,4.999999999999556
6.582788922573483e-05,3.3000000000000003,0.27410207939508624,4.999999999999556
6.587788922573483e-05,3.3000000000000003,0.27410207939508624,4.999999999999556
6.592788922573483e-05,3.3000000000000003,0.27410207939508624,4.999999999999556
6.597788922573483e-05,3.3000000000000003,0.27410207939508624,4.999999999999556
6.602788922573483e-05,3.3000000000000003,0.27410207939508624,4.999999999999556
6.607788922573483e-05,3.3000000000000003,0.27410207939508624,4.999999999999556
6.612788922573483e-05,3.3000000000000003,0.27410207939508624,4.999999999999556
6.617788922573483e-05,3.3000000000000003,0.27410207939508624,4.999999999999556
6.622788922573484e-05,3.3000000000000003,0.27410207939508624,4.999999999999556
6.627788922573484e-05,3.3000000000000003,0.27410207939508624,4.999999999999556
6.632788922573484e-05,3.3000000000000003,0.27410207939508624,4.999999999999556
6.637788922573484e-05,3.3000000000000003,0.27410207939508624,4.999999999999556
6.642788922573484e-05,3.3000000000000003,0.27410207939508624,4.999999999999556
6.647788922573484e-05,3.3000000000000003,0.27410207939508624,4.999999999999556
6.652788922573484e-05,3.3000000000000003,0.27410207939508624,4.999999999999556
6.657788922573484e-05,3.3000000000000003,0.27410207939508624,4.999999999999556
6.662788922573485e-05,3.3000000000000003,0.27410207939508624,4.999999999999556
6.667788922573485e-05,3.3000000000000003,0.27410207939508624,4.999999999999556
6.672788922573485e-05,3.3000000000000003,0.27410207939508624,4.999999999999556
6.677788922573485e-05,3.3000000000000003,0.27410207939508624,4.999999999999556
6.682788922573485e-05,3.3000000000000003,0.27410207939508624,4.999999999999556
6.687788922573485e-05,3.3000000000000003,0.27410207939508624,4.999999999999556
6.692788922573485e-05,3.3000000000000003,0.27410207939508624,4.999999999999556
6.697788922573485e-05,3.3000000000000003,0.27410207939508624,4.999999999999556
6.702788922573486e-05,3.3000000000000003,0.27410207939508624,4.999999999999556
6.707788922573486e-05,3.3000000000000003,0.27410207939508624,4.999999999999556
6.712788922573486e-05,3.3000000000000003,0.27410207939508624,4.999999999999556
6.717788922573486e-05,3.3000000000000003,0.27410207939508624,4.999999999999556
6.722788922573486e-05,3.3000000000000003,0.27410207939508624,4.999999999999556
6.727788922573486e-05,3.3000000000000003,0.27410207939508624,4.999999999999556
6.732788922573486e-05,3.3000000000000003,0.27410207939508624,4.999999999999556
6.737788922573486e-05,3.3000000000000003,0.27410207939508624,4.999999999999556
6.742788922573487e-05,3.3000000000000003,0.27410207939508624,4.999999999999556
6.747788922573487e-05,3.3000000000000003,0.27410207939508624,4.999999999999556
6.752788922573487e-05,3.3000000000000003,0.27410207939508624,4.999999999999556
6.757788922573487e-05,3.3000000000000003,0.27410207939508624,4.999999999999556
6.762788922573487e-05,3.3000000000000003,0.27410207939508624,4.999999999999556
6.767788922573487e-05,3.3000000000000003,0.27410207939508624,4.999999999999556
6.772788922573487e-05,3.3000000000000003,0.27410207939508624,4.999999999999556
6.777788922573487e-05,3.3000000000000003,0.27410207939508624,4.999999999999556
6.782788922573487e-05,3.3000000000000003,0.27410207939508624,4.999999999999556
6.787788922573488e-05,3.3000000000000003,0.27410207939508624,4.999999999999556
6.792788922573488e-05,3.3000000000000003,0.27410207939508624,4.999999999999556
6.797788922573488e-05,3.3000000000000003,0.27410207939508624,4.999999999999556
6.802788922573488e-05,3.3000000000000003,0.27410207939508624,4.999999999999556
6.807788922573488e-05,3.3000000000000003,0.27410207939508624,4.999999999999556
6.812788922573488e-05,3.3000000000000003,0.27410207939508624,4.999999999999556
6.817788922573488e-05,3.3000000000000003,0.27410207939508624,4.999999999999556
6.822788922573488e-05,3.3000000000000003,0.27410207939508624,4.999999999999556
6.827788922573489e-05,3.3000000000000003,0.27410207939508624,4.999999999999556
6.832788922573489e-05,3.3000000000000003,0.27410207939508624,4.999999999999556
6.837788922573489e-05,3.3000000000000003,0.27410207939508624,4.999999999999556
6.842788922573489e-05,3.3000000000000003,0.27410207939508624,4.999999999999556
6.847788922573489e-05,3.3000000000000003,0.27410207939508624,4.999999999999556
6.852788922573489e-05,3.3000000000000003,0.27410207939508624,4.999999999999556
6.857788922573489e-05,3.3000000000000003,0.27410207939508624,4.999999999999556
6.86278892257349e-05,3.3000000000000003,0.27410207939508624,4.999999999999556
6.86778892257349e-05,3.3000000000000003,0.27410207939508624,4.999999999999556
6.87278892257349e-05,3.3000000000000003,0.27410207939508624,4.999999999999556
6.87778892257349e-05,3.3000000000000003,0.27410207939508624,4.999999999999556
6.88278892257349e-05,3.3000000000000003,0.27410207939508624,4.999999999999556
6.88778892257349e-05,3.3000000000000003,0.27410207939508624,4.999999999999556
6.89278892257349e-05,3.3000000000000003,0.27410207939508624,4.999999999999556
6.89778892257349e-05,3.3000000000000003,0.27410207939508624,4.999999999999556
6.90278892257349e-05,3.3000000000000003,0.27410207939508624,4.999999999999556
6.90778892257349e-05,3.3000000000000003,0.27410207939508624,4.999999999999556
6.91278892257349e-05,3.3000000000000003,0.27410207939508624,4.999999999999556
6.917788922573491e-05,3.3000000000000003,0.27410207939508624,4.999999999999556
6.922788922573491e-05,3.3000000000000003,0.27410207939508624,4.999999999999556
6.927788922573491e-05,3.3000000000000003,0.27410207939508624,4.999999999999556
6.932788922573491e-05,3.3000000000000003,0.27410207939508624,4.999999999999556
6.937788922573491e-05,3.3000000000000003,0.27410207939508624,4.999999999999556
6.942788922573491e-05,3.3000000000000003,0.27410207939508624,4.999999999999556
6.947788922573491e-05,3.3000000000000003,0.27410207939508624,4.999999999999556
6.952788922573492e-05,3.3000000000000003,0.27410207939508624,4.999999999999556
6.957788922573492e-05,3.3000000000000003,0.27410207939508624,4.999999999999556
6.962788922573492e-05,3.3000000000000003,0.27410207939508624,4.999999999999556
6.967788922573492e-05,3.3000000000000003,0.27410207939508624,4.999999999999556
6.972788922573492e-05,3.3000000000000003,0.27410207939508624,4.999999999999556
6.977788922573492e-05,3.3000000000000003,0.27410207939508624,4.999999999999556
6.982788922573492e-05,3.3000000000000003,0.27410207939508624,4.999999999999556
6.987788922573492e-05,3.3000000000000003,0.27410207939508624,4.999999999999556
6.992788922573493e-05,3.3000000000000003,0.27410207939508624,4.999999999999556
6.996894461286745e-05,3.3000000000000003,0.2741020793950862,4.999999999999556
7.000999999999999e-05,3.3000000000000003,0.27410207939508613,4.999999999999555
7.001099999999999e-05,2.9700000000015128,0.27410207939508635,4.999999999999555
7.0013e-05,2.3100000000000653,0.27410207939530384,4.999999999999555
7.001593919803412e-05,1.3400646487379946,0.3927686731397407,4.999999999999555
7.001796959901706e-05,0.6700323243687336,0.5570216640467107,4.999999999999554
7.002e-05,0.0,0.7185857605560716,4.999999999999552
7.002040608019658e-05,0.0,0.7500669817011778,4.999999999999553
7.002121824058976e-05,0.0,0.8125664614143722,4.999999999999554
7.002284256137611e-05,0.0,0.93482819714459,4.999999999999554
7.002609120294881e-05,0.0,1.1687966218218784,4.999999999999553
7.00325884860942e-05,0.0,1.5974657655621027,4.999999999999552
7.0045583052385e-05,0.0,2.3185374523600832,4.999999999999553
7.00715721849666e-05,0.0,3.3461700408149193,4.999999999999556
7.01215721849666e-05,0.0,4.3821393106890145,4.999999999999557
7.01715721849666e-05,0.0,4.76917105094393,4.999999999999556
7.022157218496661e-05,0.0,4.913763725959236,4.999999999999556
7.027157218496661e-05,0.0,4.967782659017057,4.999999999999556
7.032157218496661e-05,0.0,4.987963799786437,4.999999999999556
7.037157218496661e-05,0.0,4.995503349712712,4.999999999999556
7.042157218496661e-05,0.0,4.998320079140467,4.999999999999556
7.047157218496661e-05,0.0,4.999372391910694,4.999999999999556
7.052157218496661e-05,0.0,4.9997655294820476,4.999999999999556
7.057157218496662e-05,0.0,4.999912403257964,4.999999999999556
7.062157218496662e-05,0.0,4.9999672743962735,4.999999999999556
7.067157218496662e-05,0.0,4.999987773915677,4.999999999999556
7.072157218496662e-05,0.0,4.9999954324099,4.999999999999556
7.077157218496662e-05,0.0,4.999998293576184,4.999999999999556
7.082157218496662e-05,0.0,4.999999362490291,4.999999999999556
7.087157218496662e-05,0.0,4.999999761830021,4.999999999999556
7.092157218496662e-05,0.0,4.999999911020884,4.999999999999556
7.097157218496663e-05,0.0,4.999999966757672,4.999999999999556
7.102157218496663e-05,0.0,4.999999987580593,4.999999999999556
7.107157218496663e-05,0.0,4.999999995359908,4.999999999999556
7.112157218496663e-05,0.0,4.999999998266211,4.999999999999556
7.117157218496663e-05,0.0,4.999999999351989,4.999999999999556
7.122157218496663e-05,0.0,4.99999999975763,4.999999999999556
7.127157218496663e-05,0.0,4.999999999909175,4.999999999999556
7.132157218496663e-05,0.0,4.99999999996579,4.999999999999556
7.137157218496664e-05,0.0,4.999999999986942,4.999999999999556
7.142157218496664e-05,0.0,4.999999999994843,4.999999999999556
7.147157218496664e-05,0.0,4.999999999997794,4.999999999999556
7.152157218496664e-05,0.0,4.999999999998897,4.999999999999556
7.157157218496664e-05,0.0,4.99999999999931,4.999999999999556
7.162157218496664e-05,0.0,4.9999999999994635,4.999999999999556
7.167157218496664e-05,0.0,4.999999999999521,4.999999999999556
7.172157218496664e-05,0.0,4.9999999999995435,4.999999999999556
7.177157218496664e-05,0.0,4.9999999999995515,4.999999999999556
7.182157218496665e-05,0.0,4.999999999999555,4.999999999999556
7.187157218496665e-05,0.0,4.999999999999555,4.999999999999556
7.192157218496665e-05,0.0,4.999999999999554,4.999999999999556
7.197157218496665e-05,0.0,4.999999999999554,4.999999999999556
7.202157218496665e-05,0.0,4.999999999999554,4.999999999999556
7.207157218496665e-05,0.0,4.999999999999554,4.999999999999556
7.212157218496665e-05,0.0,4.999999999999554,4.999999999999556
7.217157218496665e-05,0.0,4.999999999999554,4.999999999999556
7.222157218496666e-05,0.0,4.999999999999554,4.999999999999556
7.227157218496666e-05,0.0,4.999999999999554,4.999999999999556
7.232157218496666e-05,0.0,4.999999999999554,4.999999999999556
7.237157218496666e-05,0.0,4.999999999999554,4.999999999999556
7.242157218496666e-05,0.0,4.999999999999554,4.999999999999556
7.247157218496666e-05,0.0,4.999999999999554,4.999999999999556
7.252157218496666e-05,0.0,4.999999999999554,4.999999999999556
7.257157218496666e-05,0.0,4.999999999999554,4.999999999999556
7.262157218496667e-05,0.0,4.999999999999554,4.999999999999556
7.267157218496667e-05,0.0,4.999999999999554,4.999999999999556
7.272157218496667e-05,0.0,4.999999999999554,4.999999999999556
7.277157218496667e-05,0.0,4.999999999999554,4.999999999999556
7.282157218496667e-05,0.0,4.999999999999554,4.999999999999556
7.287157218496667e-05,0.0,4.999999999999554,4.999999999999556
7.292157218496667e-05,0.0,4.999999999999554,4.999999999999556
7.297157218496667e-05,0.0,4.999999999999554,4.999999999999556
7.302157218496668e-05,0.0,4.999999999999554,4.999999999999556
7.307157218496668e-05,0.0,4.999999999999554,4.999999999999556
7.312157218496668e-05,0.0,4.999999999999554,4.999999999999556
7.317157218496668e-05,0.0,4.999999999999554,4.999999999999556
7.322157218496668e-05,0.0,4.999999999999554,4.999999999999556
7.327157218496668e-05,0.0,4.999999999999554,4.999999999999556
7.332157218496668e-05,0.0,4.999999999999554,4.999999999999556
7.337157218496668e-05,0.0,4.999999999999554,4.999999999999556
7.342157218496668e-05,0.0,4.999999999999554,4.999999999999556
7.347157218496669e-05,0.0,4.999999999999554,4.999999999999556
7.352157218496669e-05,0.0,4.999999999999554,4.999999999999556
7.357157218496669e-05,0.0,4.999999999999554,4.999999999999556
7.362157218496669e-05,0.0,4.999999999999554,4.999999999999556
7.367157218496669e-05,0.0,4.999999999999554,4.999999999999556
7.372157218496669e-05,0.0,4.999999999999554,4.999999999999556
7.37715721849667e-05,0.0,4.999999999999554,4.999999999999556
7.38215721849667e-05,0.0,4.999999999999554,4.999999999999556
7.38715721849667e-05,0.0,4.999999999999554,4.999999999999556
7.39215721849667e-05,0.0,4.999999999999554,4.999999999999556
7.39715721849667e-05,0.0,4.999999999999554,4.999999999999556
7.40215721849667e-05,0.0,4.999999999999554,4.999999999999556
7.40715721849667e-05,0.0,4.999999999999554,4.999999999999556
7.41215721849667e-05,0.0,4.999999999999554,4.999999999999556
7.41715721849667e-05,0.0,4.999999999999554,4.999999999999556
7.42215721849667e-05,0.0,4.999999999999554,4.999999999999556
7.42715721849667e-05,0.0,4.999999999999554,4.999999999999556
7.432157218496671e-05,0.0,4.999999999999554,4.999999999999556
7.437157218496671e-05,0.0,4.999999999999554,4.999999999999556
7.442157218496671e-05,0.0,4.999999999999554,4.999999999999556
7.447157218496671e-05,0.0,4.999999999999554,4.999999999999556
7.452157218496671e-05,0.0,4.999999999999554,4.999999999999556
7.457157218496671e-05,0.0,4.999999999999554,4.999999999999556
7.462157218496671e-05,0.0,4.999999999999554,4.999999999999556
7.467157218496672e-05,0.0,4.999999999999554,4.999999999999556
7.472157218496672e-05,0.0,4.999999999999554,4.999999999999556
7.477157218496672e-05,0.0,4.999999999999554,4.999999999999556
7.482157218496672e-05,0.0,4.999999999999554,4.999999999999556
7.487157218496672e-05,0.0,4.999999999999554,4.999999999999556
7.492157218496672e-05,0.0,4.999999999999554,4.999999999999556
7.497157218496672e-05,0.0,4.999999999999554,4.999999999999556
7.502157218496672e-05,0.0,4.999999999999554,4.999999999999556
7.507157218496673e-05,0.0,4.999999999999554,4.999999999999556
7.512157218496673e-05,0.0,4.999999999999554,4.999999999999556
7.517157218496673e-05,0.0,4.999999999999554,4.999999999999556
7.522157218496673e-05,0.0,4.999999999999554,4.999999999999556
7.527157218496673e-05,0.0,4.999999999999554,4.999999999999556
7.532157218496673e-05,0.0,4.999999999999554,4.999999999999556
7.537157218496673e-05,0.0,4.999999999999554,4.999999999999556
7.542157218496673e-05,0.0,4.999999999999554,4.999999999999556
7.547157218496673e-05,0.0,4.999999999999554,4.999999999999556
7.552157218496674e-05,0.0,4.999999999999554,4.999999999999556
7.557157218496674e-05,0.0,4.999999999999554,4.999999999999556
7.562157218496674e-05,0.0,4.999999999999554,4.999999999999556
7.567157218496674e-05,0.0,4.999999999999554,4.999999999999556
7.572157218496674e-05,0.0,4.999999999999554,4.999999999999556
7.577157218496674e-05,0.0,4.999999999999554,4.999999999999556
7.582157218496674e-05,0.0,4.999999999999554,4.999999999999556
7.587157218496674e-05,0.0,4.999999999999554,4.999999999999556
7.592157218496675e-05,0.0,4.999999999999554,4.999999999999556
7.597157218496675e-05,0.0,4.999999999999554,4.999999999999556
7.602157218496675e-05,0.0,4.999999999999554,4.999999999999556
7.607157218496675e-05,0.0,4.999999999999554,4.999999999999556
7.612157218496675e-05,0.0,4.999999999999554,4.999999999999556
7.617157218496675e-05,0.0,4.999999999999554,4.999999999999556
7.622157218496675e-05,0.0,4.999999999999554,4.999999999999556
7.627157218496675e-05,0.0,4.999999999999554,4.999999999999556
7.632157218496676e-05,0.0,4.999999999999554,4.999999999999556
7.637157218496676e-05,0.0,4.999999999999554,4.999999999999556
7.642157218496676e-05,0.0,4.999999999999554,4.999999999999556
7.647157218496676e-05,0.0,4.999999999999554,4.999999999999556
7.652157218496676e-05,0.0,4.999999999999554,4.999999999999556
7.657157218496676e-05,0.0,4.999999999999554,4.999999999999556
7.662157218496676e-05,0.0,4.999999999999554,4.999999999999556
7.667157218496676e-05,0.0,4.999999999999554,4.999999999999556
7.672157218496677e-05,0.0,4.999999999999554,4.999999999999556
7.677157218496677e-05,0.0,4.999999999999554,4.999999999999556
7.682157218496677e-05,0.0,4.999999999999554,4.999999999999556
7.687157218496677e-05,0.0,4.999999999999554,4.999999999999556
7.692157218496677e-05,0.0,4.999999999999554,4.999999999999556
7.697157218496677e-05,0.0,4.999999999999554,4.999999999999556
7.702157218496677e-05,0.0,4.999999999999554,4.999999999999556
7.707157218496677e-05,0.0,4.999999999999554,4.999999999999556
7.712157218496677e-05,0.0,4.999999999999554,4.999999999999556
7.717157218496678e-05,0.0,4.999999999999554,4.999999999999556
7.722157218496678e-05,0.0,4.999999999999554,4.999999999999556
7.727157218496678e-05,0.0,4.999999999999554,4.999999999999556
7.732157218496678e-05,0.0,4.999999999999554,4.999999999999556
7.737157218496678e-05,0.0,4.999999999999554,4.999999999999556
7.742157218496678e-05,0.0,4.999999999999554,4.999999999999556
7.747157218496678e-05,0.0,4.999999999999554,4.999999999999556
7.752157218496678e-05,0.0,4.999999999999554,4.999999999999556
7.757157218496679e-05,0.0,4.999999999999554,4.999999999999556
7.762157218496679e-05,0.0,4.999999999999554,4.999999999999556
7.767157218496679e-05,0.0,4.999999999999554,4.999999999999556
7.772157218496679e-05,0.0,4.999999999999554,4.999999999999556
7.777157218496679e-05,0.0,4.999999999999554,4.999999999999556
7.782157218496679e-05,0.0,4.999999999999554,4.999999999999556
7.787157218496679e-05,0.0,4.999999999999554,4.999999999999556
7.79215721849668e-05,0.0,4.999999999999554,4.999999999999556
7.79715721849668e-05,0.0,4.999999999999554,4.999999999999556
7.80215721849668e-05,0.0,4.999999999999554,4.999999999999556
7.80715721849668e-05,0.0,4.999999999999554,4.999999999999556
7.81215721849668e-05,0.0,4.999999999999554,4.999999999999556
7.81715721849668e-05,0.0,4.999999999999554,4.999999999999556
7.82215721849668e-05,0.0,4.999999999999554,4.999999999999556
7.82715721849668e-05,0.0,4.999999999999554,4.999999999999556
7.83215721849668e-05,0.0,4.999999999999554,4.999999999999556
7.83715721849668e-05,0.0,4.999999999999554,4.999999999999556
7.84215721849668e-05,0.0,4.999999999999554,4.999999999999556
7.847157218496681e-05,0.0,4.999999999999554,4.999999999999556
7.852157218496681e-05,0.0,4.999999999999554,4.999999999999556
7.857157218496681e-05,0.0,4.999999999999554,4.999999999999556
7.862157218496681e-05,0.0,4.999999999999554,4.999999999999556
7.867157218496681e-05,0.0,4.999999999999554,4.999999999999556
7.872157218496681e-05,0.0,4.999999999999554,4.999999999999556
7.877157218496681e-05,0.0,4.999999999999554,4.999999999999556
7.882157218496682e-05,0.0,4.999999999999554,4.999999999999556
7.887157218496682e-05,0.0,4.999999999999554,4.999999999999556
7.892157218496682e-05,0.0,4.999999999999554,4.999999999999556
7.897157218496682e-05,0.0,4.999999999999554,4.999999999999556
7.902157218496682e-05,0.0,4.999999999999554,4.999999999999556
7.907157218496682e-05,0.0,4.999999999999554,4.999999999999556
7.912157218496682e-05,0.0,4.999999999999554,4.999999999999556
7.917157218496682e-05,0.0,4.999999999999554,4.999999999999556
7.922157218496683e-05,0.0,4.999999999999554,4.999999999999556
7.927157218496683e-05,0.0,4.999999999999554,4.999999999999556
7.932157218496683e-05,0.0,4.999999999999554,4.999999999999556
7.937157218496683e-05,0.0,4.999999999999554,4.999999999999556
7.942157218496683e-05,0.0,4.999999999999554,4.999999999999556
7.947157218496683e-05,0.0,4.999999999999554,4.999999999999556
7.952157218496683e-05,0.0,4.999999999999554,4.999999999999556
7.957157218496683e-05,0.0,4.999999999999554,4.999999999999556
7.962157218496684e-05,0.0,4.999999999999554,4.999999999999556
7.967157218496684e-05,0.0,4.999999999999554,4.999999999999556
7.972157218496684e-05,0.0,4.999999999999554,4.999999999999556
7.977157218496684e-05,0.0,4.999999999999554,4.999999999999556
7.982157218496684e-05,0.0,4.999999999999554,4.999999999999556
7.987157218496684e-05,0.0,4.999999999999554,4.999999999999556
7.992157218496684e-05,0.0,4.999999999999554,4.999999999999556
7.997157218496684e-05,0.0,4.999999999999554,4.999999999999556
8.002157218496685e-05,0.0,4.999999999999554,4.999999999999556
8.007157218496685e-05,0.0,4.999999999999554,4.999999999999556
8.012157218496685e-05,0.0,4.999999999999554,4.999999999999556
8.017157218496685e-05,0.0,4.999999999999554,4.999999999999556
8.022157218496685e-05,0.0,4.999999999999554,4.999999999999556
8.027157218496685e-05,0.0,4.999999999999554,4.999999999999556
8.032157218496685e-05,0.0,4.999999999999554,4.999999999999556
8.037157218496685e-05,0.0,4.999999999999554,4.999999999999556
8.042157218496686e-05,0.0,4.999999999999554,4.999999999999556
8.047157218496686e-05,0.0,4.999999999999554,4.999999999999556
8.052157218496686e-05,0.0,4.999999999999554,4.999999999999556
8.057157218496686e-05,0.0,4.999999999999554,4.999999999999556
8.062157218496686e-05,0.0,4.999999999999554,4.999999999999556
8.067157218496686e-05,0.0,4.999999999999554,4.999999999999556
8.072157218496686e-05,0.0,4.999999999999554,4.999999999999556
8.077157218496686e-05,0.0,4.999999999999554,4.999999999999556
8.082157218496686e-05,0.0,4.999999999999554,4.999999999999556
8.087157218496687e-05,0.0,4.999999999999554,4.999999999999556
8.092157218496687e-05,0.0,4.999999999999554,4.999999999999556
8.097157218496687e-05,0.0,4.999999999999554,4.999999999999556
8.102157218496687e-05,0.0,4.999999999999554,4.999999999999556
8.107157218496687e-05,0.0,4.999999999999554,4.999999999999556
8.112157218496687e-05,0.0,4.999999999999554,4.999999999999556
8.117157218496687e-05,0.0,4.999999999999554,4.999999999999556
8.122157218496687e-05,0.0,4.999999999999554,4.999999999999556
8.127157218496688e-05,0.0,4.999999999999554,4.999999999999556
8.132157218496688e-05,0.0,4.999999999999554,4.999999999999556
8.137157218496688e-05,0.0,4.999999999999554,4.999999999999556
8.142157218496688e-05,0.0,4.999999999999554,4.999999999999556
8.147157218496688e-05,0.0,4.999999999999554,4.999999999999556
8.152157218496688e-05,0.0,4.999999999999554,4.999999999999556
8.157157218496688e-05,0.0,4.999999999999554,4.999999999999556
8.162157218496688e-05,0.0,4.999999999999554,4.999999999999556
8.167157218496689e-05,0.0,4.999999999999554,4.999999999999556
8.172157218496689e-05,0.0,4.999999999999554,4.999999999999556
8.177157218496689e-05,0.0,4.999999999999554,4.999999999999556
8.182157218496689e-05,0.0,4.999999999999554,4.999999999999556
8.187157218496689e-05,0.0,4.999999999999554,4.999999999999556
8.192157218496689e-05,0.0,4.999999999999554,4.999999999999556
8.197157218496689e-05,0.0,4.999999999999554,4.999999999999556
8.20215721849669e-05,0.0,4.999999999999554,4.999999999999556
8.20715721849669e-05,0.0,4.999999999999554,4.999999999999556
8.21215721849669e-05,0.0,4.999999999999554,4.999999999999556
8.21715721849669e-05,0.0,4.999999999999554,4.999999999999556
8.22215721849669e-05,0.0,4.999999999999554,4.999999999999556
8.22715721849669e-05,0.0,4.999999999999554,4.999999999999556
8.23215721849669e-05,0.0,4.999999999999554,4.999999999999556
8.23715721849669e-05,0.0,4.999999999999554,4.999999999999556
8.24215721849669e-05,0.0,4.999999999999554,4.999999999999556
8.24715721849669e-05,0.0,4.999999999999554,4.999999999999556
8.25215721849669e-05,0.0,4.999999999999554,4.999999999999556
8.257157218496691e-05,0.0,4.999999999999554,4.999999999999556
8.262157218496691e-05,0.0,4.999999999999554,4.999999999999556
8.267157218496691e-05,0.0,4.999999999999554,4.999999999999556
8.272157218496691e-05,0.0,4.999999999999554,4.999999999999556
8.277157218496691e-05,0.0,4.999999999999554,4.999999999999556
8.282157218496691e-05,0.0,4.999999999999554,4.999999999999556
8.287157218496691e-05,0.0,4.999999999999554,4.999999999999556
8.292157218496692e-05,0.0,4.999999999999554,4.999999999999556
8.297157218496692e-05,0.0,4.999999999999554,4.999999999999556
8.302157218496692e-05,0.0,4.999999999999554,4.999999999999556
8.307157218496692e-05,0.0,4.999999999999554,4.999999999999556
8.312157218496692e-05,0.0,4.999999999999554,4.999999999999556
8.317157218496692e-05,0.0,4.999999999999554,4.999999999999556
8.322157218496692e-05,0.0,4.999999999999554,4.999999999999556
8.327157218496692e-05,0.0,4.999999999999554,4.999999999999556
8.332157218496693e-05,0.0,4.999999999999554,4.999999999999556
8.337157218496693e-05,0.0,4.999999999999554,4.999999999999556
8.342157218496693e-05,0.0,4.999999999999554,4.999999999999556
8.347157218496693e-05,0.0,4.999999999999554,4.999999999999556
8.352157218496693e-05,0.0,4.999999999999554,4.999999999999556
8.357157218496693e-05,0.0,4.999999999999554,4.999999999999556
8.362157218496693e-05,0.0,4.999999999999554,4.999999999999556
8.367157218496693e-05,0.0,4.999999999999554,4.999999999999556
8.372157218496694e-05,0.0,4.999999999999554,4.999999999999556
8.377157218496694e-05,0.0,4.999999999999554,4.999999999999556
8.382157218496694e-05,0.0,4.999999999999554,4.999999999999556
8.387157218496694e-05,0.0,4.999999999999554,4.999999999999556
8.392157218496694e-05,0.0,4.999999999999554,4.999999999999556
8.397157218496694e-05,0.0,4.999999999999554,4.999999999999556
8.402157218496694e-05,0.0,4.999999999999554,4.999999999999556
8.407157218496694e-05,0.0,4.999999999999554,4.999999999999556
8.412157218496695e-05,0.0,4.999999999999554,4.999999999999556
8.417157218496695e-05,0.0,4.999999999999554,4.999999999999556
8.422157218496695e-05,0.0,4.999999999999554,4.999999999999556
8.427157218496695e-05,0.0,4.999999999999554,4.999999999999556
8.432157218496695e-05,0.0,4.999999999999554,4.999999999999556
8.437157218496695e-05,0.0,4.999999999999554,4.999999999999556
8.442157218496695e-05,0.0,4.999999999999554,4.999999999999556
8.447157218496695e-05,0.0,4.999999999999554,4.999999999999556
8.452157218496695e-05,0.0,4.999999999999554,4.999999999999556
8.457157218496696e-05,0.0,4.999999999999554,4.999999999999556
8.462157218496696e-05,0.0,4.999999999999554,4.999999999999556
8.467157218496696e-05,0.0,4.999999999999554,4.999999999999556
8.472157218496696e-05,0.0,4.999999999999554,4.999999999999556
8.477157218496696e-05,0.0,4.999999999999554,4.999999999999556
8.482157218496696e-05,0.0,4.999999999999554,4.999999999999556
8.487157218496696e-05,0.0,4.999999999999554,4.999999999999556
8.492157218496696e-05,0.0,4.999999999999554,4.999999999999556
8.497157218496697e-05,0.0,4.999999999999554,4.999999999999556
8.502157218496697e-05,0.0,4.999999999999554,4.999999999999556
8.507157218496697e-05,0.0,4.999999999999554,4.999999999999556
8.512157218496697e-05,0.0,4.999999999999554,4.999999999999556
8.517157218496697e-05,0.0,4.999999999999554,4.999999999999556
8.522157218496697e-05,0.0,4.999999999999554,4.999999999999556
8.527157218496697e-05,0.0,4.999999999999554,4.999999999999556
8.532157218496697e-05,0.0,4.999999999999554,4.999999999999556
8.537157218496698e-05,0.0,4.999999999999554,4.999999999999556
8.542157218496698e-05,0.0,4.999999999999554,4.999999999999556
8.547157218496698e-05,0.0,4.999999999999554,4.999999999999556
8.552157218496698e-05,0.0,4.999999999999554,4.999999999999556
8.557157218496698e-05,0.0,4.999999999999554,4.999999999999556
8.562157218496698e-05,0.0,4.999999999999554,4.999999999999556
8.567157218496698e-05,0.0,4.999999999999554,4.999999999999556
8.572157218496698e-05,0.0,4.999999999999554,4.999999999999556
8.577157218496699e-05,0.0,4.999999999999554,4.999999999999556
8.582157218496699e-05,0.0,4.999999999999554,4.999999999999556
8.587157218496699e-05,0.0,4.999999999999554,4.999999999999556
8.592157218496699e-05,0.0,4.999999999999554,4.999999999999556
8.597157218496699e-05,0.0,4.999999999999554,4.999999999999556
8.602157218496699e-05,0.0,4.999999999999554,4.999999999999556
8.607157218496699e-05,0.0,4.999999999999554,4.999999999999556
8.6121572184967e-05,0.0,4.999999999999554,4.999999999999556
8.6171572184967e-05,0.0,4.999999999999554,4.999999999999556
8.6221572184967e-05,0.0,4.999999999999554,4.999999999999556
8.6271572184967e-05,0.0,4.999999999999554,4.999999999999556
8.6321572184967e-05,0.0,4.999999999999554,4.999999999999556
8.6371572184967e-05,0.0,4.999999999999554,4.999999999999556
8.6421572184967e-05,0.0,4.999999999999554,4.999999999999556
8.6471572184967e-05,0.0,4.999999999999554,4.999999999999556
8.6521572184967e-05,0.0,4.999999999999554,4.999999999999556
8.6571572184967e-05,0.0,4.999999999999554,4.999999999999556
8.6621572184967e-05,0.0,4.999999999999554,4.999999999999556
8.667157218496701e-05,0.0,4.999999999999554,4.999999999999556
8.672157218496701e-05,0.0,4.999999999999554,4.999999999999556
8.677157218496701e-05,0.0,4.999999999999554,4.999999999999556
8.682157218496701e-05,0.0,4.999999999999554,4.999999999999556
8.687157218496701e-05,0.0,4.999999999999554,4.999999999999556
8.692157218496701e-05,0.0,4.999999999999554,4.999999999999556
8.697157218496701e-05,0.0,4.999999999999554,4.999999999999556
8.702157218496702e-05,0.0,4.999999999999554,4.999999999999556
8.707157218496702e-05,0.0,4.999999999999554,4.999999999999556
8.712157218496702e-05,0.0,4.999999999999554,4.999999999999556
8.717157218496702e-05,0.0,4.999999999999554,4.999999999999556
8.722157218496702e-05,0.0,4.999999999999554,4.999999999999556
8.727157218496702e-05,0.0,4.999999999999554,4.999999999999556
8.732157218496702e-05,0.0,4.999999999999554,4.999999999999556
8.737157218496702e-05,0.0,4.999999999999554,4.999999999999556
8.742157218496703e-05,0.0,4.999999999999554,4.999999999999556
8.747157218496703e-05,0.0,4.999999999999554,4.999999999999556
8.752157218496703e-05,0.0,4.999999999999554,4.999999999999556
8.757157218496703e-05,0.0,4.999999999999554,4.999999999999556
8.762157218496703e-05,0.0,4.999999999999554,4.999999999999556
8.767157218496703e-05,0.0,4.999999999999554,4.999999999999556
8.772157218496703e-05,0.0,4.999999999999554,4.999999999999556
8.777157218496703e-05,0.0,4.999999999999554,4.999999999999556
8.782157218496703e-05,0.0,4.999999999999554,4.999999999999556
8.787157218496704e-05,0.0,4.999999999999554,4.999999999999556
8.792157218496704e-05,0.0,4.999999999999554,4.999999999999556
8.797157218496704e-05,0.0,4.999999999999554,4.999999999999556
8.802157218496704e-05,0.0,4.999999999999554,4.999999999999556
8.807157218496704e-05,0.0,4.999999999999554,4.999999999999556
8.812157218496704e-05,0.0,4.999999999999554,4.999999999999556
8.817157218496704e-05,0.0,4.999999999999554,4.999999999999556
8.822157218496704e-05,0.0,4.999999999999554,4.999999999999556
8.827157218496705e-05,0.0,4.999999999999554,4.999999999999556
8.832157218496705e-05,0.0,4.999999999999554,4.999999999999556
8.837157218496705e-05,0.0,4.999999999999554,4.999999999999556
8.842157218496705e-05,0.0,4.999999999999554,4.999999999999556
8.847157218496705e-05,0.0,4.999999999999554,4.999999999999556
8.852157218496705e-05,0.0,4.999999999999554,4.999999999999556
8.857157218496705e-05,0.0,4.999999999999554,4.999999999999556
8.862157218496705e-05,0.0,4.999999999999554,4.999999999999556
8.867157218496706e-05,0.0,4.999999999999554,4.999999999999556
8.872157218496706e-05,0.0,4.999999999999554,4.999999999999556
8.877157218496706e-05,0.0,4.999999999999554,4.999999999999556
8.882157218496706e-05,0.0,4.999999999999554,4.999999999999556
8.887157218496706e-05,0.0,4.999999999999554,4.999999999999556
8.892157218496706e-05,0.0,4.999999999999554,4.999999999999556
8.897157218496706e-05,0.0,4.999999999999554,4.999999999999556
8.902157218496706e-05,0.0,4.999999999999554,4.999999999999556
8.907157218496707e-05,0.0,4.999999999999554,4.999999999999556
8.912157218496707e-05,0.0,4.999999999999554,4.999999999999556
8.917157218496707e-05,0.0,4.999999999999554,4.999999999999556
8.922157218496707e-05,0.0,4.999999999999554,4.999999999999556
8.927157218496707e-05,0.0,4.999999999999554,4.999999999999556
8.932157218496707e-05,0.0,4.999999999999554,4.999999999999556
8.937157218496707e-05,0.0,4.999999999999554,4.999999999999556
8.942157218496707e-05,0.0,4.999999999999554,4.999999999999556
8.947157218496708e-05,0.0,4.999999999999554,4.999999999999556
8.952157218496708e-05,0.0,4.999999999999554,4.999999999999556
8.957157218496708e-05,0.0,4.999999999999554,4.999999999999556
8.962157218496708e-05,0.0,4.999999999999554,4.999999999999556
8.967157218496708e-05,0.0,4.999999999999554,4.999999999999556
8.972157218496708e-05,0.0,4.999999999999554,4.999999999999556
8.977157218496708e-05,0.0,4.999999999999554,4.999999999999556
8.982157218496708e-05,0.0,4.999999999999554,4.999999999999556
8.987157218496708e-05,0.0,4.999999999999554,4.999999999999556
8.992157218496709e-05,0.0,4.999999999999554,4.999999999999556
8.996078609248355e-05,0.0,4.999999999999553,4.999999999999556
8.999999999999999e-05,0.0,4.999999999999552,4.999999999999555
9.0001e-05,0.3300000000007236,4.999999999993776,4.999999999999556
9.0003e-05,0.9900000000021708,4.9999969148026775,4.999999999999557
9.000649999999999e-05,2.144999999997995,4.853796993012249,4.999999999999556
9.000999999999999e-05,3.299999999998292,4.570452591449793,4.999999999999555
9.001069999999998e-05,3.3000000000000003,4.516284312793763,4.999999999999555
9.001209999999998e-05,3.3000000000000003,4.409313660057843,4.999999999999555
9.001489999999998e-05,3.3000000000000003,4.203363699624376,4.999999999999554
9.002049999999996e-05,3.3000000000000003,3.8214875063069007,4.999999999999553
9.003169999999995e-05,3.3000000000000003,3.163916448522283,4.999999999999555
9.005409999999991e-05,3.3000000000000003,2.1834342596948044,4.999999999999555
9.009889999999984e-05,3.3000000000000003,1.0757209599977418,4.999999999999555
9.014351774037722e-05,3.3000000000000003,0.6120005637666779,4.999999999999557
9.01864027994014e-05,3.3000000000000003,0.42198959091292243,4.999999999999558
9.02278892257343e-05,3.3000000000000003,0.3407954446067843,4.999999999999558
9.02778892257343e-05,3.3000000000000003,0.29901830997447143,4.999999999999558
9.03278892257343e-05,3.3000000000000003,0.2834106297181128,4.999999999999558
9.03778892257343e-05,3.3000000000000003,0.2775796964784667,4.999999999999558
9.04278892257343e-05,3.3000000000000003,0.275401295724046,4.999999999999558
9.04778892257343e-05,3.3000000000000003,0.2745874586156745,4.999999999999558
9.05278892257343e-05,3.3000000000000003,0.27428341408318047,4.999999999999558
9.05778892257343e-05,3.3000000000000003,0.2741698249179917,4.999999999999558
9.06278892257343e-05,3.3000000000000003,0.2741273887053013,4.999999999999558
9.06778892257343e-05,3.3000000000000003,0.2741115347975407,4.999999999999558
9.07278892257343e-05,3.3000000000000003,0.2741056118752216,4.999999999999558
9.077788922573431e-05,3.3000000000000003,0.2741033991079135,4.999999999999558
9.082788922573431e-05,3.3000000000000003,0.27410257243167224,4.999999999999558
9.087788922573431e-05,3.3000000000000003,0.2741022635905187,4.999999999999558
9.092788922573431e-05,3.3000000000000003,0.2741021482093655,4.999999999999558
9.097788922573431e-05,3.3000000000000003,0.2741021051036772,4.999999999999558
9.102788922573431e-05,3.3000000000000003,0.27410208899965754,4.999999999999558
9.107788922573432e-05,3.3000000000000003,0.2741020829832949,4.999999999999558
9.112788922573432e-05,3.3000000000000003,0.27410208073561887,4.999999999999558
9.117788922573432e-05,3.3000000000000003,0.2741020798959009,4.999999999999558
9.122788922573432e-05,3.3000000000000003,0.27410207958218746,4.999999999999558
9.127788922573432e-05,3.3000000000000003,0.274102079464986,4.999999999999558
9.132788922573432e-05,3.3000000000000003,0.27410207942120024,4.999999999999558
9.137788922573432e-05,3.3000000000000003,0.27410207940484216,4.999999999999558
9.142788922573432e-05,3.3000000000000003,0.2741020793987309,4.999999999999558
9.147788922573432e-05,3.3000000000000003,0.27410207939644776,4.999999999999558
9.152788922573433e-05,3.3000000000000003,0.27410207939559483,4.999999999999558
9.157788922573433e-05,3.3000000000000003,0.2741020793952762,4.999999999999558
9.162788922573433e-05,3.3000000000000003,0.2741020793951571,4.999999999999558
9.167788922573433e-05,3.3000000000000003,0.27410207939511266,4.999999999999558
9.172788922573433e-05,3.3000000000000003,0.27410207939509607,4.999999999999558
9.177788922573433e-05,3.3000000000000003,0.27410207939508985,4.999999999999558
9.182788922573433e-05,3.3000000000000003,0.2741020793950875,4.999999999999558
9.187788922573433e-05,3.3000000000000003,0.27410207939508663,4.999999999999558
9.192788922573434e-05,3.3000000000000003,0.2741020793950863,4.999999999999558
9.197788922573434e-05,3.3000000000000003,0.2741020793950862,4.999999999999558
9.202788922573434e-05,3.3000000000000003,0.2741020793950862,4.999999999999558
9.207788922573434e-05,3.3000000000000003,0.2741020793950862,4.999999999999558
9.212788922573434e-05,3.3000000000000003,0.2741020793950862,4.999999999999558
9.217788922573434e-05,3.3000000000000003,0.2741020793950862,4.999999999999558
9.222788922573434e-05,3.3000000000000003,0.2741020793950862,4.999999999999558
9.227788922573434e-05,3.3000000000000003,0.2741020793950862,4.999999999999558
9.232788922573435e-05,3.3000000000000003,0.2741020793950862,4.999999999999558
9.237788922573435e-05,3.3000000000000003,0.2741020793950862,4.999999999999558
9.242788922573435e-05,3.3000000000000003,0.2741020793950862,4.999999999999558
9.247788922573435e-05,3.3000000000000003,0.2741020793950862,4.999999999999558
9.252788922573435e-05,3.3000000000000003,0.2741020793950862,4.999999999999558
9.257788922573435e-05,3.3000000000000003,0.2741020793950862,4.999999999999558
9.262788922573435e-05,3.3000000000000003,0.2741020793950862,4.999999999999558
9.267788922573435e-05,3.3000000000000003,0.2741020793950862,4.999999999999558
9.272788922573436e-05,3.3000000000000003,0.2741020793950862,4.999999999999558
9.277788922573436e-05,3.3000000000000003,0.2741020793950862,4.999999999999558
9.282788922573436e-05,3.3000000000000003,0.2741020793950862,4.999999999999558
9.287788922573436e-05,3.3000000000000003,0.2741020793950862,4.999999999999558
9.292788922573436e-05,3.3000000000000003,0.2741020793950862,4.999999999999558
9.297788922573436e-05,3.3000000000000003,0.2741020793950862,4.999999999999558
9.302788922573436e-05,3.3000000000000003,0.2741020793950862,4.999999999999558
9.307788922573436e-05,3.3000000000000003,0.2741020793950862,4.999999999999558
9.312788922573436e-05,3.3000000000000003,0.2741020793950862,4.999999999999558
9.317788922573437e-05,3.3000000000000003,0.2741020793950862,4.999999999999558
9.322788922573437e-05,3.3000000000000003,0.2741020793950862,4.999999999999558
9.327788922573437e-05,3.3000000000000003,0.2741020793950862,4.999999999999558
9.332788922573437e-05,3.3000000000000003,0.2741020793950862,4.999999999999558
9.337788922573437e-05,3.3000000000000003,0.2741020793950862,4.999999999999558
9.342788922573437e-05,3.3000000000000003,0.2741020793950862,4.999999999999558
9.347788922573437e-05,3.3000000000000003,0.2741020793950862,4.999999999999558
9.352788922573437e-05,3.3000000000000003,0.2741020793950862,4.999999999999558
9.357788922573438e-05,3.3000000000000003,0.2741020793950862,4.999999999999558
9.362788922573438e-05,3.3000000000000003,0.2741020793950862,4.999999999999558
9.367788922573438e-05,3.3000000000000003,0.2741020793950862,4.999999999999558
9.372788922573438e-05,3.3000000000000003,0.2741020793950862,4.999999999999558
9.377788922573438e-05,3.3000000000000003,0.2741020793950862,4.999999999999558
9.382788922573438e-05,3.3000000000000003,0.2741020793950862,4.999999999999558
9.387788922573438e-05,3.3000000000000003,0.2741020793950862,4.999999999999558
9.392788922573438e-05,3.3000000000000003,0.2741020793950862,4.999999999999558
9.397788922573439e-05,3.3000000000000003,0.2741020793950862,4.999999999999558
9.402788922573439e-05,3.3000000000000003,0.2741020793950862,4.999999999999558
9.407788922573439e-05,3.3000000000000003,0.2741020793950862,4.999999999999558
9.412788922573439e-05,3.3000000000000003,0.2741020793950862,4.999999999999558
9.417788922573439e-05,3.3000000000000003,0.2741020793950862,4.999999999999558
9.422788922573439e-05,3.3000000000000003,0.2741020793950862,4.999999999999558
9.427788922573439e-05,3.3000000000000003,0.2741020793950862,4.999999999999558
9.43278892257344e-05,3.3000000000000003,0.2741020793950862,4.999999999999558
9.43778892257344e-05,3.3000000000000003,0.2741020793950862,4.999999999999558
9.44278892257344e-05,3.3000000000000003,0.2741020793950862,4.999999999999558
9.44778892257344e-05,3.3000000000000003,0.2741020793950862,4.999999999999558
9.45278892257344e-05,3.3000000000000003,0.2741020793950862,4.999999999999558
9.45778892257344e-05,3.3000000000000003,0.2741020793950862,4.999999999999558
9.46278892257344e-05,3.3000000000000003,0.2741020793950862,4.999999999999558
9.46778892257344e-05,3.3000000000000003,0.2741020793950862,4.999999999999558
9.47278892257344e-05,3.3000000000000003,0.2741020793950862,4.999999999999558
9.47778892257344e-05,3.3000000000000003,0.2741020793950862,4.999999999999558
9.48278892257344e-05,3.3000000000000003,0.2741020793950862,4.999999999999558
9.487788922573441e-05,3.3000000000000003,0.2741020793950862,4.999999999999558
9.492788922573441e-05,3.3000000000000003,0.2741020793950862,4.999999999999558
9.497788922573441e-05,3.3000000000000003,0.2741020793950862,4.999999999999558
9.502788922573441e-05,3.3000000000000003,0.2741020793950862,4.999999999999558
9.507788922573441e-05,3.3000000000000003,0.2741020793950862,4.999999999999558
9.512788922573441e-05,3.3000000000000003,0.2741020793950862,4.999999999999558
9.517788922573441e-05,3.3000000000000003,0.2741020793950862,4.999999999999558
9.522788922573442e-05,3.3000000000000003,0.2741020793950862,4.999999999999558
9.527788922573442e-05,3.3000000000000003,0.2741020793950862,4.999999999999558
9.532788922573442e-05,3.3000000000000003,0.2741020793950862,4.999999999999558
9.537788922573442e-05,3.3000000000000003,0.2741020793950862,4.999999999999558
9.542788922573442e-05,3.3000000000000003,0.2741020793950862,4.999999999999558
9.547788922573442e-05,3.3000000000000003,0.2741020793950862,4.999999999999558
9.552788922573442e-05,3.3000000000000003,0.2741020793950862,4.999999999999558
9.557788922573442e-05,3.3000000000000003,0.2741020793950862,4.999999999999558
9.562788922573443e-05,3.3000000000000003,0.2741020793950862,4.999999999999558
9.567788922573443e-05,3.3000000000000003,0.2741020793950862,4.999999999999558
9.572788922573443e-05,3.3000000000000003,0.2741020793950862,4.999999999999558
9.577788922573443e-05,3.3000000000000003,0.2741020793950862,4.999999999999558
9.582788922573443e-05,3.3000000000000003,0.2741020793950862,4.999999999999558
9.587788922573443e-05,3.3000000000000003,0.2741020793950862,4.999999999999558
9.592788922573443e-05,3.3000000000000003,0.2741020793950862,4.999999999999558
9.597788922573443e-05,3.3000000000000003,0.2741020793950862,4.999999999999558
9.602788922573444e-05,3.3000000000000003,0.2741020793950862,4.999999999999558
9.607788922573444e-05,3.3000000000000003,0.2741020793950862,4.999999999999558
9.612788922573444e-05,3.3000000000000003,0.2741020793950862,4.999999999999558
9.617788922573444e-05,3.3000000000000003,0.2741020793950862,4.999999999999558
9.622788922573444e-05,3.3000000000000003,0.2741020793950862,4.999999999999558
9.627788922573444e-05,3.3000000000000003,0.2741020793950862,4.999999999999558
9.632788922573444e-05,3.3000000000000003,0.2741020793950862,4.999999999999558
9.637788922573444e-05,3.3000000000000003,0.2741020793950862,4.999999999999558
9.642788922573445e-05,3.3000000000000003,0.2741020793950862,4.999999999999558
9.647788922573445e-05,3.3000000000000003,0.2741020793950862,4.999999999999558
9.652788922573445e-05,3.3000000000000003,0.2741020793950862,4.999999999999558
9.657788922573445e-05,3.3000000000000003,0.2741020793950862,4.999999999999558
9.662788922573445e-05,3.3000000000000003,0.2741020793950862,4.999999999999558
9.667788922573445e-05,3.3000000000000003,0.2741020793950862,4.999999999999558
9.672788922573445e-05,3.3000000000000003,0.2741020793950862,4.999999999999558
9.677788922573445e-05,3.3000000000000003,0.2741020793950862,4.999999999999558
9.682788922573445e-05,3.3000000000000003,0.2741020793950862,4.999999999999558
9.687788922573446e-05,3.3000000000000003,0.2741020793950862,4.999999999999558
9.692788922573446e-05,3.3000000000000003,0.2741020793950862,4.999999999999558
9.697788922573446e-05,3.3000000000000003,0.2741020793950862,4.999999999999558
9.702788922573446e-05,3.3000000000000003,0.2741020793950862,4.999999999999558
9.707788922573446e-05,3.3000000000000003,0.2741020793950862,4.999999999999558
9.712788922573446e-05,3.3000000000000003,0.2741020793950862,4.999999999999558
9.717788922573446e-05,3.3000000000000003,0.2741020793950862,4.999999999999558
9.722788922573446e-05,3.3000000000000003,0.2741020793950862,4.999999999999558
9.727788922573447e-05,3.3000000000000003,0.2741020793950862,4.999999999999558
9.732788922573447e-05,3.3000000000000003,0.2741020793950862,4.999999999999558
9.737788922573447e-05,3.3000000000000003,0.2741020793950862,4.999999999999558
9.742788922573447e-05,3.3000000000000003,0.2741020793950862,4.999999999999558
9.747788922573447e-05,3.3000000000000003,0.2741020793950862,4.999999999999558
9.752788922573447e-05,3.3000000000000003,0.2741020793950862,4.999999999999558
9.757788922573447e-05,3.3000000000000003,0.2741020793950862,4.999999999999558
9.762788922573447e-05,3.3000000000000003,0.2741020793950862,4.999999999999558
9.767788922573448e-05,3.3000000000000003,0.2741020793950862,4.999999999999558
9.772788922573448e-05,3.3000000000000003,0.2741020793950862,4.999999999999558
9.777788922573448e-05,3.3000000000000003,0.2741020793950862,4.999999999999558
9.782788922573448e-05,3.3000000000000003,0.2741020793950862,4.999999999999558
9.787788922573448e-05,3.3000000000000003,0.2741020793950862,4.999999999999558
9.792788922573448e-05,3.3000000000000003,0.2741020793950862,4.999999999999558
9.797788922573448e-05,3.3000000000000003,0.2741020793950862,4.999999999999558
9.802788922573448e-05,3.3000000000000003,0.2741020793950862,4.999999999999558
9.807788922573449e-05,3.3000000000000003,0.2741020793950862,4.999999999999558
9.812788922573449e-05,3.3000000000000003,0.2741020793950862,4.999999999999558
9.817788922573449e-05,3.3000000000000003,0.2741020793950862,4.999999999999558
9.822788922573449e-05,3.3000000000000003,0.2741020793950862,4.999999999999558
9.827788922573449e-05,3.3000000000000003,0.2741020793950862,4.999999999999558
9.832788922573449e-05,3.3000000000000003,0.2741020793950862,4.999999999999558
9.837788922573449e-05,3.3000000000000003,0.2741020793950862,4.999999999999558
9.84278892257345e-05,3.3000000000000003,0.2741020793950862,4.999999999999558
9.84778892257345e-05,3.3000000000000003,0.2741020793950862,4.999999999999558
9.85278892257345e-05,3.3000000000000003,0.2741020793950862,4.999999999999558
9.85778892257345e-05,3.3000000000000003,0.2741020793950862,4.999999999999558
9.86278892257345e-05,3.3000000000000003,0.2741020793950862,4.999999999999558
9.86778892257345e-05,3.3000000000000003,0.2741020793950862,4.999999999999558
9.87278892257345e-05,3.3000000000000003,0.2741020793950862,4.999999999999558
9.87778892257345e-05,3.3000000000000003,0.2741020793950862,4.999999999999558
9.88278892257345e-05,3.3000000000000003,0.2741020793950862,4.999999999999558
9.88778892257345e-05,3.3000000000000003,0.2741020793950862,4.999999999999558
9.89278892257345e-05,3.3000000000000003,0.2741020793950862,4.999999999999558
9.897788922573451e-05,3.3000000000000003,0.2741020793950862,4.999999999999558
9.902788922573451e-05,3.3000000000000003,0.2741020793950862,4.999999999999558
9.907788922573451e-05,3.3000000000000003,0.2741020793950862,4.999999999999558
9.912788922573451e-05,3.3000000000000003,0.2741020793950862,4.999999999999558
9.917788922573451e-05,3.3000000000000003,0.2741020793950862,4.999999999999558
9.922788922573451e-05,3.3000000000000003,0.2741020793950862,4.999999999999558
9.927788922573451e-05,3.3000000000000003,0.2741020793950862,4.999999999999558
9.932788922573452e-05,3.3000000000000003,0.2741020793950862,4.999999999999558
9.937788922573452e-05,3.3000000000000003,0.2741020793950862,4.999999999999558
9.942788922573452e-05,3.3000000000000003,0.2741020793950862,4.999999999999558
9.947788922573452e-05,3.3000000000000003,0.2741020793950862,4.999999999999558
9.952788922573452e-05,3.3000000000000003,0.2741020793950862,4.999999999999558
9.957788922573452e-05,3.3000000000000003,0.2741020793950862,4.999999999999558
9.962788922573452e-05,3.3000000000000003,0.2741020793950862,4.999999999999558
9.967788922573452e-05,3.3000000000000003,0.2741020793950862,4.999999999999558
9.972788922573453e-05,3.3000000000000003,0.2741020793950862,4.999999999999558
9.977788922573453e-05,3.3000000000000003,0.2741020793950862,4.999999999999558
9.982788922573453e-05,3.3000000000000003,0.2741020793950862,4.999999999999558
9.987788922573453e-05,3.3000000000000003,0.2741020793950862,4.999999999999558
9.992788922573453e-05,3.3000000000000003,0.2741020793950862,4.999999999999558
9.997788922573453e-05,3.3000000000000003,0.2741020793950862,4.999999999999558
0.00010002788922573453,3.3000000000000003,0.2741020793950862,4.999999999999558
0.00010007788922573453,3.3000000000000003,0.2741020793950862,4.999999999999558
0.00010012788922573454,3.3000000000000003,0.2741020793950862,4.999999999999558
0.00010017788922573454,3.3000000000000003,0.2741020793950862,4.999999999999558
0.00010022788922573454,3.3000000000000003,0.2741020793950862,4.999999999999558
0.00010027788922573454,3.3000000000000003,0.2741020793950862,4.999999999999558
0.00010032788922573454,3.3000000000000003,0.2741020793950862,4.999999999999558
0.00010037788922573454,3.3000000000000003,0.2741020793950862,4.999999999999558
0.00010042788922573454,3.3000000000000003,0.2741020793950862,4.999999999999558
0.00010047788922573454,3.3000000000000003,0.2741020793950862,4.999999999999558
0.00010052788922573454,3.3000000000000003,0.2741020793950862,4.999999999999558
0.00010057788922573455,3.3000000000000003,0.2741020793950862,4.999999999999558
0.00010062788922573455,3.3000000000000003,0.2741020793950862,4.999999999999558
0.00010067788922573455,3.3000000000000003,0.2741020793950862,4.999999999999558
0.00010072788922573455,3.3000000000000003,0.2741020793950862,4.999999999999558
0.00010077788922573455,3.3000000000000003,0.2741020793950862,4.999999999999558
0.00010082788922573455,3.3000000000000003,0.2741020793950862,4.999999999999558
0.00010087788922573455,3.3000000000000003,0.2741020793950862,4.999999999999558
0.00010092788922573455,3.3000000000000003,0.2741020793950862,4.999999999999558
0.00010097788922573456,3.3000000000000003,0.2741020793950862,4.999999999999558
0.00010102788922573456,3.3000000000000003,0.2741020793950862,4.999999999999558
0.00010107788922573456,3.3000000000000003,0.2741020793950862,4.999999999999558
0.00010112788922573456,3.3000000000000003,0.2741020793950862,4.999999999999558
0.00010117788922573456,3.3000000000000003,0.2741020793950862,4.999999999999558
0.00010122788922573456,3.3000000000000003,0.2741020793950862,4.999999999999558
0.00010127788922573456,3.3000000000000003,0.2741020793950862,4.999999999999558
0.00010132788922573456,3.3000000000000003,0.2741020793950862,4.999999999999558
0.00010137788922573457,3.3000000000000003,0.2741020793950862,4.999999999999558
0.00010142788922573457,3.3000000000000003,0.2741020793950862,4.999999999999558
0.00010147788922573457,3.3000000000000003,0.2741020793950862,4.999999999999558
0.00010152788922573457,3.3000000000000003,0.2741020793950862,4.999999999999558
0.00010157788922573457,3.3000000000000003,0.2741020793950862,4.999999999999558
0.00010162788922573457,3.3000000000000003,0.2741020793950862,4.999999999999558
0.00010167788922573457,3.3000000000000003,0.2741020793950862,4.999999999999558
0.00010172788922573457,3.3000000000000003,0.2741020793950862,4.999999999999558
0.00010177788922573458,3.3000000000000003,0.2741020793950862,4.999999999999558
0.00010182788922573458,3.3000000000000003,0.2741020793950862,4.999999999999558
0.00010187788922573458,3.3000000000000003,0.2741020793950862,4.999999999999558
0.00010192788922573458,3.3000000000000003,0.2741020793950862,4.999999999999558
0.00010197788922573458,3.3000000000000003,0.2741020793950862,4.999999999999558
0.00010202788922573458,3.3000000000000003,0.2741020793950862,4.999999999999558
0.00010207788922573458,3.3000000000000003,0.2741020793950862,4.999999999999558
0.00010212788922573458,3.3000000000000003,0.2741020793950862,4.999999999999558
0.00010217788922573458,3.3000000000000003,0.2741020793950862,4.999999999999558
0.00010222788922573459,3.3000000000000003,0.2741020793950862,4.999999999999558
0.00010227788922573459,3.3000000000000003,0.2741020793950862,4.999999999999558
0.00010232788922573459,3.3000000000000003,0.2741020793950862,4.999999999999558
0.00010237788922573459,3.3000000000000003,0.2741020793950862,4.999999999999558
0.00010242788922573459,3.3000000000000003,0.2741020793950862,4.999999999999558
0.00010247788922573459,3.3000000000000003,0.2741020793950862,4.999999999999558
0.0001025278892257346,3.3000000000000003,0.2741020793950862,4.999999999999558
0.0001025778892257346,3.3000000000000003,0.2741020793950862,4.999999999999558
0.0001026278892257346,3.3000000000000003,0.2741020793950862,4.999999999999558
0.0001026778892257346,3.3000000000000003,0.2741020793950862,4.999999999999558
0.0001027278892257346,3.3000000000000003,0.2741020793950862,4.999999999999558
0.0001027778892257346,3.3000000000000003,0.2741020793950862,4.999999999999558
0.0001028278892257346,3.3000000000000003,0.2741020793950862,4.999999999999558
0.0001028778892257346,3.3000000000000003,0.2741020793950862,4.999999999999558
0.0001029278892257346,3.3000000000000003,0.2741020793950862,4.999999999999558
0.0001029778892257346,3.3000000000000003,0.2741020793950862,4.999999999999558
0.0001030278892257346,3.3000000000000003,0.2741020793950862,4.999999999999558
0.00010307788922573461,3.3000000000000003,0.2741020793950862,4.999999999999558
0.00010312788922573461,3.3000000000000003,0.2741020793950862,4.999999999999558
0.00010317788922573461,3.3000000000000003,0.2741020793950862,4.999999999999558
0.00010322788922573461,3.3000000000000003,0.2741020793950862,4.999999999999558
0.00010327788922573461,3.3000000000000003,0.2741020793950862,4.999999999999558
0.00010332788922573461,3.3000000000000003,0.2741020793950862,4.999999999999558
0.00010337788922573461,3.3000000000000003,0.2741020793950862,4.999999999999558
0.00010342788922573462,3.3000000000000003,0.2741020793950862,4.999999999999558
0.00010347788922573462,3.3000000000000003,0.2741020793950862,4.999999999999558
0.00010352788922573462,3.3000000000000003,0.2741020793950862,4.999999999999558
0.00010357788922573462,3.3000000000000003,0.2741020793950862,4.999999999999558
0.00010362788922573462,3.3000000000000003,0.2741020793950862,4.999999999999558
0.00010367788922573462,3.3000000000000003,0.2741020793950862,4.999999999999558
0.00010372788922573462,3.3000000000000003,0.2741020793950862,4.999999999999558
0.00010377788922573462,3.3000000000000003,0.2741020793950862,4.999999999999558
0.00010382788922573463,3.3000000000000003,0.2741020793950862,4.999999999999558
0.00010387788922573463,3.3000000000000003,0.2741020793950862,4.999999999999558
0.00010392788922573463,3.3000000000000003,0.2741020793950862,4.999999999999558
0.00010397788922573463,3.3000000000000003,0.2741020793950862,4.999999999999558
0.00010402788922573463,3.3000000000000003,0.2741020793950862,4.999999999999558
0.00010407788922573463,3.3000000000000003,0.2741020793950862,4.999999999999558
0.00010412788922573463,3.3000000000000003,0.2741020793950862,4.999999999999558
0.00010417788922573463,3.3000000000000003,0.2741020793950862,4.999999999999558
0.00010422788922573463,3.3000000000000003,0.2741020793950862,4.999999999999558
0.00010427788922573464,3.3000000000000003,0.2741020793950862,4.999999999999558
0.00010432788922573464,3.3000000000000003,0.2741020793950862,4.999999999999558
0.00010437788922573464,3.3000000000000003,0.2741020793950862,4.999999999999558
0.00010442788922573464,3.3000000000000003,0.2741020793950862,4.999999999999558
0.00010447788922573464,3.3000000000000003,0.2741020793950862,4.999999999999558
0.00010452788922573464,3.3000000000000003,0.2741020793950862,4.999999999999558
0.00010457788922573464,3.3000000000000003,0.2741020793950862,4.999999999999558
0.00010462788922573464,3.3000000000000003,0.2741020793950862,4.999999999999558
0.00010467788922573465,3.3000000000000003,0.2741020793950862,4.999999999999558
0.00010472788922573465,3.3000000000000003,0.2741020793950862,4.999999999999558
0.00010477788922573465,3.3000000000000003,0.2741020793950862,4.999999999999558
0.00010482788922573465,3.3000000000000003,0.2741020793950862,4.999999999999558
0.00010487788922573465,3.3000000000000003,0.2741020793950862,4.999999999999558
0.00010492788922573465,3.3000000000000003,0.2741020793950862,4.999999999999558
0.00010497788922573465,3.3000000000000003,0.2741020793950862,4.999999999999558
0.00010502788922573465,3.3000000000000003,0.2741020793950862,4.999999999999558
0.00010507788922573466,3.3000000000000003,0.2741020793950862,4.999999999999558
0.00010512788922573466,3.3000000000000003,0.2741020793950862,4.999999999999558
0.00010517788922573466,3.3000000000000003,0.2741020793950862,4.999999999999558
0.00010522788922573466,3.3000000000000003,0.2741020793950862,4.999999999999558
0.00010527788922573466,3.3000000000000003,0.2741020793950862,4.999999999999558
0.00010532788922573466,3.3000000000000003,0.2741020793950862,4.999999999999558
0.00010537788922573466,3.3000000000000003,0.2741020793950862,4.999999999999558
0.00010542788922573466,3.3000000000000003,0.2741020793950862,4.999999999999558
0.00010547788922573467,3.3000000000000003,0.2741020793950862,4.999999999999558
0.00010552788922573467,3.3000000000000003,0.2741020793950862,4.999999999999558
0.00010557788922573467,3.3000000000000003,0.2741020793950862,4.999999999999558
0.00010562788922573467,3.3000000000000003,0.2741020793950862,4.999999999999558
0.00010567788922573467,3.3000000000000003,0.2741020793950862,4.999999999999558
0.00010572788922573467,3.3000000000000003,0.2741020793950862,4.999999999999558
0.00010577788922573467,3.3000000000000003,0.2741020793950862,4.999999999999558
0.00010582788922573467,3.3000000000000003,0.2741020793950862,4.999999999999558
0.00010587788922573467,3.3000000000000003,0.2741020793950862,4.999999999999558
0.00010592788922573468,3.3000000000000003,0.2741020793950862,4.999999999999558
0.00010597788922573468,3.3000000000000003,0.2741020793950862,4.999999999999558
0.00010602788922573468,3.3000000000000003,0.2741020793950862,4.999999999999558
0.00010607788922573468,3.3000000000000003,0.2741020793950862,4.999999999999558
0.00010612788922573468,3.3000000000000003,0.2741020793950862,4.999999999999558
0.00010617788922573468,3.3000000000000003,0.2741020793950862,4.999999999999558
0.00010622788922573468,3.3000000000000003,0.2741020793950862,4.999999999999558
0.00010627788922573468,3.3000000000000003,0.2741020793950862,4.999999999999558
0.00010632788922573469,3.3000000000000003,0.2741020793950862,4.999999999999558
0.00010637788922573469,3.3000000000000003,0.2741020793950862,4.999999999999558
0.00010642788922573469,3.3000000000000003,0.2741020793950862,4.999999999999558
0.00010647788922573469,3.3000000000000003,0.2741020793950862,4.999999999999558
0.00010652788922573469,3.3000000000000003,0.2741020793950862,4.999999999999558
0.00010657788922573469,3.3000000000000003,0.2741020793950862,4.999999999999558
0.00010662788922573469,3.3000000000000003,0.2741020793950862,4.999999999999558
0.0001066778892257347,3.3000000000000003,0.2741020793950862,4.999999999999558
0.0001067278892257347,3.3000000000000003,0.2741020793950862,4.999999999999558
0.0001067778892257347,3.3000000000000003,0.2741020793950862,4.999999999999558
0.0001068278892257347,3.3000000000000003,0.2741020793950862,4.999999999999558
0.0001068778892257347,3.3000000000000003,0.2741020793950862,4.999999999999558
0.0001069278892257347,3.3000000000000003,0.2741020793950862,4.999999999999558
0.0001069778892257347,3.3000000000000003,0.2741020793950862,4.999999999999558
0.0001070278892257347,3.3000000000000003,0.2741020793950862,4.999999999999558
0.0001070778892257347,3.3000000000000003,0.2741020793950862,4.999999999999558
0.0001071278892257347,3.3000000000000003,0.2741020793950862,4.999999999999558
0.0001071778892257347,3.3000000000000003,0.2741020793950862,4.999999999999558
0.00010722788922573471,3.3000000000000003,0.2741020793950862,4.999999999999558
0.00010727788922573471,3.3000000000000003,0.2741020793950862,4.999999999999558
0.00010732788922573471,3.3000000000000003,0.2741020793950862,4.999999999999558
0.00010737788922573471,3.3000000000000003,0.2741020793950862,4.999999999999558
0.00010742788922573471,3.3000000000000003,0.2741020793950862,4.999999999999558
0.00010747788922573471,3.3000000000000003,0.2741020793950862,4.999999999999558
0.00010752788922573471,3.3000000000000003,0.2741020793950862,4.999999999999558
0.00010757788922573472,3.3000000000000003,0.2741020793950862,4.999999999999558
0.00010762788922573472,3.3000000000000003,0.2741020793950862,4.999999999999558
0.00010767788922573472,3.3000000000000003,0.2741020793950862,4.999999999999558
0.00010772788922573472,3.3000000000000003,0.2741020793950862,4.999999999999558
0.00010777788922573472,3.3000000000000003,0.2741020793950862,4.999999999999558
0.00010782788922573472,3.3000000000000003,0.2741020793950862,4.999999999999558
0.00010787788922573472,3.3000000000000003,0.2741020793950862,4.999999999999558
0.00010792788922573472,3.3000000000000003,0.2741020793950862,4.999999999999558
0.00010797788922573473,3.3000000000000003,0.2741020793950862,4.999999999999558
0.00010802788922573473,3.3000000000000003,0.2741020793950862,4.999999999999558
0.00010807788922573473,3.3000000000000003,0.2741020793950862,4.999999999999558
0.00010812788922573473,3.3000000000000003,0.2741020793950862,4.999999999999558
0.00010817788922573473,3.3000000000000003,0.2741020793950862,4.999999999999558
0.00010822788922573473,3.3000000000000003,0.2741020793950862,4.999999999999558
0.00010827788922573473,3.3000000000000003,0.2741020793950862,4.999999999999558
0.00010832788922573473,3.3000000000000003,0.2741020793950862,4.999999999999558
0.00010837788922573474,3.3000000000000003,0.2741020793950862,4.999999999999558
0.00010842788922573474,3.3000000000000003,0.2741020793950862,4.999999999999558
0.00010847788922573474,3.3000000000000003,0.2741020793950862,4.999999999999558
0.00010852788922573474,3.3000000000000003,0.2741020793950862,4.999999999999558
0.00010857788922573474,3.3000000000000003,0.2741020793950862,4.999999999999558
0.00010862788922573474,3.3000000000000003,0.2741020793950862,4.999999999999558
0.00010867788922573474,3.3000000000000003,0.2741020793950862,4.999999999999558
0.00010872788922573474,3.3000000000000003,0.2741020793950862,4.999999999999558
0.00010877788922573475,3.3000000000000003,0.2741020793950862,4.999999999999558
0.00010882788922573475,3.3000000000000003,0.2741020793950862,4.999999999999558
0.00010887788922573475,3.3000000000000003,0.2741020793950862,4.999999999999558
0.00010892788922573475,3.3000000000000003,0.2741020793950862,4.999999999999558
0.00010897788922573475,3.3000000000000003,0.2741020793950862,4.999999999999558
0.00010902788922573475,3.3000000000000003,0.2741020793950862,4.999999999999558
0.00010907788922573475,3.3000000000000003,0.2741020793950862,4.999999999999558
0.00010912788922573475,3.3000000000000003,0.2741020793950862,4.999999999999558
0.00010917788922573476,3.3000000000000003,0.2741020793950862,4.999999999999558
0.00010922788922573476,3.3000000000000003,0.2741020793950862,4.999999999999558
0.00010927788922573476,3.3000000000000003,0.2741020793950862,4.999999999999558
0.00010932788922573476,3.3000000000000003,0.2741020793950862,4.999999999999558
0.00010937788922573476,3.3000000000000003,0.2741020793950862,4.999999999999558
0.00010942788922573476,3.3000000000000003,0.2741020793950862,4.999999999999558
0.00010947788922573476,3.3000000000000003,0.2741020793950862,4.999999999999558
0.00010952788922573476,3.3000000000000003,0.2741020793950862,4.999999999999558
0.00010957788922573476,3.3000000000000003,0.2741020793950862,4.999999999999558
0.00010962788922573477,3.3000000000000003,0.2741020793950862,4.999999999999558
0.00010967788922573477,3.3000000000000003,0.2741020793950862,4.999999999999558
0.00010972788922573477,3.3000000000000003,0.2741020793950862,4.999999999999558
0.00010977788922573477,3.3000000000000003,0.2741020793950862,4.999999999999558
0.00010982788922573477,3.3000000000000003,0.2741020793950862,4.999999999999558
0.00010987788922573477,3.3000000000000003,0.2741020793950862,4.999999999999558
0.00010992788922573477,3.3000000000000003,0.2741020793950862,4.999999999999558
0.00010996894461286738,3.3000000000000003,0.2741020793950862,4.999999999999558
0.00011000999999999999,3.3000000000000003,0.2741020793950862,4.999999999999558
0.00011001099999999999,2.9700000000015128,0.2741020793950864,4.999999999999559
0.00011001299999999999,2.3100000000000653,0.2741020793953039,4.99999999999956
0.00011001593919803412,1.3400646487379946,0.39276867313974073,4.999999999999561
0.00011001796959901706,0.6700323243687336,0.5570216640467108,4.999999999999561
0.00011002,0.0,0.7185857605560718,4.999999999999561
0.00011002040608019658,0.0,0.7500669817011779,4.999999999999562
0.00011002121824058975,0.0,0.8125664614143722,4.999999999999564
0.00011002284256137611,0.0,0.93482819714459,4.999999999999566
0.0001100260912029488,0.0,1.1687966218218786,4.999999999999564
0.0001100325884860942,0.0,1.597465765562103,4.999999999999561
0.000110045583052385,0.0,2.3185374523600832,4.999999999999561
0.0001100715721849666,0.0,3.3461700408149193,4.999999999999561
0.0001101215721849666,0.0,4.3821393106890145,4.9999999999995595
0.0001101715721849666,0.0,4.76917105094393,4.999999999999558
0.0001102215721849666,0.0,4.913763725959236,4.999999999999558
0.0001102715721849666,0.0,4.967782659017057,4.999999999999558
0.0001103215721849666,0.0,4.987963799786437,4.999999999999558
0.00011037157218496661,0.0,4.995503349712713,4.999999999999558
0.00011042157218496661,0.0,4.998320079140469,4.999999999999558
0.00011047157218496661,0.0,4.999372391910695,4.999999999999558
0.00011052157218496661,0.0,4.9997655294820476,4.999999999999558
0.00011057157218496661,0.0,4.999912403257965,4.999999999999558
0.00011062157218496661,0.0,4.999967274396274,4.999999999999558
0.00011067157218496661,0.0,4.999987773915678,4.999999999999558
0.00011072157218496662,0.0,4.999995432409901,4.999999999999558
0.00011077157218496662,0.0,4.999998293576184,4.999999999999558
0.00011082157218496662,0.0,4.99999936249029,4.999999999999558
0.00011087157218496662,0.0,4.999999761830019,4.999999999999558
0.00011092157218496662,0.0,4.999999911020883,4.999999999999558
0.00011097157218496662,0.0,4.999999966757671,4.999999999999558
0.00011102157218496662,0.0,4.999999987580592,4.999999999999558
0.00011107157218496662,0.0,4.999999995359907,4.999999999999558
0.00011112157218496663,0.0,4.999999998266211,4.999999999999558
0.00011117157218496663,0.0,4.999999999351989,4.999999999999558
0.00011122157218496663,0.0,4.999999999757629,4.999999999999558
0.00011127157218496663,0.0,4.999999999909174,4.999999999999558
0.00011132157218496663,0.0,4.99999999996579,4.999999999999558
0.00011137157218496663,0.0,4.999999999986942,4.999999999999558
0.00011142157218496663,0.0,4.999999999994843,4.999999999999558
0.00011147157218496663,0.0,4.999999999997794,4.999999999999558
0.00011152157218496664,0.0,4.999999999998896,4.999999999999558
0.00011157157218496664,0.0,4.999999999999309,4.999999999999558
0.00011162157218496664,0.0,4.999999999999463,4.999999999999558
0.00011167157218496664,0.0,4.999999999999521,4.999999999999558
0.00011172157218496664,0.0,4.9999999999995435,4.999999999999558
0.00011177157218496664,0.0,4.999999999999551,4.999999999999558
0.00011182157218496664,0.0,4.999999999999553,4.999999999999558
0.00011187157218496664,0.0,4.999999999999553,4.999999999999558
0.00011192157218496664,0.0,4.999999999999554,4.999999999999558
0.00011197157218496665,0.0,4.999999999999555,4.999999999999558
0.00011202157218496665,0.0,4.999999999999555,4.999999999999558
0.00011207157218496665,0.0,4.999999999999554,4.999999999999558
0.00011212157218496665,0.0,4.999999999999553,4.999999999999558
0.00011217157218496665,0.0,4.999999999999553,4.999999999999558
0.00011222157218496665,0.0,4.999999999999554,4.999999999999558
0.00011227157218496665,0.0,4.999999999999555,4.999999999999558
0.00011232157218496665,0.0,4.999999999999555,4.999999999999558
0.00011237157218496666,0.0,4.999999999999554,4.999999999999558
0.00011242157218496666,0.0,4.999999999999553,4.999999999999558
0.00011247157218496666,0.0,4.999999999999553,4.999999999999558
0.00011252157218496666,0.0,4.999999999999554,4.999999999999558
0.00011257157218496666,0.0,4.999999999999555,4.999999999999558
0.00011262157218496666,0.0,4.999999999999555,4.999999999999558
0.00011267157218496666,0.0,4.999999999999554,4.999999999999558
0.00011272157218496666,0.0,4.999999999999553,4.999999999999558
0.00011277157218496667,0.0,4.999999999999553,4.999999999999558
0.00011282157218496667,0.0,4.999999999999554,4.999999999999558
0.00011287157218496667,0.0,4.999999999999555,4.999999999999558
0.00011292157218496667,0.0,4.999999999999555,4.999999999999558
0.00011297157218496667,0.0,4.999999999999554,4.999999999999558
0.00011302157218496667,0.0,4.999999999999553,4.999999999999558
0.00011307157218496667,0.0,4.999999999999553,4.999999999999558
0.00011312157218496667,0.0,4.999999999999554,4.999999999999558
0.00011317157218496668,0.0,4.999999999999555,4.999999999999558
0.00011322157218496668,0.0,4.999999999999555,4.999999999999558
0.00011327157218496668,0.0,4.999999999999554,4.999999999999558
0.00011332157218496668,0.0,4.999999999999553,4.999999999999558
0.00011337157218496668,0.0,4.999999999999553,4.999999999999558
0.00011342157218496668,0.0,4.999999999999554,4.999999999999558
0.00011347157218496668,0.0,4.999999999999555,4.999999999999558
0.00011352157218496668,0.0,4.999999999999555,4.999999999999558
0.00011357157218496669,0.0,4.999999999999554,4.999999999999558
0.00011362157218496669,0.0,4.999999999999553,4.999999999999558
0.00011367157218496669,0.0,4.999999999999553,4.999999999999558
0.00011372157218496669,0.0,4.999999999999554,4.999999999999558
0.00011377157218496669,0.0,4.999999999999555,4.999999999999558
0.00011382157218496669,0.0,4.999999999999555,4.999999999999558
0.00011387157218496669,0.0,4.999999999999554,4.999999999999558
0.0001139215721849667,0.0,4.999999999999553,4.999999999999558
0.0001139715721849667,0.0,4.999999999999553,4.999999999999558
0.0001140215721849667,0.0,4.999999999999554,4.999999999999558
0.0001140715721849667,0.0,4.999999999999555,4.999999999999558
0.0001141215721849667,0.0,4.999999999999555,4.999999999999558
0.0001141715721849667,0.0,4.999999999999554,4.999999999999558
0.0001142215721849667,0.0,4.999999999999553,4.999999999999558
0.0001142715721849667,0.0,4.999999999999553,4.999999999999558
0.0001143215721849667,0.0,4.999999999999554,4.999999999999558
0.0001143715721849667,0.0,4.999999999999555,4.999999999999558
0.0001144215721849667,0.0,4.999999999999555,4.999999999999558
0.00011447157218496671,0.0,4.999999999999554,4.999999999999558
0.00011452157218496671,0.0,4.999999999999553,4.999999999999558
0.00011457157218496671,0.0,4.999999999999553,4.999999999999558
0.00011462157218496671,0.0,4.999999999999554,4.999999999999558
0.00011467157218496671,0.0,4.999999999999555,4.999999999999558
0.00011472157218496671,0.0,4.999999999999555,4.999999999999558
0.00011477157218496671,0.0,4.999999999999554,4.999999999999558
0.00011482157218496672,0.0,4.999999999999553,4.999999999999558
0.00011487157218496672,0.0,4.999999999999553,4.999999999999558
0.00011492157218496672,0.0,4.999999999999554,4.999999999999558
0.00011497157218496672,0.0,4.999999999999555,4.999999999999558
0.00011502157218496672,0.0,4.999999999999555,4.999999999999558
0.00011507157218496672,0.0,4.999999999999554,4.999999999999558
0.00011512157218496672,0.0,4.999999999999553,4.999999999999558
0.00011517157218496672,0.0,4.999999999999553,4.999999999999558
0.00011522157218496673,0.0,4.999999999999554,4.999999999999558
0.00011527157218496673,0.0,4.999999999999555,4.999999999999558
0.00011532157218496673,0.0,4.999999999999555,4.999999999999558
0.00011537157218496673,0.0,4.999999999999554,4.999999999999558
0.00011542157218496673,0.0,4.999999999999553,4.999999999999558
0.00011547157218496673,0.0,4.999999999999553,4.999999999999558
0.00011552157218496673,0.0,4.999999999999554,4.999999999999558
0.00011557157218496673,0.0,4.999999999999555,4.999999999999558
0.00011562157218496673,0.0,4.999999999999555,4.999999999999558
0.00011567157218496674,0.0,4.999999999999554,4.999999999999558
0.00011572157218496674,0.0,4.999999999999553,4.999999999999558
0.00011577157218496674,0.0,4.999999999999553,4.999999999999558
0.00011582157218496674,0.0,4.999999999999554,4.999999999999558
0.00011587157218496674,0.0,4.999999999999555,4.999999999999558
0.00011592157218496674,0.0,4.999999999999555,4.999999999999558
0.00011597157218496674,0.0,4.999999999999554,4.999999999999558
0.00011602157218496674,0.0,4.999999999999553,4.999999999999558
0.00011607157218496675,0.0,4.999999999999553,4.999999999999558
0.00011612157218496675,0.0,4.999999999999554,4.999999999999558
0.00011617157218496675,0.0,4.999999999999555,4.999999999999558
0.00011622157218496675,0.0,4.999999999999555,4.999999999999558
0.00011627157218496675,0.0,4.999999999999554,4.999999999999558
0.00011632157218496675,0.0,4.999999999999553,4.999999999999558
0.00011637157218496675,0.0,4.999999999999553,4.999999999999558
0.00011642157218496675,0.0,4.999999999999554,4.999999999999558
0.00011647157218496676,0.0,4.999999999999555,4.999999999999558
0.00011652157218496676,0.0,4.999999999999555,4.999999999999558
0.00011657157218496676,0.0,4.999999999999554,4.999999999999558
0.00011662157218496676,0.0,4.999999999999553,4.999999999999558
0.00011667157218496676,0.0,4.999999999999553,4.999999999999558
0.00011672157218496676,0.0,4.999999999999554,4.999999999999558
0.00011677157218496676,0.0,4.999999999999555,4.999999999999558
0.00011682157218496676,0.0,4.999999999999555,4.999999999999558
0.00011687157218496677,0.0,4.999999999999554,4.999999999999558
0.00011692157218496677,0.0,4.999999999999553,4.999999999999558
0.00011697157218496677,0.0,4.999999999999553,4.999999999999558
0.00011702157218496677,0.0,4.999999999999554,4.999999999999558
0.00011707157218496677,0.0,4.999999999999555,4.999999999999558
0.00011712157218496677,0.0,4.999999999999555,4.999999999999558
0.00011717157218496677,0.0,4.999999999999554,4.999999999999558
0.00011722157218496677,0.0,4.999999999999553,4.999999999999558
0.00011727157218496678,0.0,4.999999999999553,4.999999999999558
0.00011732157218496678,0.0,4.999999999999554,4.999999999999558
0.00011737157218496678,0.0,4.999999999999555,4.999999999999558
0.00011742157218496678,0.0,4.999999999999555,4.999999999999558
0.00011747157218496678,0.0,4.999999999999554,4.999999999999558
0.00011752157218496678,0.0,4.999999999999553,4.999999999999558
0.00011757157218496678,0.0,4.999999999999553,4.999999999999558
0.00011762157218496678,0.0,4.999999999999554,4.999999999999558
0.00011767157218496678,0.0,4.999999999999555,4.999999999999558
0.00011772157218496679,0.0,4.999999999999555,4.999999999999558
0.00011777157218496679,0.0,4.999999999999554,4.999999999999558
0.00011782157218496679,0.0,4.999999999999553,4.999999999999558
0.00011787157218496679,0.0,4.999999999999553,4.999999999999558
0.00011792157218496679,0.0,4.999999999999554,4.999999999999558
0.00011797157218496679,0.0,4.999999999999555,4.999999999999558
0.0001180215721849668,0.0,4.999999999999555,4.999999999999558
0.0001180715721849668,0.0,4.999999999999554,4.999999999999558
0.0001181215721849668,0.0,4.999999999999553,4.999999999999558
0.0001181715721849668,0.0,4.999999999999553,4.999999999999558
0.0001182215721849668,0.0,4.999999999999554,4.999999999999558
0.0001182715721849668,0.0,4.999999999999555,4.999999999999558
0.0001183215721849668,0.0,4.999999999999555,4.999999999999558
0.0001183715721849668,0.0,4.999999999999554,4.999999999999558
0.0001184215721849668,0.0,4.999999999999553,4.999999999999558
0.0001184715721849668,0.0,4.999999999999553,4.999999999999558
0.0001185215721849668,0.0,4.999999999999554,4.999999999999558
0.0001185715721849668,0.0,4.999999999999555,4.999999999999558
0.00011862157218496681,0.0,4.999999999999555,4.999999999999558
0.00011867157218496681,0.0,4.999999999999554,4.999999999999558
0.00011872157218496681,0.0,4.999999999999553,4.999999999999558
0.00011877157218496681,0.0,4.999999999999553,4.999999999999558
0.00011882157218496681,0.0,4.999999999999554,4.999999999999558
0.00011887157218496681,0.0,4.999999999999555,4.999999999999558
0.00011892157218496682,0.0,4.999999999999555,4.999999999999558
0.00011897157218496682,0.0,4.999999999999554,4.999999999999558
0.00011902157218496682,0.0,4.999999999999553,4.999999999999558
0.00011907157218496682,0.0,4.999999999999553,4.999999999999558
0.00011912157218496682,0.0,4.999999999999554,4.999999999999558
0.00011917157218496682,0.0,4.999999999999555,4.999999999999558
0.00011922157218496682,0.0,4.999999999999555,4.999999999999558
0.00011927157218496682,0.0,4.999999999999554,4.999999999999558
0.00011932157218496682,0.0,4.999999999999553,4.999999999999558
0.00011937157218496683,0.0,4.999999999999553,4.999999999999558
0.00011942157218496683,0.0,4.999999999999554,4.999999999999558
0.00011947157218496683,0.0,4.999999999999555,4.999999999999558
0.00011952157218496683,0.0,4.999999999999555,4.999999999999558
0.00011957157218496683,0.0,4.999999999999554,4.999999999999558
0.00011962157218496683,0.0,4.999999999999553,4.999999999999558
0.00011967157218496683,0.0,4.999999999999553,4.999999999999558
0.00011972157218496683,0.0,4.999999999999554,4.999999999999558
0.00011977157218496684,0.0,4.999999999999555,4.999999999999558
0.00011982157218496684,0.0,4.999999999999555,4.999999999999558
0.00011987157218496684,0.0,4.999999999999554,4.999999999999558
0.00011992157218496684,0.0,4.999999999999553,4.999999999999558
0.00011997157218496684,0.0,4.999999999999553,4.999999999999558
0.00012002157218496684,0.0,4.999999999999554,4.999999999999558
0.00012007157218496684,0.0,4.999999999999555,4.999999999999558
0.00012012157218496684,0.0,4.999999999999555,4.999999999999558
0.00012017157218496685,0.0,4.999999999999554,4.999999999999558
0.00012022157218496685,0.0,4.999999999999553,4.999999999999558
0.00012027157218496685,0.0,4.999999999999553,4.999999999999558
0.00012032157218496685,0.0,4.999999999999554,4.999999999999558
0.00012037157218496685,0.0,4.999999999999555,4.999999999999558
0.00012042157218496685,0.0,4.999999999999555,4.999999999999558
0.00012047157218496685,0.0,4.999999999999554,4.999999999999558
0.00012052157218496685,0.0,4.999999999999553,4.999999999999558
0.00012057157218496686,0.0,4.999999999999553,4.999999999999558
0.00012062157218496686,0.0,4.999999999999554,4.999999999999558
0.00012067157218496686,0.0,4.999999999999555,4.999999999999558
0.00012072157218496686,0.0,4.999999999999555,4.999999999999558
0.00012077157218496686,0.0,4.999999999999554,4.999999999999558
0.00012082157218496686,0.0,4.999999999999553,4.999999999999558
0.00012087157218496686,0.0,4.999999999999553,4.999999999999558
0.00012092157218496686,0.0,4.999999999999554,4.999999999999558
0.00012097157218496686,0.0,4.999999999999555,4.999999999999558
0.00012102157218496687,0.0,4.999999999999555,4.999999999999558
0.00012107157218496687,0.0,4.999999999999554,4.999999999999558
0.00012112157218496687,0.0,4.999999999999553,4.999999999999558
0.00012117157218496687,0.0,4.999999999999553,4.999999999999558
0.00012122157218496687,0.0,4.999999999999554,4.999999999999558
0.00012127157218496687,0.0,4.999999999999555,4.999999999999558
0.00012132157218496687,0.0,4.999999999999555,4.999999999999558
0.00012137157218496687,0.0,4.999999999999554,4.999999999999558
0.00012142157218496688,0.0,4.999999999999553,4.999999999999558
0.00012147157218496688,0.0,4.999999999999553,4.999999999999558
0.00012152157218496688,0.0,4.999999999999554,4.999999999999558
0.00012157157218496688,0.0,4.999999999999555,4.999999999999558
0.00012162157218496688,0.0,4.999999999999555,4.999999999999558
0.00012167157218496688,0.0,4.999999999999554,4.999999999999558
0.00012172157218496688,0.0,4.999999999999553,4.999999999999558
0.00012177157218496688,0.0,4.999999999999553,4.999999999999558
0.00012182157218496689,0.0,4.999999999999554,4.999999999999558
0.00012187157218496689,0.0,4.999999999999555,4.999999999999558
0.00012192157218496689,0.0,4.999999999999555,4.999999999999558
0.00012197157218496689,0.0,4.999999999999554,4.999999999999558
0.00012202157218496689,0.0,4.999999999999553,4.999999999999558
0.00012207157218496688,0.0,4.999999999999553,4.999999999999558
0.00012212157218496688,0.0,4.999999999999554,4.999999999999558
0.00012217157218496688,0.0,4.999999999999555,4.999999999999558
0.00012222157218496688,0.0,4.999999999999555,4.999999999999558
0.00012227157218496688,0.0,4.999999999999554,4.999999999999558
0.00012232157218496688,0.0,4.999999999999553,4.999999999999558
0.00012237157218496689,0.0,4.999999999999553,4.999999999999558
0.0001224215721849669,0.0,4.999999999999554,4.999999999999558
0.0001224715721849669,0.0,4.999999999999555,4.999999999999558
0.0001225215721849669,0.0,4.999999999999555,4.999999999999558
0.0001225715721849669,0.0,4.999999999999554,4.999999999999558
0.0001226215721849669,0.0,4.999999999999553,4.999999999999558
0.0001226715721849669,0.0,4.999999999999553,4.999999999999558
0.0001227215721849669,0.0,4.999999999999554,4.999999999999558
0.0001227715721849669,0.0,4.999999999999555,4.999999999999558
0.0001228215721849669,0.0,4.999999999999555,4.999999999999558
0.0001228715721849669,0.0,4.999999999999554,4.999999999999558
0.0001229215721849669,0.0,4.999999999999553,4.999999999999558
0.0001229715721849669,0.0,4.999999999999553,4.999999999999558
0.0001230215721849669,0.0,4.999999999999554,4.999999999999558
0.0001230715721849669,0.0,4.999999999999555,4.999999999999558
0.0001231215721849669,0.0,4.999999999999555,4.999999999999558
0.0001231715721849669,0.0,4.999999999999554,4.999999999999558
0.0001232215721849669,0.0,4.999999999999553,4.999999999999558
0.0001232715721849669,0.0,4.999999999999553,4.999999999999558
0.0001233215721849669,0.0,4.999999999999554,4.999999999999558
0.0001233715721849669,0.0,4.999999999999555,4.999999999999558
0.0001234215721849669,0.0,4.999999999999555,4.999999999999558
0.0001234715721849669,0.0,4.999999999999554,4.999999999999558
0.0001235215721849669,0.0,4.999999999999553,4.999999999999558
0.00012357157218496691,0.0,4.999999999999553,4.999999999999558
0.00012362157218496692,0.0,4.999999999999554,4.999999999999558
0.00012367157218496692,0.0,4.999999999999555,4.999999999999558
0.00012372157218496692,0.0,4.999999999999555,4.999999999999558
0.00012377157218496692,0.0,4.999999999999554,4.999999999999558
0.00012382157218496692,0.0,4.999999999999553,4.999999999999558
0.00012387157218496692,0.0,4.999999999999553,4.999999999999558
0.00012392157218496692,0.0,4.999999999999554,4.999999999999558
0.00012397157218496692,0.0,4.999999999999555,4.999999999999558
0.00012402157218496693,0.0,4.999999999999555,4.999999999999558
0.00012407157218496693,0.0,4.999999999999554,4.999999999999558
0.00012412157218496693,0.0,4.999999999999553,4.999999999999558
0.00012417157218496693,0.0,4.999999999999553,4.999999999999558
0.00012422157218496693,0.0,4.999999999999554,4.999999999999558
0.00012427157218496693,0.0,4.999999999999555,4.999999999999558
0.00012432157218496693,0.0,4.999999999999555,4.999999999999558
0.00012437157218496693,0.0,4.999999999999554,4.999999999999558
0.00012442157218496694,0.0,4.999999999999553,4.999999999999558
0.00012447157218496694,0.0,4.999999999999553,4.999999999999558
0.00012452157218496694,0.0,4.999999999999554,4.999999999999558
0.00012457157218496694,0.0,4.999999999999555,4.999999999999558
0.00012462157218496694,0.0,4.999999999999555,4.999999999999558
0.00012467157218496694,0.0,4.999999999999554,4.999999999999558
0.00012472157218496694,0.0,4.999999999999553,4.999999999999558
0.00012477157218496694,0.0,4.999999999999553,4.999999999999558
0.00012482157218496694,0.0,4.999999999999554,4.999999999999558
0.00012487157218496695,0.0,4.999999999999555,4.999999999999558
0.00012492157218496695,0.0,4.999999999999555,4.999999999999558
0.00012497157218496695,0.0,4.999999999999554,4.999999999999558
0.00012502157218496695,0.0,4.999999999999553,4.999999999999558
0.00012507157218496695,0.0,4.999999999999553,4.999999999999558
0.00012512157218496695,0.0,4.999999999999554,4.999999999999558
0.00012517157218496695,0.0,4.999999999999555,4.999999999999558
0.00012522157218496695,0.0,4.999999999999555,4.999999999999558
0.00012527157218496696,0.0,4.999999999999554,4.999999999999558
0.00012532157218496696,0.0,4.999999999999553,4.999999999999558
0.00012537157218496696,0.0,4.999999999999553,4.999999999999558
0.00012542157218496696,0.0,4.999999999999554,4.999999999999558
0.00012547157218496696,0.0,4.999999999999555,4.999999999999558
0.00012552157218496696,0.0,4.999999999999555,4.999999999999558
0.00012557157218496696,0.0,4.999999999999554,4.999999999999558
0.00012562157218496696,0.0,4.999999999999553,4.999999999999558
0.00012567157218496697,0.0,4.999999999999553,4.999999999999558
0.00012572157218496697,0.0,4.999999999999554,4.999999999999558
0.00012577157218496697,0.0,4.999999999999555,4.999999999999558
0.00012582157218496697,0.0,4.999999999999555,4.999999999999558
0.00012587157218496697,0.0,4.999999999999554,4.999999999999558
0.00012592157218496697,0.0,4.999999999999553,4.999999999999558
0.00012597157218496697,0.0,4.999999999999553,4.999999999999558
0.00012602157218496697,0.0,4.999999999999554,4.999999999999558
0.00012607157218496698,0.0,4.999999999999555,4.999999999999558
0.00012612157218496698,0.0,4.999999999999555,4.999999999999558
0.00012617157218496698,0.0,4.999999999999554,4.999999999999558
0.00012622157218496698,0.0,4.999999999999553,4.999999999999558
0.00012627157218496698,0.0,4.999999999999553,4.999999999999558
0.00012632157218496698,0.0,4.999999999999554,4.999999999999558
0.00012637157218496698,0.0,4.999999999999555,4.999999999999558
0.00012642157218496698,0.0,4.999999999999555,4.999999999999558
0.00012647157218496699,0.0,4.999999999999554,4.999999999999558
0.00012652157218496699,0.0,4.999999999999553,4.999999999999558
0.000126571572184967,0.0,4.999999999999553,4.999999999999558
0.000126621572184967,0.0,4.999999999999554,4.999999999999558
0.000126671572184967,0.0,4.999999999999555,4.999999999999558
0.000126721572184967,0.0,4.999999999999555,4.999999999999558
0.000126771572184967,0.0,4.999999999999554,4.999999999999558
0.000126821572184967,0.0,4.999999999999553,4.999999999999558
0.000126871572184967,0.0,4.999999999999553,4.999999999999558
0.000126921572184967,0.0,4.999999999999554,4.999999999999558
0.000126971572184967,0.0,4.999999999999555,4.999999999999558
0.000127021572184967,0.0,4.999999999999555,4.999999999999558
0.000127071572184967,0.0,4.999999999999554,4.999999999999558
0.000127121572184967,0.0,4.999999999999553,4.999999999999558
0.000127171572184967,0.0,4.999999999999553,4.999999999999558
0.000127221572184967,0.0,4.999999999999554,4.999999999999558
0.000127271572184967,0.0,4.999999999999555,4.999999999999558
0.000127321572184967,0.0,4.999999999999555,4.999999999999558
0.000127371572184967,0.0,4.999999999999554,4.999999999999558
0.000127421572184967,0.0,4.999999999999553,4.999999999999558
0.000127471572184967,0.0,4.999999999999553,4.999999999999558
0.000127521572184967,0.0,4.999999999999554,4.999999999999558
0.000127571572184967,0.0,4.999999999999555,4.999999999999558
0.000127621572184967,0.0,4.999999999999555,4.999999999999558
0.00012767157218496701,0.0,4.999999999999554,4.999999999999558
0.00012772157218496702,0.0,4.999999999999553,4.999999999999558
0.00012777157218496702,0.0,4.999999999999553,4.999999999999558
0.00012782157218496702,0.0,4.999999999999554,4.999999999999558
0.00012787157218496702,0.0,4.999999999999555,4.999999999999558
0.00012792157218496702,0.0,4.999999999999555,4.999999999999558
0.00012797157218496702,0.0,4.999999999999554,4.999999999999558
0.00012802157218496702,0.0,4.999999999999553,4.999999999999558
0.00012807157218496702,0.0,4.999999999999553,4.999999999999558
0.00012812157218496703,0.0,4.999999999999554,4.999999999999558
0.00012817157218496703,0.0,4.999999999999555,4.999999999999558
0.00012822157218496703,0.0,4.999999999999555,4.999999999999558
0.00012827157218496703,0.0,4.999999999999554,4.999999999999558
0.00012832157218496703,0.0,4.999999999999553,4.999999999999558
0.00012837157218496703,0.0,4.999999999999553,4.999999999999558
0.00012842157218496703,0.0,4.999999999999554,4.999999999999558
0.00012847157218496703,0.0,4.999999999999555,4.999999999999558
0.00012852157218496703,0.0,4.999999999999555,4.999999999999558
0.00012857157218496704,0.0,4.999999999999554,4.999999999999558
0.00012862157218496704,0.0,4.999999999999553,4.999999999999558
0.00012867157218496704,0.0,4.999999999999553,4.999999999999558
0.00012872157218496704,0.0,4.999999999999554,4.999999999999558
0.00012877157218496704,0.0,4.999999999999555,4.999999999999558
0.00012882157218496704,0.0,4.999999999999555,4.999999999999558
0.00012887157218496704,0.0,4.999999999999554,4.999999999999558
0.00012892157218496704,0.0,4.999999999999553,4.999999999999558
0.00012897157218496705,0.0,4.999999999999553,4.999999999999558
0.00012902157218496705,0.0,4.999999999999554,4.999999999999558
0.00012907157218496705,0.0,4.999999999999555,4.999999999999558
0.00012912157218496705,0.0,4.999999999999555,4.999999999999558
0.00012917157218496705,0.0,4.999999999999554,4.999999999999558
0.00012922157218496705,0.0,4.999999999999553,4.999999999999558
0.00012927157218496705,0.0,4.999999999999553,4.999999999999558
0.00012932157218496705,0.0,4.999999999999554,4.999999999999558
0.00012937157218496706,0.0,4.999999999999555,4.999999999999558
0.00012942157218496706,0.0,4.999999999999555,4.999999999999558
0.00012947157218496706,0.0,4.999999999999554,4.999999999999558
0.00012952157218496706,0.0,4.999999999999553,4.999999999999558
0.00012957157218496706,0.0,4.999999999999553,4.999999999999558
0.00012962157218496706,0.0,4.999999999999554,4.999999999999558
0.00012967157218496706,0.0,4.999999999999555,4.999999999999558
0.00012972157218496706,0.0,4.999999999999555,4.999999999999558
0.00012977157218496707,0.0,4.999999999999554,4.999999999999558
0.00012982157218496707,0.0,4.999999999999553,4.999999999999558
0.00012987157218496707,0.0,4.999999999999553,4.999999999999558
0.00012992157218496707,0.0,4.999999999999554,4.999999999999558
0.00012996078609248352,0.0,4.999999999999554,4.999999999999558
0.00013,0.0,4.999999999999554,4.999999999999559
0.00013000099999999998,0.3299999999962513,4.999999999993777,4.9999999999995595
0.00013000299999999998,0.9899999999976985,4.99999691480268,4.999999999999561
0.00013000649999999998,2.144999999997995,4.853796993011979,4.999999999999562
0.00013000999999999998,3.299999999998292,4.57045259144954,4.999999999999561
0.00013001069999999998,3.3000000000000003,4.51628431279341,4.999999999999562
0.00013001209999999997,3.3000000000000003,4.4093136600572915,4.999999999999563
0.00013001489999999997,3.3000000000000003,4.203363699623461,4.999999999999564
0.00013002049999999999,3.3000000000000003,3.8214875063053704,4.999999999999564
0.00013003169999999998,3.3000000000000003,3.163916448519881,4.999999999999561
0.00013005409999999998,3.3000000000000003,2.1834342596916434,4.999999999999559
0.0001300989,3.3000000000000003,1.0757209599948916,4.999999999999557
0.00013014351774037733,3.3000000000000003,0.6120005637657895,4.999999999999556
0.00013018640279940152,3.3000000000000003,0.42198959091249727,4.999999999999556
0.0001302278892257344,3.3000000000000003,0.34079544460660427,4.999999999999556
0.0001302778892257344,3.3000000000000003,0.29901830997440404,4.999999999999556
0.0001303278892257344,3.3000000000000003,0.28341062971808767,4.999999999999556
0.0001303778892257344,3.3000000000000003,0.27757969647845726,4.999999999999556
0.0001304278892257344,3.3000000000000003,0.2754012957240423,4.999999999999556
0.0001304778892257344,3.3000000000000003,0.274587458615673,4.999999999999556
0.0001305278892257344,3.3000000000000003,0.27428341408317986,4.999999999999556
0.0001305778892257344,3.3000000000000003,0.2741698249179914,4.999999999999556
0.0001306278892257344,3.3000000000000003,0.2741273887053012,4.999999999999556
0.0001306778892257344,3.3000000000000003,0.27411153479754063,4.999999999999556
0.0001307278892257344,3.3000000000000003,0.27410561187522153,4.999999999999556
0.0001307778892257344,3.3000000000000003,0.27410339910791354,4.999999999999556
0.00013082788922573441,3.3000000000000003,0.27410257243167235,4.999999999999556
0.00013087788922573442,3.3000000000000003,0.2741022635905188,4.999999999999556
0.00013092788922573442,3.3000000000000003,0.2741021482093655,4.999999999999556
0.00013097788922573442,3.3000000000000003,0.2741021051036771,4.999999999999556
0.00013102788922573442,3.3000000000000003,0.27410208899965743,4.999999999999556
0.00013107788922573442,3.3000000000000003,0.27410208298329486,4.999999999999556
0.00013112788922573442,3.3000000000000003,0.2741020807356188,4.999999999999556
0.00013117788922573442,3.3000000000000003,0.2741020798959009,4.999999999999556
0.00013122788922573442,3.3000000000000003,0.2741020795821875,4.999999999999556
0.00013127788922573442,3.3000000000000003,0.27410207946498605,4.999999999999556
0.00013132788922573443,3.3000000000000003,0.2741020794212003,4.999999999999556
0.00013137788922573443,3.3000000000000003,0.2741020794048422,4.999999999999556
0.00013142788922573443,3.3000000000000003,0.27410207939873094,4.999999999999556
0.00013147788922573443,3.3000000000000003,0.2741020793964478,4.999999999999556
0.00013152788922573443,3.3000000000000003,0.2741020793955949,4.999999999999556
0.00013157788922573443,3.3000000000000003,0.27410207939527625,4.999999999999556
0.00013162788922573443,3.3000000000000003,0.2741020793951571,4.999999999999556
0.00013167788922573443,3.3000000000000003,0.2741020793951126,4.999999999999556
0.00013172788922573444,3.3000000000000003,0.274102079395096,4.999999999999556
0.00013177788922573444,3.3000000000000003,0.2741020793950898,4.999999999999556
0.00013182788922573444,3.3000000000000003,0.27410207939508746,4.999999999999556
0.00013187788922573444,3.3000000000000003,0.27410207939508663,4.999999999999556
0.00013192788922573444,3.3000000000000003,0.27410207939508635,4.999999999999556
0.00013197788922573444,3.3000000000000003,0.27410207939508624,4.999999999999556
0.00013202788922573444,3.3000000000000003,0.27410207939508624,4.999999999999556
0.00013207788922573444,3.3000000000000003,0.27410207939508624,4.999999999999556
0.00013212788922573445,3.3000000000000003,0.27410207939508624,4.999999999999556
0.00013217788922573445,3.3000000000000003,0.27410207939508624,4.999999999999556
0.00013222788922573445,3.3000000000000003,0.27410207939508624,4.999999999999556
0.00013227788922573445,3.3000000000000003,0.27410207939508624,4.999999999999556
0.00013232788922573445,3.3000000000000003,0.27410207939508624,4.999999999999556
0.00013237788922573445,3.3000000000000003,0.27410207939508624,4.999999999999556
0.00013242788922573445,3.3000000000000003,0.27410207939508624,4.999999999999556
0.00013247788922573445,3.3000000000000003,0.27410207939508624,4.999999999999556
0.00013252788922573446,3.3000000000000003,0.27410207939508624,4.999999999999556
0.00013257788922573446,3.3000000000000003,0.27410207939508624,4.999999999999556
0.00013262788922573446,3.3000000000000003,0.27410207939508624,4.999999999999556
0.00013267788922573446,3.3000000000000003,0.27410207939508624,4.999999999999556
0.00013272788922573446,3.3000000000000003,0.27410207939508624,4.999999999999556
0.00013277788922573446,3.3000000000000003,0.27410207939508624,4.999999999999556
0.00013282788922573446,3.3000000000000003,0.27410207939508624,4.999999999999556
0.00013287788922573446,3.3000000000000003,0.27410207939508624,4.999999999999556
0.00013292788922573447,3.3000000000000003,0.27410207939508624,4.999999999999556
0.00013297788922573447,3.3000000000000003,0.27410207939508624,4.999999999999556
0.00013302788922573447,3.3000000000000003,0.27410207939508624,4.999999999999556
0.00013307788922573447,3.3000000000000003,0.27410207939508624,4.999999999999556
0.00013312788922573447,3.3000000000000003,0.27410207939508624,4.999999999999556
0.00013317788922573447,3.3000000000000003,0.27410207939508624,4.999999999999556
0.00013322788922573447,3.3000000000000003,0.27410207939508624,4.999999999999556
0.00013327788922573447,3.3000000000000003,0.27410207939508624,4.999999999999556
0.00013332788922573447,3.3000000000000003,0.27410207939508624,4.999999999999556
0.00013337788922573448,3.3000000000000003,0.27410207939508624,4.999999999999556
0.00013342788922573448,3.3000000000000003,0.27410207939508624,4.999999999999556
0.00013347788922573448,3.3000000000000003,0.27410207939508624,4.999999999999556
0.00013352788922573448,3.3000000000000003,0.27410207939508624,4.999999999999556
0.00013357788922573448,3.3000000000000003,0.27410207939508624,4.999999999999556
0.00013362788922573448,3.3000000000000003,0.27410207939508624,4.999999999999556
0.00013367788922573448,3.3000000000000003,0.27410207939508624,4.999999999999556
0.00013372788922573448,3.3000000000000003,0.27410207939508624,4.999999999999556
0.00013377788922573449,3.3000000000000003,0.27410207939508624,4.999999999999556
0.0001338278892257345,3.3000000000000003,0.27410207939508624,4.999999999999556
0.0001338778892257345,3.3000000000000003,0.27410207939508624,4.999999999999556
0.0001339278892257345,3.3000000000000003,0.27410207939508624,4.999999999999556
0.0001339778892257345,3.3000000000000003,0.27410207939508624,4.999999999999556
0.0001340278892257345,3.3000000000000003,0.27410207939508624,4.999999999999556
0.0001340778892257345,3.3000000000000003,0.27410207939508624,4.999999999999556
0.0001341278892257345,3.3000000000000003,0.27410207939508624,4.999999999999556
0.0001341778892257345,3.3000000000000003,0.27410207939508624,4.999999999999556
0.0001342278892257345,3.3000000000000003,0.27410207939508624,4.999999999999556
0.0001342778892257345,3.3000000000000003,0.27410207939508624,4.999999999999556
0.0001343278892257345,3.3000000000000003,0.27410207939508624,4.999999999999556
0.0001343778892257345,3.3000000000000003,0.27410207939508624,4.999999999999556
0.0001344278892257345,3.3000000000000003,0.27410207939508624,4.999999999999556
0.0001344778892257345,3.3000000000000003,0.27410207939508624,4.999999999999556
0.0001345278892257345,3.3000000000000003,0.27410207939508624,4.999999999999556
0.0001345778892257345,3.3000000000000003,0.27410207939508624,4.999999999999556
0.0001346278892257345,3.3000000000000003,0.27410207939508624,4.999999999999556
0.0001346778892257345,3.3000000000000003,0.27410207939508624,4.999999999999556
0.0001347278892257345,3.3000000000000003,0.27410207939508624,4.999999999999556
0.0001347778892257345,3.3000000000000003,0.27410207939508624,4.999999999999556
0.0001348278892257345,3.3000000000000003,0.27410207939508624,4.999999999999556
0.0001348778892257345,3.3000000000000003,0.27410207939508624,4.999999999999556
0.00013492788922573451,3.3000000000000003,0.27410207939508624,4.999999999999556
0.00013497788922573451,3.3000000000000003,0.27410207939508624,4.999999999999556
0.00013502788922573452,3.3000000000000003,0.27410207939508624,4.999999999999556
0.00013507788922573452,3.3000000000000003,0.27410207939508624,4.999999999999556
0.00013512788922573452,3.3000000000000003,0.27410207939508624,4.999999999999556
0.00013517788922573452,3.3000000000000003,0.27410207939508624,4.999999999999556
0.00013522788922573452,3.3000000000000003,0.27410207939508624,4.999999999999556
0.00013527788922573452,3.3000000000000003,0.27410207939508624,4.999999999999556
0.00013532788922573452,3.3000000000000003,0.27410207939508624,4.999999999999556
0.00013537788922573452,3.3000000000000003,0.27410207939508624,4.999999999999556
0.00013542788922573453,3.3000000000000003,0.27410207939508624,4.999999999999556
0.00013547788922573453,3.3000000000000003,0.27410207939508624,4.999999999999556
0.00013552788922573453,3.3000000000000003,0.27410207939508624,4.999999999999556
0.00013557788922573453,3.3000000000000003,0.27410207939508624,4.999999999999556
0.00013562788922573453,3.3000000000000003,0.27410207939508624,4.999999999999556
0.00013567788922573453,3.3000000000000003,0.27410207939508624,4.999999999999556
0.00013572788922573453,3.3000000000000003,0.27410207939508624,4.999999999999556
0.00013577788922573453,3.3000000000000003,0.27410207939508624,4.999999999999556
0.00013582788922573454,3.3000000000000003,0.27410207939508624,4.999999999999556
0.00013587788922573454,3.3000000000000003,0.27410207939508624,4.999999999999556
0.00013592788922573454,3.3000000000000003,0.27410207939508624,4.999999999999556
0.00013597788922573454,3.3000000000000003,0.27410207939508624,4.999999999999556
0.00013602788922573454,3.3000000000000003,0.27410207939508624,4.999999999999556
0.00013607788922573454,3.3000000000000003,0.27410207939508624,4.999999999999556
0.00013612788922573454,3.3000000000000003,0.27410207939508624,4.999999999999556
0.00013617788922573454,3.3000000000000003,0.27410207939508624,4.999999999999556
0.00013622788922573455,3.3000000000000003,0.27410207939508624,4.999999999999556
0.00013627788922573455,3.3000000000000003,0.27410207939508624,4.999999999999556
0.00013632788922573455,3.3000000000000003,0.27410207939508624,4.999999999999556
0.00013637788922573455,3.3000000000000003,0.27410207939508624,4.999999999999556
0.00013642788922573455,3.3000000000000003,0.27410207939508624,4.999999999999556
0.00013647788922573455,3.3000000000000003,0.27410207939508624,4.999999999999556
0.00013652788922573455,3.3000000000000003,0.27410207939508624,4.999999999999556
0.00013657788922573455,3.3000000000000003,0.27410207939508624,4.999999999999556
0.00013662788922573455,3.3000000000000003,0.27410207939508624,4.999999999999556
0.00013667788922573456,3.3000000000000003,0.27410207939508624,4.999999999999556
0.00013672788922573456,3.3000000000000003,0.27410207939508624,4.999999999999556
0.00013677788922573456,3.3000000000000003,0.27410207939508624,4.999999999999556
0.00013682788922573456,3.3000000000000003,0.27410207939508624,4.999999999999556
0.00013687788922573456,3.3000000000000003,0.27410207939508624,4.999999999999556
0.00013692788922573456,3.3000000000000003,0.27410207939508624,4.999999999999556
0.00013697788922573456,3.3000000000000003,0.27410207939508624,4.999999999999556
0.00013702788922573456,3.3000000000000003,0.27410207939508624,4.999999999999556
0.00013707788922573457,3.3000000000000003,0.27410207939508624,4.999999999999556
0.00013712788922573457,3.3000000000000003,0.27410207939508624,4.999999999999556
0.00013717788922573457,3.3000000000000003,0.27410207939508624,4.999999999999556
0.00013722788922573457,3.3000000000000003,0.27410207939508624,4.999999999999556
0.00013727788922573457,3.3000000000000003,0.27410207939508624,4.999999999999556
0.00013732788922573457,3.3000000000000003,0.27410207939508624,4.999999999999556
0.00013737788922573457,3.3000000000000003,0.27410207939508624,4.999999999999556
0.00013742788922573457,3.3000000000000003,0.27410207939508624,4.999999999999556
0.00013747788922573458,3.3000000000000003,0.27410207939508624,4.999999999999556
0.00013752788922573458,3.3000000000000003,0.27410207939508624,4.999999999999556
0.00013757788922573458,3.3000000000000003,0.27410207939508624,4.999999999999556
0.00013762788922573458,3.3000000000000003,0.27410207939508624,4.999999999999556
0.00013767788922573458,3.3000000000000003,0.27410207939508624,4.999999999999556
0.00013772788922573458,3.3000000000000003,0.27410207939508624,4.999999999999556
0.00013777788922573458,3.3000000000000003,0.27410207939508624,4.999999999999556
0.00013782788922573458,3.3000000000000003,0.27410207939508624,4.999999999999556
0.00013787788922573459,3.3000000000000003,0.27410207939508624,4.999999999999556
0.0001379278892257346,3.3000000000000003,0.27410207939508624,4.999999999999556
0.0001379778892257346,3.3000000000000003,0.27410207939508624,4.999999999999556
0.0001380278892257346,3.3000000000000003,0.27410207939508624,4.999999999999556
0.0001380778892257346,3.3000000000000003,0.27410207939508624,4.999999999999556
0.0001381278892257346,3.3000000000000003,0.27410207939508624,4.999999999999556
0.0001381778892257346,3.3000000000000003,0.27410207939508624,4.999999999999556
0.0001382278892257346,3.3000000000000003,0.27410207939508624,4.999999999999556
0.0001382778892257346,3.3000000000000003,0.27410207939508624,4.999999999999556
0.0001383278892257346,3.3000000000000003,0.27410207939508624,4.999999999999556
0.0001383778892257346,3.3000000000000003,0.27410207939508624,4.999999999999556
0.0001384278892257346,3.3000000000000003,0.27410207939508624,4.999999999999556
0.0001384778892257346,3.3000000000000003,0.27410207939508624,4.999999999999556
0.0001385278892257346,3.3000000000000003,0.27410207939508624,4.999999999999556
0.0001385778892257346,3.3000000000000003,0.27410207939508624,4.999999999999556
0.0001386278892257346,3.3000000000000003,0.27410207939508624,4.999999999999556
0.0001386778892257346,3.3000000000000003,0.27410207939508624,4.999999999999556
0.0001387278892257346,3.3000000000000003,0.27410207939508624,4.999999999999556
0.0001387778892257346,3.3000000000000003,0.27410207939508624,4.999999999999556
0.0001388278892257346,3.3000000000000003,0.27410207939508624,4.999999999999556
0.0001388778892257346,3.3000000000000003,0.27410207939508624,4.999999999999556
0.0001389278892257346,3.3000000000000003,0.27410207939508624,4.999999999999556
0.0001389778892257346,3.3000000000000003,0.27410207939508624,4.999999999999556
0.0001390278892257346,3.3000000000000003,0.27410207939508624,4.999999999999556
0.00013907788922573461,3.3000000000000003,0.27410207939508624,4.999999999999556
0.00013912788922573462,3.3000000000000003,0.27410207939508624,4.999999999999556
0.00013917788922573462,3.3000000000000003,0.27410207939508624,4.999999999999556
0.00013922788922573462,3.3000000000000003,0.27410207939508624,4.999999999999556
0.00013927788922573462,3.3000000000000003,0.27410207939508624,4.999999999999556
0.00013932788922573462,3.3000000000000003,0.27410207939508624,4.999999999999556
0.00013937788922573462,3.3000000000000003,0.27410207939508624,4.999999999999556
0.00013942788922573462,3.3000000000000003,0.27410207939508624,4.999999999999556
0.00013947788922573462,3.3000000000000003,0.27410207939508624,4.999999999999556
0.00013952788922573463,3.3000000000000003,0.27410207939508624,4.999999999999556
0.00013957788922573463,3.3000000000000003,0.27410207939508624,4.999999999999556
0.00013962788922573463,3.3000000000000003,0.27410207939508624,4.999999999999556
0.00013967788922573463,3.3000000000000003,0.27410207939508624,4.999999999999556
0.00013972788922573463,3.3000000000000003,0.27410207939508624,4.999999999999556
0.00013977788922573463,3.3000000000000003,0.27410207939508624,4.999999999999556
0.00013982788922573463,3.3000000000000003,0.27410207939508624,4.999999999999556
0.00013987788922573463,3.3000000000000003,0.27410207939508624,4.999999999999556
0.00013992788922573464,3.3000000000000003,0.27410207939508624,4.999999999999556
0.00013997788922573464,3.3000000000000003,0.27410207939508624,4.999999999999556
0.00014002788922573464,3.3000000000000003,0.27410207939508624,4.999999999999556
0.00014007788922573464,3.3000000000000003,0.27410207939508624,4.999999999999556
0.00014012788922573464,3.3000000000000003,0.27410207939508624,4.999999999999556
0.00014017788922573464,3.3000000000000003,0.27410207939508624,4.999999999999556
0.00014022788922573464,3.3000000000000003,0.27410207939508624,4.999999999999556
0.00014027788922573464,3.3000000000000003,0.27410207939508624,4.999999999999556
0.00014032788922573464,3.3000000000000003,0.27410207939508624,4.999999999999556
0.00014037788922573465,3.3000000000000003,0.27410207939508624,4.999999999999556
0.00014042788922573465,3.3000000000000003,0.27410207939508624,4.999999999999556
0.00014047788922573465,3.3000000000000003,0.27410207939508624,4.999999999999556
0.00014052788922573465,3.3000000000000003,0.27410207939508624,4.999999999999556
0.00014057788922573465,3.3000000000000003,0.27410207939508624,4.999999999999556
0.00014062788922573465,3.3000000000000003,0.27410207939508624,4.999999999999556
0.00014067788922573465,3.3000000000000003,0.27410207939508624,4.999999999999556
0.00014072788922573465,3.3000000000000003,0.27410207939508624,4.999999999999556
0.00014077788922573466,3.3000000000000003,0.27410207939508624,4.999999999999556
0.00014082788922573466,3.3000000000000003,0.27410207939508624,4.999999999999556
0.00014087788922573466,3.3000000000000003,0.27410207939508624,4.999999999999556
0.00014092788922573466,3.3000000000000003,0.27410207939508624,4.999999999999556
0.00014097788922573466,3.3000000000000003,0.27410207939508624,4.999999999999556
0.00014102788922573466,3.3000000000000003,0.27410207939508624,4.999999999999556
0.00014107788922573466,3.3000000000000003,0.27410207939508624,4.999999999999556
0.00014112788922573466,3.3000000000000003,0.27410207939508624,4.999999999999556
0.00014117788922573467,3.3000000000000003,0.27410207939508624,4.999999999999556
0.00014122788922573467,3.3000000000000003,0.27410207939508624,4.999999999999556
0.00014127788922573467,3.3000000000000003,0.27410207939508624,4.999999999999556
0.00014132788922573467,3.3000000000000003,0.27410207939508624,4.999999999999556
0.00014137788922573467,3.3000000000000003,0.27410207939508624,4.999999999999556
0.00014142788922573467,3.3000000000000003,0.27410207939508624,4.999999999999556
0.00014147788922573467,3.3000000000000003,0.27410207939508624,4.999999999999556
0.00014152788922573467,3.3000000000000003,0.27410207939508624,4.999999999999556
0.00014157788922573468,3.3000000000000003,0.27410207939508624,4.999999999999556
0.00014162788922573468,3.3000000000000003,0.27410207939508624,4.999999999999556
0.00014167788922573468,3.3000000000000003,0.27410207939508624,4.999999999999556
0.00014172788922573468,3.3000000000000003,0.27410207939508624,4.999999999999556
0.00014177788922573468,3.3000000000000003,0.27410207939508624,4.999999999999556
0.00014182788922573468,3.3000000000000003,0.27410207939508624,4.999999999999556
0.00014187788922573468,3.3000000000000003,0.27410207939508624,4.999999999999556
0.00014192788922573468,3.3000000000000003,0.27410207939508624,4.999999999999556
0.00014197788922573468,3.3000000000000003,0.27410207939508624,4.999999999999556
0.00014202788922573469,3.3000000000000003,0.27410207939508624,4.999999999999556
0.0001420778892257347,3.3000000000000003,0.27410207939508624,4.999999999999556
0.0001421278892257347,3.3000000000000003,0.27410207939508624,4.999999999999556
0.0001421778892257347,3.3000000000000003,0.27410207939508624,4.999999999999556
0.0001422278892257347,3.3000000000000003,0.27410207939508624,4.999999999999556
0.0001422778892257347,3.3000000000000003,0.27410207939508624,4.999999999999556
0.0001423278892257347,3.3000000000000003,0.27410207939508624,4.999999999999556
0.0001423778892257347,3.3000000000000003,0.27410207939508624,4.999999999999556
0.0001424278892257347,3.3000000000000003,0.27410207939508624,4.999999999999556
0.0001424778892257347,3.3000000000000003,0.27410207939508624,4.999999999999556
0.0001425278892257347,3.3000000000000003,0.27410207939508624,4.999999999999556
0.0001425778892257347,3.3000000000000003,0.27410207939508624,4.999999999999556
0.0001426278892257347,3.3000000000000003,0.27410207939508624,4.999999999999556
0.0001426778892257347,3.3000000000000003,0.27410207939508624,4.999999999999556
0.0001427278892257347,3.3000000000000003,0.27410207939508624,4.999999999999556
0.0001427778892257347,3.3000000000000003,0.27410207939508624,4.999999999999556
0.0001428278892257347,3.3000000000000003,0.27410207939508624,4.999999999999556
0.0001428778892257347,3.3000000000000003,0.27410207939508624,4.999999999999556
0.0001429278892257347,3.3000000000000003,0.27410207939508624,4.999999999999556
0.0001429778892257347,3.3000000000000003,0.27410207939508624,4.999999999999556
0.0001430278892257347,3.3000000000000003,0.27410207939508624,4.999999999999556
0.0001430778892257347,3.3000000000000003,0.27410207939508624,4.999999999999556
0.0001431278892257347,3.3000000000000003,0.27410207939508624,4.999999999999556
0.00014317788922573471,3.3000000000000003,0.27410207939508624,4.999999999999556
0.00014322788922573472,3.3000000000000003,0.27410207939508624,4.999999999999556
0.00014327788922573472,3.3000000000000003,0.27410207939508624,4.999999999999556
0.00014332788922573472,3.3000000000000003,0.27410207939508624,4.999999999999556
0.00014337788922573472,3.3000000000000003,0.27410207939508624,4.999999999999556
0.00014342788922573472,3.3000000000000003,0.27410207939508624,4.999999999999556
0.00014347788922573472,3.3000000000000003,0.27410207939508624,4.999999999999556
0.00014352788922573472,3.3000000000000003,0.27410207939508624,4.999999999999556
0.00014357788922573472,3.3000000000000003,0.27410207939508624,4.999999999999556
0.00014362788922573473,3.3000000000000003,0.27410207939508624,4.999999999999556
0.00014367788922573473,3.3000000000000003,0.27410207939508624,4.999999999999556
0.00014372788922573473,3.3000000000000003,0.27410207939508624,4.999999999999556
0.00014377788922573473,3.3000000000000003,0.27410207939508624,4.999999999999556
0.00014382788922573473,3.3000000000000003,0.27410207939508624,4.999999999999556
0.00014387788922573473,3.3000000000000003,0.27410207939508624,4.999999999999556
0.00014392788922573473,3.3000000000000003,0.27410207939508624,4.999999999999556
0.00014397788922573473,3.3000000000000003,0.27410207939508624,4.999999999999556
0.00014402788922573473,3.3000000000000003,0.27410207939508624,4.999999999999556
0.00014407788922573474,3.3000000000000003,0.27410207939508624,4.999999999999556
0.00014412788922573474,3.3000000000000003,0.27410207939508624,4.999999999999556
0.00014417788922573474,3.3000000000000003,0.27410207939508624,4.999999999999556
0.00014422788922573474,3.3000000000000003,0.27410207939508624,4.999999999999556
0.00014427788922573474,3.3000000000000003,0.27410207939508624,4.999999999999556
0.00014432788922573474,3.3000000000000003,0.27410207939508624,4.999999999999556
0.00014437788922573474,3.3000000000000003,0.27410207939508624,4.999999999999556
0.00014442788922573474,3.3000000000000003,0.27410207939508624,4.999999999999556
0.00014447788922573475,3.3000000000000003,0.27410207939508624,4.999999999999556
0.00014452788922573475,3.3000000000000003,0.27410207939508624,4.999999999999556
0.00014457788922573475,3.3000000000000003,0.27410207939508624,4.999999999999556
0.00014462788922573475,3.3000000000000003,0.27410207939508624,4.999999999999556
0.00014467788922573475,3.3000000000000003,0.27410207939508624,4.999999999999556
0.00014472788922573475,3.3000000000000003,0.27410207939508624,4.999999999999556
0.00014477788922573475,3.3000000000000003,0.27410207939508624,4.999999999999556
0.00014482788922573475,3.3000000000000003,0.27410207939508624,4.999999999999556
0.00014487788922573476,3.3000000000000003,0.27410207939508624,4.999999999999556
0.00014492788922573476,3.3000000000000003,0.27410207939508624,4.999999999999556
0.00014497788922573476,3.3000000000000003,0.27410207939508624,4.999999999999556
0.00014502788922573476,3.3000000000000003,0.27410207939508624,4.999999999999556
0.00014507788922573476,3.3000000000000003,0.27410207939508624,4.999999999999556
0.00014512788922573476,3.3000000000000003,0.27410207939508624,4.999999999999556
0.00014517788922573476,3.3000000000000003,0.27410207939508624,4.999999999999556
0.00014522788922573476,3.3000000000000003,0.27410207939508624,4.999999999999556
0.00014527788922573477,3.3000000000000003,0.27410207939508624,4.999999999999556
0.00014532788922573477,3.3000000000000003,0.27410207939508624,4.999999999999556
0.00014537788922573477,3.3000000000000003,0.27410207939508624,4.999999999999556
0.00014542788922573477,3.3000000000000003,0.27410207939508624,4.999999999999556
0.00014547788922573477,3.3000000000000003,0.27410207939508624,4.999999999999556
0.00014552788922573477,3.3000000000000003,0.27410207939508624,4.999999999999556
0.00014557788922573477,3.3000000000000003,0.27410207939508624,4.999999999999556
0.00014562788922573477,3.3000000000000003,0.27410207939508624,4.999999999999556
0.00014567788922573477,3.3000000000000003,0.27410207939508624,4.999999999999556
0.00014572788922573478,3.3000000000000003,0.27410207939508624,4.999999999999556
0.00014577788922573478,3.3000000000000003,0.27410207939508624,4.999999999999556
0.00014582788922573478,3.3000000000000003,0.27410207939508624,4.999999999999556
0.00014587788922573478,3.3000000000000003,0.27410207939508624,4.999999999999556
0.00014592788922573478,3.3000000000000003,0.27410207939508624,4.999999999999556
0.00014597788922573478,3.3000000000000003,0.27410207939508624,4.999999999999556
0.00014602788922573478,3.3000000000000003,0.27410207939508624,4.999999999999556
0.00014607788922573478,3.3000000000000003,0.27410207939508624,4.999999999999556
0.00014612788922573479,3.3000000000000003,0.27410207939508624,4.999999999999556
0.0001461778892257348,3.3000000000000003,0.27410207939508624,4.999999999999556
0.0001462278892257348,3.3000000000000003,0.27410207939508624,4.999999999999556
0.0001462778892257348,3.3000000000000003,0.27410207939508624,4.999999999999556
0.0001463278892257348,3.3000000000000003,0.27410207939508624,4.999999999999556
0.0001463778892257348,3.3000000000000003,0.27410207939508624,4.999999999999556
0.0001464278892257348,3.3000000000000003,0.27410207939508624,4.999999999999556
0.0001464778892257348,3.3000000000000003,0.27410207939508624,4.999999999999556
0.0001465278892257348,3.3000000000000003,0.27410207939508624,4.999999999999556
0.0001465778892257348,3.3000000000000003,0.27410207939508624,4.999999999999556
0.0001466278892257348,3.3000000000000003,0.27410207939508624,4.999999999999556
0.0001466778892257348,3.3000000000000003,0.27410207939508624,4.999999999999556
0.0001467278892257348,3.3000000000000003,0.27410207939508624,4.999999999999556
0.0001467778892257348,3.3000000000000003,0.27410207939508624,4.999999999999556
0.0001468278892257348,3.3000000000000003,0.27410207939508624,4.999999999999556
0.0001468778892257348,3.3000000000000003,0.27410207939508624,4.999999999999556
0.0001469278892257348,3.3000000000000003,0.27410207939508624,4.999999999999556
0.0001469778892257348,3.3000000000000003,0.27410207939508624,4.999999999999556
0.0001470278892257348,3.3000000000000003,0.27410207939508624,4.999999999999556
0.0001470778892257348,3.3000000000000003,0.27410207939508624,4.999999999999556
0.0001471278892257348,3.3000000000000003,0.27410207939508624,4.999999999999556
0.0001471778892257348,3.3000000000000003,0.27410207939508624,4.999999999999556
0.0001472278892257348,3.3000000000000003,0.27410207939508624,4.999999999999556
0.00014727788922573481,3.3000000000000003,0.27410207939508624,4.999999999999556
0.00014732788922573482,3.3000000000000003,0.27410207939508624,4.999999999999556
0.00014737788922573482,3.3000000000000003,0.27410207939508624,4.999999999999556
0.00014742788922573482,3.3000000000000003,0.27410207939508624,4.999999999999556
0.00014747788922573482,3.3000000000000003,0.27410207939508624,4.999999999999556
0.00014752788922573482,3.3000000000000003,0.27410207939508624,4.999999999999556
0.00014757788922573482,3.3000000000000003,0.27410207939508624,4.999999999999556
0.00014762788922573482,3.3000000000000003,0.27410207939508624,4.999999999999556
0.00014767788922573482,3.3000000000000003,0.27410207939508624,4.999999999999556
0.00014772788922573482,3.3000000000000003,0.27410207939508624,4.999999999999556
0.00014777788922573483,3.3000000000000003,0.27410207939508624,4.999999999999556
0.00014782788922573483,3.3000000000000003,0.27410207939508624,4.999999999999556
0.00014787788922573483,3.3000000000000003,0.27410207939508624,4.999999999999556
0.00014792788922573483,3.3000000000000003,0.27410207939508624,4.999999999999556
0.00014797788922573483,3.3000000000000003,0.27410207939508624,4.999999999999556
0.00014802788922573483,3.3000000000000003,0.27410207939508624,4.999999999999556
0.00014807788922573483,3.3000000000000003,0.27410207939508624,4.999999999999556
0.00014812788922573483,3.3000000000000003,0.27410207939508624,4.999999999999556
0.00014817788922573484,3.3000000000000003,0.27410207939508624,4.999999999999556
0.00014822788922573484,3.3000000000000003,0.27410207939508624,4.999999999999556
0.00014827788922573484,3.3000000000000003,0.27410207939508624,4.999999999999556
0.00014832788922573484,3.3000000000000003,0.27410207939508624,4.999999999999556
0.00014837788922573484,3.3000000000000003,0.27410207939508624,4.999999999999556
0.00014842788922573484,3.3000000000000003,0.27410207939508624,4.999999999999556
0.00014847788922573484,3.3000000000000003,0.27410207939508624,4.999999999999556
0.00014852788922573484,3.3000000000000003,0.27410207939508624,4.999999999999556
0.00014857788922573485,3.3000000000000003,0.27410207939508624,4.999999999999556
0.00014862788922573485,3.3000000000000003,0.27410207939508624,4.999999999999556
0.00014867788922573485,3.3000000000000003,0.27410207939508624,4.999999999999556
0.00014872788922573485,3.3000000000000003,0.27410207939508624,4.999999999999556
0.00014877788922573485,3.3000000000000003,0.27410207939508624,4.999999999999556
0.00014882788922573485,3.3000000000000003,0.27410207939508624,4.999999999999556
0.00014887788922573485,3.3000000000000003,0.27410207939508624,4.999999999999556
0.00014892788922573485,3.3000000000000003,0.27410207939508624,4.999999999999556
0.00014897788922573486,3.3000000000000003,0.27410207939508624,4.999999999999556
0.00014902788922573486,3.3000000000000003,0.27410207939508624,4.999999999999556
0.00014907788922573486,3.3000000000000003,0.27410207939508624,4.999999999999556
0.00014912788922573486,3.3000000000000003,0.27410207939508624,4.999999999999556
0.00014917788922573486,3.3000000000000003,0.27410207939508624,4.999999999999556
0.00014922788922573486,3.3000000000000003,0.27410207939508624,4.999999999999556
0.00014927788922573486,3.3000000000000003,0.27410207939508624,4.999999999999556
0.00014932788922573486,3.3000000000000003,0.27410207939508624,4.999999999999556
0.00014937788922573486,3.3000000000000003,0.27410207939508624,4.999999999999556
0.00014942788922573487,3.3000000000000003,0.27410207939508624,4.999999999999556
0.00014947788922573487,3.3000000000000003,0.27410207939508624,4.999999999999556
0.00014952788922573487,3.3000000000000003,0.27410207939508624,4.999999999999556
0.00014957788922573487,3.3000000000000003,0.27410207939508624,4.999999999999556
0.00014962788922573487,3.3000000000000003,0.27410207939508624,4.999999999999556
0.00014967788922573487,3.3000000000000003,0.27410207939508624,4.999999999999556
0.00014972788922573487,3.3000000000000003,0.27410207939508624,4.999999999999556
0.00014977788922573487,3.3000000000000003,0.27410207939508624,4.999999999999556
0.00014982788922573488,3.3000000000000003,0.27410207939508624,4.999999999999556
0.00014987788922573488,3.3000000000000003,0.27410207939508624,4.999999999999556
0.00014992788922573488,3.3000000000000003,0.27410207939508624,4.999999999999556
0.00014996894461286742,3.3000000000000003,0.2741020793950862,4.999999999999555
0.00015000999999999998,3.3000000000000003,0.27410207939508613,4.999999999999556
0.00015001099999999997,2.970000000005985,0.27410207939508635,4.999999999999556
0.00015001299999999997,2.310000000004538,0.2741020793953039,4.999999999999556
0.00015001593919803413,1.3400646487335222,0.39276867314032887,4.999999999999556
0.00015001796959901708,0.6700323243597892,0.5570216640475598,4.999999999999555
0.00015002,0.0,0.7185857605558312,4.999999999999554
0.0001500204060801966,0.0,0.7500669817009391,4.999999999999554
0.00015002121824058976,0.0,0.8125664614141368,4.999999999999554
0.00015002284256137612,0.0,0.9348281971443614,4.999999999999554
0.00015002609120294883,0.0,1.1687966218216626,4.999999999999554
0.00015003258848609422,0.0,1.5974657655619107,4.999999999999554
0.000150045583052385,0.0,2.318537452359932,4.999999999999554
0.0001500715721849666,0.0,3.3461700408148274,4.999999999999555
0.0001501215721849666,0.0,4.38213931068898,4.999999999999556
0.0001501715721849666,0.0,4.769171050943917,4.999999999999556
0.00015022157218496661,0.0,4.913763725959231,4.999999999999557
0.00015027157218496661,0.0,4.967782659017055,4.999999999999557
0.00015032157218496662,0.0,4.987963799786437,4.999999999999557
0.00015037157218496662,0.0,4.995503349712712,4.999999999999557
0.00015042157218496662,0.0,4.998320079140468,4.999999999999557
0.00015047157218496662,0.0,4.999372391910695,4.999999999999557
0.00015052157218496662,0.0,4.9997655294820476,4.999999999999557
0.00015057157218496662,0.0,4.999912403257964,4.999999999999557
0.00015062157218496662,0.0,4.9999672743962735,4.999999999999557
0.00015067157218496662,0.0,4.999987773915677,4.999999999999557
0.00015072157218496663,0.0,4.9999954324099,4.999999999999557
0.00015077157218496663,0.0,4.999998293576184,4.999999999999557
0.00015082157218496663,0.0,4.999999362490291,4.999999999999557
0.00015087157218496663,0.0,4.999999761830021,4.999999999999557
0.00015092157218496663,0.0,4.999999911020884,4.999999999999557
0.00015097157218496663,0.0,4.999999966757672,4.999999999999557
0.00015102157218496663,0.0,4.999999987580593,4.999999999999557
0.00015107157218496663,0.0,4.999999995359908,4.999999999999557
0.00015112157218496664,0.0,4.999999998266211,4.999999999999557
0.00015117157218496664,0.0,4.999999999351989,4.999999999999557
0.00015122157218496664,0.0,4.99999999975763,4.999999999999557
0.00015127157218496664,0.0,4.999999999909175,4.999999999999557
0.00015132157218496664,0.0,4.99999999996579,4.999999999999557
0.00015137157218496664,0.0,4.999999999986941,4.999999999999557
0.00015142157218496664,0.0,4.999999999994843,4.999999999999557
0.00015147157218496664,0.0,4.9999999999977955,4.999999999999557
0.00015152157218496665,0.0,4.999999999998898,4.999999999999557
0.00015157157218496665,0.0,4.999999999999309,4.999999999999557
0.00015162157218496665,0.0,4.999999999999462,4.999999999999557
0.00015167157218496665,0.0,4.99999999999952,4.999999999999557
0.00015172157218496665,0.0,4.999999999999542,4.999999999999557
0.00015177157218496665,0.0,4.99999999999955,4.999999999999557
0.00015182157218496665,0.0,4.999999999999553,4.999999999999557
0.00015187157218496665,0.0,4.999999999999554,4.999999999999557
0.00015192157218496666,0.0,4.999999999999555,4.999999999999557
0.00015197157218496666,0.0,4.999999999999555,4.999999999999557
0.00015202157218496666,0.0,4.999999999999554,4.999999999999557
0.00015207157218496666,0.0,4.999999999999553,4.999999999999557
0.00015212157218496666,0.0,4.999999999999553,4.999999999999557
0.00015217157218496666,0.0,4.999999999999554,4.999999999999557
0.00015222157218496666,0.0,4.999999999999555,4.999999999999557
0.00015227157218496666,0.0,4.999999999999555,4.999999999999557
0.00015232157218496666,0.0,4.999999999999554,4.999999999999557
0.00015237157218496667,0.0,4.999999999999553,4.999999999999557
0.00015242157218496667,0.0,4.999999999999553,4.999999999999557
0.00015247157218496667,0.0,4.999999999999554,4.999999999999557
0.00015252157218496667,0.0,4.999999999999555,4.999999999999557
0.00015257157218496667,0.0,4.999999999999555,4.999999999999557
0.00015262157218496667,0.0,4.999999999999554,4.999999999999557
0.00015267157218496667,0.0,4.999999999999553,4.999999999999557
0.00015272157218496667,0.0,4.999999999999553,4.999999999999557
0.00015277157218496668,0.0,4.999999999999554,4.999999999999557
0.00015282157218496668,0.0,4.999999999999555,4.999999999999557
0.00015287157218496668,0.0,4.999999999999555,4.999999999999557
0.00015292157218496668,0.0,4.999999999999554,4.999999999999557
0.00015297157218496668,0.0,4.999999999999553,4.999999999999557
0.00015302157218496668,0.0,4.999999999999553,4.999999999999557
0.00015307157218496668,0.0,4.999999999999554,4.999999999999557
0.00015312157218496668,0.0,4.999999999999555,4.999999999999557
0.00015317157218496669,0.0,4.999999999999555,4.999999999999557
0.0001532215721849667,0.0,4.999999999999554,4.999999999999557
0.0001532715721849667,0.0,4.999999999999553,4.999999999999557
0.0001533215721849667,0.0,4.999999999999553,4.999999999999557
0.0001533715721849667,0.0,4.999999999999554,4.999999999999557
0.0001534215721849667,0.0,4.999999999999555,4.999999999999557
0.0001534715721849667,0.0,4.999999999999555,4.999999999999557
0.0001535215721849667,0.0,4.999999999999554,4.999999999999557
0.0001535715721849667,0.0,4.999999999999553,4.999999999999557
0.0001536215721849667,0.0,4.999999999999553,4.999999999999557
0.0001536715721849667,0.0,4.999999999999554,4.999999999999557
0.0001537215721849667,0.0,4.999999999999555,4.999999999999557
0.0001537715721849667,0.0,4.999999999999555,4.999999999999557
0.0001538215721849667,0.0,4.999999999999554,4.999999999999557
0.0001538715721849667,0.0,4.999999999999553,4.999999999999557
0.0001539215721849667,0.0,4.999999999999553,4.999999999999557
0.0001539715721849667,0.0,4.999999999999554,4.999999999999557
0.0001540215721849667,0.0,4.999999999999555,4.999999999999557
0.0001540715721849667,0.0,4.999999999999555,4.999999999999557
0.0001541215721849667,0.0,4.999999999999554,4.999999999999557
0.0001541715721849667,0.0,4.999999999999553,4.999999999999557
0.0001542215721849667,0.0,4.999999999999553,4.999999999999557
0.0001542715721849667,0.0,4.999999999999554,4.999999999999557
0.0001543215721849667,0.0,4.999999999999555,4.999999999999557
0.00015437157218496671,0.0,4.999999999999555,4.999999999999557
0.00015442157218496672,0.0,4.999999999999554,4.999999999999557
0.00015447157218496672,0.0,4.999999999999553,4.999999999999557
0.00015452157218496672,0.0,4.999999999999553,4.999999999999557
0.00015457157218496672,0.0,4.999999999999554,4.999999999999557
0.00015462157218496672,0.0,4.999999999999555,4.999999999999557
0.00015467157218496672,0.0,4.999999999999555,4.999999999999557
0.00015472157218496672,0.0,4.999999999999554,4.999999999999557
0.00015477157218496672,0.0,4.999999999999553,4.999999999999557
0.00015482157218496673,0.0,4.999999999999553,4.999999999999557
0.00015487157218496673,0.0,4.999999999999554,4.999999999999557
0.00015492157218496673,0.0,4.999999999999555,4.999999999999557
0.00015497157218496673,0.0,4.999999999999555,4.999999999999557
0.00015502157218496673,0.0,4.999999999999554,4.999999999999557
0.00015507157218496673,0.0,4.999999999999553,4.999999999999557
0.00015512157218496673,0.0,4.999999999999553,4.999999999999557
0.00015517157218496673,0.0,4.999999999999554,4.999999999999557
0.00015522157218496674,0.0,4.999999999999555,4.999999999999557
0.00015527157218496674,0.0,4.999999999999555,4.999999999999557
0.00015532157218496674,0.0,4.999999999999554,4.999999999999557
0.00015537157218496674,0.0,4.999999999999553,4.999999999999557
0.00015542157218496674,0.0,4.999999999999553,4.999999999999557
0.00015547157218496674,0.0,4.999999999999554,4.999999999999557
0.00015552157218496674,0.0,4.999999999999555,4.999999999999557
0.00015557157218496674,0.0,4.999999999999555,4.999999999999557
0.00015562157218496674,0.0,4.999999999999554,4.999999999999557
0.00015567157218496675,0.0,4.999999999999553,4.999999999999557
0.00015572157218496675,0.0,4.999999999999553,4.999999999999557
0.00015577157218496675,0.0,4.999999999999554,4.999999999999557
0.00015582157218496675,0.0,4.999999999999555,4.999999999999557
0.00015587157218496675,0.0,4.999999999999555,4.999999999999557
0.00015592157218496675,0.0,4.999999999999554,4.999999999999557
0.00015597157218496675,0.0,4.999999999999553,4.999999999999557
0.00015602157218496675,0.0,4.999999999999553,4.999999999999557
0.00015607157218496676,0.0,4.999999999999554,4.999999999999557
0.00015612157218496676,0.0,4.999999999999555,4.999999999999557
0.00015617157218496676,0.0,4.999999999999555,4.999999999999557
0.00015622157218496676,0.0,4.999999999999554,4.999999999999557
0.00015627157218496676,0.0,4.999999999999553,4.999999999999557
0.00015632157218496676,0.0,4.999999999999553,4.999999999999557
0.00015637157218496676,0.0,4.999999999999554,4.999999999999557
0.00015642157218496676,0.0,4.999999999999555,4.999999999999557
0.00015647157218496677,0.0,4.999999999999555,4.999999999999557
0.00015652157218496677,0.0,4.999999999999554,4.999999999999557
0.00015657157218496677,0.0,4.999999999999553,4.999999999999557
0.00015662157218496677,0.0,4.999999999999553,4.999999999999557
0.00015667157218496677,0.0,4.999999999999554,4.999999999999557
0.00015672157218496677,0.0,4.999999999999555,4.999999999999557
0.00015677157218496677,0.0,4.999999999999555,4.999999999999557
0.00015682157218496677,0.0,4.999999999999554,4.999999999999557
0.00015687157218496678,0.0,4.999999999999553,4.999999999999557
0.00015692157218496678,0.0,4.999999999999553,4.999999999999557
0.00015697157218496678,0.0,4.999999999999554,4.999999999999557
0.00015702157218496678,0.0,4.999999999999555,4.999999999999557
0.00015707157218496678,0.0,4.999999999999555,4.999999999999557
0.00015712157218496678,0.0,4.999999999999554,4.999999999999557
0.00015717157218496678,0.0,4.999999999999553,4.999999999999557
0.00015722157218496678,0.0,4.999999999999553,4.999999999999557
0.00015727157218496679,0.0,4.999999999999554,4.999999999999557
0.00015732157218496679,0.0,4.999999999999555,4.999999999999557
0.0001573715721849668,0.0,4.999999999999555,4.999999999999557
0.0001574215721849668,0.0,4.999999999999554,4.999999999999557
0.0001574715721849668,0.0,4.999999999999553,4.999999999999557
0.0001575215721849668,0.0,4.999999999999553,4.999999999999557
0.0001575715721849668,0.0,4.999999999999554,4.999999999999557
0.0001576215721849668,0.0,4.999999999999555,4.999999999999557
0.0001576715721849668,0.0,4.999999999999555,4.999999999999557
0.0001577215721849668,0.0,4.999999999999554,4.999999999999557
0.0001577715721849668,0.0,4.999999999999553,4.999999999999557
0.0001578215721849668,0.0,4.999999999999553,4.999999999999557
0.0001578715721849668,0.0,4.999999999999554,4.999999999999557
0.0001579215721849668,0.0,4.999999999999555,4.999999999999557
0.0001579715721849668,0.0,4.999999999999555,4.999999999999557
0.0001580215721849668,0.0,4.999999999999554,4.999999999999557
0.0001580715721849668,0.0,4.999999999999553,4.999999999999557
0.0001581215721849668,0.0,4.999999999999553,4.999999999999557
0.0001581715721849668,0.0,4.999999999999554,4.999999999999557
0.0001582215721849668,0.0,4.999999999999555,4.999999999999557
0.0001582715721849668,0.0,4.999999999999555,4.999999999999557
0.0001583215721849668,0.0,4.999999999999554,4.999999999999557
0.0001583715721849668,0.0,4.999999999999553,4.999999999999557
0.0001584215721849668,0.0,4.999999999999553,4.999999999999557
0.00015847157218496681,0.0,4.999999999999554,4.999999999999557
0.00015852157218496682,0.0,4.999999999999555,4.999999999999557
0.00015857157218496682,0.0,4.999999999999555,4.999999999999557
0.00015862157218496682,0.0,4.999999999999554,4.999999999999557
0.00015867157218496682,0.0,4.999999999999553,4.999999999999557
0.00015872157218496682,0.0,4.999999999999553,4.999999999999557
0.00015877157218496682,0.0,4.999999999999554,4.999999999999557
0.00015882157218496682,0.0,4.999999999999555,4.999999999999557
0.00015887157218496682,0.0,4.999999999999555,4.999999999999557
0.00015892157218496683,0.0,4.999999999999554,4.999999999999557
0.00015897157218496683,0.0,4.999999999999553,4.999999999999557
0.00015902157218496683,0.0,4.999999999999553,4.999999999999557
0.00015907157218496683,0.0,4.999999999999554,4.999999999999557
0.00015912157218496683,0.0,4.999999999999555,4.999999999999557
0.00015917157218496683,0.0,4.999999999999555,4.999999999999557
0.00015922157218496683,0.0,4.999999999999554,4.999999999999557
0.00015927157218496683,0.0,4.999999999999553,4.999999999999557
0.00015932157218496683,0.0,4.999999999999553,4.999999999999557
0.00015937157218496684,0.0,4.999999999999554,4.999999999999557
0.00015942157218496684,0.0,4.999999999999555,4.999999999999557
0.00015947157218496684,0.0,4.999999999999555,4.999999999999557
0.00015952157218496684,0.0,4.999999999999554,4.999999999999557
0.00015957157218496684,0.0,4.999999999999553,4.999999999999557
0.00015962157218496684,0.0,4.999999999999553,4.999999999999557
0.00015967157218496684,0.0,4.999999999999554,4.999999999999557
0.00015972157218496684,0.0,4.999999999999555,4.999999999999557
0.00015977157218496685,0.0,4.999999999999555,4.999999999999557
0.00015982157218496685,0.0,4.999999999999554,4.999999999999557
0.00015987157218496685,0.0,4.999999999999553,4.999999999999557
0.00015992157218496685,0.0,4.999999999999553,4.999999999999557
0.00015997157218496685,0.0,4.999999999999554,4.999999999999557
0.00016002157218496685,0.0,4.999999999999555,4.999999999999557
0.00016007157218496685,0.0,4.999999999999555,4.999999999999557
0.00016012157218496685,0.0,4.999999999999554,4.999999999999557
0.00016017157218496686,0.0,4.999999999999553,4.999999999999557
0.00016022157218496686,0.0,4.999999999999553,4.999999999999557
0.00016027157218496686,0.0,4.999999999999554,4.999999999999557
0.00016032157218496686,0.0,4.999999999999555,4.999999999999557
0.00016037157218496686,0.0,4.999999999999555,4.999999999999557
0.00016042157218496686,0.0,4.999999999999554,4.999999999999557
0.00016047157218496686,0.0,4.999999999999553,4.999999999999557
0.00016052157218496686,0.0,4.999999999999553,4.999999999999557
0.00016057157218496687,0.0,4.999999999999554,4.999999999999557
0.00016062157218496687,0.0,4.999999999999555,4.999999999999557
0.00016067157218496687,0.0,4.999999999999555,4.999999999999557
0.00016072157218496687,0.0,4.999999999999554,4.999999999999557
0.00016077157218496687,0.0,4.999999999999553,4.999999999999557
0.00016082157218496687,0.0,4.999999999999553,4.999999999999557
0.00016087157218496687,0.0,4.999999999999554,4.999999999999557
0.00016092157218496687,0.0,4.999999999999555,4.999999999999557
0.00016097157218496687,0.0,4.999999999999555,4.999999999999557
0.00016102157218496688,0.0,4.999999999999554,4.999999999999557
0.00016107157218496688,0.0,4.999999999999553,4.999999999999557
0.00016112157218496688,0.0,4.999999999999553,4.999999999999557
0.00016117157218496688,0.0,4.999999999999554,4.999999999999557
0.00016122157218496688,0.0,4.999999999999555,4.999999999999557
0.00016127157218496688,0.0,4.999999999999555,4.999999999999557
0.00016132157218496688,0.0,4.999999999999554,4.999999999999557
0.00016137157218496688,0.0,4.999999999999553,4.999999999999557
0.00016142157218496689,0.0,4.999999999999553,4.999999999999557
0.0001614715721849669,0.0,4.999999999999554,4.999999999999557
0.0001615215721849669,0.0,4.999999999999555,4.999999999999557
0.0001615715721849669,0.0,4.999999999999555,4.999999999999557
0.0001616215721849669,0.0,4.999999999999554,4.999999999999557
0.0001616715721849669,0.0,4.999999999999553,4.999999999999557
0.0001617215721849669,0.0,4.999999999999553,4.999999999999557
0.0001617715721849669,0.0,4.999999999999554,4.999999999999557
0.0001618215721849669,0.0,4.999999999999555,4.999999999999557
0.0001618715721849669,0.0,4.999999999999555,4.999999999999557
0.0001619215721849669,0.0,4.999999999999554,4.999999999999557
0.0001619715721849669,0.0,4.999999999999553,4.999999999999557
0.0001620215721849669,0.0,4.999999999999553,4.999999999999557
0.0001620715721849669,0.0,4.999999999999554,4.999999999999557
0.0001621215721849669,0.0,4.999999999999555,4.999999999999557
0.0001621715721849669,0.0,4.999999999999555,4.999999999999557
0.0001622215721849669,0.0,4.999999999999554,4.999999999999557
0.0001622715721849669,0.0,4.999999999999553,4.999999999999557
0.0001623215721849669,0.0,4.999999999999553,4.999999999999557
0.0001623715721849669,0.0,4.999999999999554,4.999999999999557
0.0001624215721849669,0.0,4.999999999999555,4.999999999999557
0.0001624715721849669,0.0,4.999999999999555,4.999999999999557
0.0001625215721849669,0.0,4.999999999999554,4.999999999999557
0.00016257157218496691,0.0,4.999999999999553,4.999999999999557
0.00016262157218496692,0.0,4.999999999999553,4.999999999999557
0.00016267157218496692,0.0,4.999999999999554,4.999999999999557
0.00016272157218496692,0.0,4.999999999999555,4.999999999999557
0.00016277157218496692,0.0,4.999999999999555,4.999999999999557
0.00016282157218496692,0.0,4.999999999999554,4.999999999999557
0.00016287157218496692,0.0,4.999999999999553,4.999999999999557
0.00016292157218496692,0.0,4.999999999999553,4.999999999999557
0.00016297157218496692,0.0,4.999999999999554,4.999999999999557
0.00016302157218496692,0.0,4.999999999999555,4.999999999999557
0.00016307157218496693,0.0,4.999999999999555,4.999999999999557
0.00016312157218496693,0.0,4.999999999999554,4.999999999999557
0.00016317157218496693,0.0,4.999999999999553,4.999999999999557
0.00016322157218496693,0.0,4.999999999999553,4.999999999999557
0.00016327157218496693,0.0,4.999999999999554,4.999999999999557
0.00016332157218496693,0.0,4.999999999999555,4.999999999999557
0.00016337157218496693,0.0,4.999999999999555,4.999999999999557
0.00016342157218496693,0.0,4.999999999999554,4.999999999999557
0.00016347157218496694,0.0,4.999999999999553,4.999999999999557
0.00016352157218496694,0.0,4.999999999999553,4.999999999999557
0.00016357157218496694,0.0,4.999999999999554,4.999999999999557
0.00016362157218496694,0.0,4.999999999999555,4.999999999999557
0.00016367157218496694,0.0,4.999999999999555,4.999999999999557
0.00016372157218496694,0.0,4.999999999999554,4.999999999999557
0.00016377157218496694,0.0,4.999999999999553,4.999999999999557
0.00016382157218496694,0.0,4.999999999999553,4.999999999999557
0.00016387157218496695,0.0,4.999999999999554,4.999999999999557
0.00016392157218496695,0.0,4.999999999999555,4.999999999999557
0.00016397157218496695,0.0,4.999999999999555,4.999999999999557
0.00016402157218496695,0.0,4.999999999999554,4.999999999999557
0.00016407157218496695,0.0,4.999999999999553,4.999999999999557
0.00016412157218496695,0.0,4.999999999999553,4.999999999999557
0.00016417157218496695,0.0,4.999999999999554,4.999999999999557
0.00016422157218496695,0.0,4.999999999999555,4.999999999999557
0.00016427157218496696,0.0,4.999999999999555,4.999999999999557
0.00016432157218496696,0.0,4.999999999999554,4.999999999999557
0.00016437157218496696,0.0,4.999999999999553,4.999999999999557
0.00016442157218496696,0.0,4.999999999999553,4.999999999999557
0.00016447157218496696,0.0,4.999999999999554,4.999999999999557
0.00016452157218496696,0.0,4.999999999999555,4.999999999999557
0.00016457157218496696,0.0,4.999999999999555,4.999999999999557
0.00016462157218496696,0.0,4.999999999999554,4.999999999999557
0.00016467157218496696,0.0,4.999999999999553,4.999999999999557
0.00016472157218496697,0.0,4.999999999999553,4.999999999999557
0.00016477157218496697,0.0,4.999999999999554,4.999999999999557
0.00016482157218496697,0.0,4.999999999999555,4.999999999999557
0.00016487157218496697,0.0,4.999999999999555,4.999999999999557
0.00016492157218496697,0.0,4.999999999999554,4.999999999999557
0.00016497157218496697,0.0,4.999999999999553,4.999999999999557
0.00016502157218496697,0.0,4.999999999999553,4.999999999999557
0.00016507157218496697,0.0,4.999999999999554,4.999999999999557
0.00016512157218496698,0.0,4.999999999999555,4.999999999999557
0.00016517157218496698,0.0,4.999999999999555,4.999999999999557
0.00016522157218496698,0.0,4.999999999999554,4.999999999999557
0.00016527157218496698,0.0,4.999999999999553,4.999999999999557
0.00016532157218496698,0.0,4.999999999999553,4.999999999999557
0.00016537157218496698,0.0,4.999999999999554,4.999999999999557
0.00016542157218496698,0.0,4.999999999999555,4.999999999999557
0.00016547157218496698,0.0,4.999999999999555,4.999999999999557
0.00016552157218496699,0.0,4.999999999999554,4.999999999999557
0.000165571572184967,0.0,4.999999999999553,4.999999999999557
0.000165621572184967,0.0,4.999999999999553,4.999999999999557
0.000165671572184967,0.0,4.999999999999554,4.999999999999557
0.000165721572184967,0.0,4.999999999999555,4.999999999999557
0.000165771572184967,0.0,4.999999999999555,4.999999999999557
0.000165821572184967,0.0,4.999999999999554,4.999999999999557
0.000165871572184967,0.0,4.999999999999553,4.999999999999557
0.000165921572184967,0.0,4.999999999999553,4.999999999999557
0.000165971572184967,0.0,4.999999999999554,4.999999999999557
0.000166021572184967,0.0,4.999999999999555,4.999999999999557
0.000166071572184967,0.0,4.999999999999555,4.999999999999557
0.000166121572184967,0.0,4.999999999999554,4.999999999999557
0.000166171572184967,0.0,4.999999999999553,4.999999999999557
0.000166221572184967,0.0,4.999999999999553,4.999999999999557
0.000166271572184967,0.0,4.999999999999554,4.999999999999557
0.000166321572184967,0.0,4.999999999999555,4.999999999999557
0.000166371572184967,0.0,4.999999999999555,4.999999999999557
0.000166421572184967,0.0,4.999999999999554,4.999999999999557
0.000166471572184967,0.0,4.999999999999553,4.999999999999557
0.000166521572184967,0.0,4.999999999999553,4.999999999999557
0.000166571572184967,0.0,4.999999999999554,4.999999999999557
0.000166621572184967,0.0,4.999999999999555,4.999999999999557
0.000166671572184967,0.0,4.999999999999555,4.999999999999557
0.00016672157218496701,0.0,4.999999999999554,4.999999999999557
0.00016677157218496702,0.0,4.999999999999553,4.999999999999557
0.00016682157218496702,0.0,4.999999999999553,4.999999999999557
0.00016687157218496702,0.0,4.999999999999554,4.999999999999557
0.00016692157218496702,0.0,4.999999999999555,4.999999999999557
0.00016697157218496702,0.0,4.999999999999555,4.999999999999557
0.00016702157218496702,0.0,4.999999999999554,4.999999999999557
0.00016707157218496702,0.0,4.999999999999553,4.999999999999557
0.00016712157218496702,0.0,4.999999999999553,4.999999999999557
0.00016717157218496703,0.0,4.999999999999554,4.999999999999557
0.00016722157218496703,0.0,4.999999999999555,4.999999999999557
0.00016727157218496703,0.0,4.999999999999555,4.999999999999557
0.00016732157218496703,0.0,4.999999999999554,4.999999999999557
0.00016737157218496703,0.0,4.999999999999553,4.999999999999557
0.00016742157218496703,0.0,4.999999999999553,4.999999999999557
0.00016747157218496703,0.0,4.999999999999554,4.999999999999557
0.00016752157218496703,0.0,4.999999999999555,4.999999999999557
0.00016757157218496704,0.0,4.999999999999555,4.999999999999557
0.00016762157218496704,0.0,4.999999999999554,4.999999999999557
0.00016767157218496704,0.0,4.999999999999553,4.999999999999557
0.00016772157218496704,0.0,4.999999999999553,4.999999999999557
0.00016777157218496704,0.0,4.999999999999554,4.999999999999557
0.00016782157218496704,0.0,4.999999999999555,4.999999999999557
0.00016787157218496704,0.0,4.999999999999555,4.999999999999557
0.00016792157218496704,0.0,4.999999999999554,4.999999999999557
0.00016797157218496705,0.0,4.999999999999553,4.999999999999557
0.00016802157218496705,0.0,4.999999999999553,4.999999999999557
0.00016807157218496705,0.0,4.999999999999554,4.999999999999557
0.00016812157218496705,0.0,4.999999999999555,4.999999999999557
0.00016817157218496705,0.0,4.999999999999555,4.999999999999557
0.00016822157218496705,0.0,4.999999999999554,4.999999999999557
0.00016827157218496705,0.0,4.999999999999553,4.999999999999557
0.00016832157218496705,0.0,4.999999999999553,4.999999999999557
0.00016837157218496705,0.0,4.999999999999554,4.999999999999557
0.00016842157218496706,0.0,4.999999999999555,4.999999999999557
0.00016847157218496706,0.0,4.999999999999555,4.999999999999557
0.00016852157218496706,0.0,4.999999999999554,4.999999999999557
0.00016857157218496706,0.0,4.999999999999553,4.999999999999557
0.00016862157218496706,0.0,4.999999999999553,4.999999999999557
0.00016867157218496706,0.0,4.999999999999554,4.999999999999557
0.00016872157218496706,0.0,4.999999999999555,4.999999999999557
0.00016877157218496706,0.0,4.999999999999555,4.999999999999557
0.00016882157218496707,0.0,4.999999999999554,4.999999999999557
0.00016887157218496707,0.0,4.999999999999553,4.999999999999557
0.00016892157218496707,0.0,4.999999999999553,4.999999999999557
0.00016897157218496707,0.0,4.999999999999554,4.999999999999557
0.00016902157218496707,0.0,4.999999999999555,4.999999999999557
0.00016907157218496707,0.0,4.999999999999555,4.999999999999557
0.00016912157218496707,0.0,4.999999999999554,4.999999999999557
0.00016917157218496707,0.0,4.999999999999553,4.999999999999557
0.00016922157218496708,0.0,4.999999999999553,4.999999999999557
0.00016927157218496708,0.0,4.999999999999554,4.999999999999557
0.00016932157218496708,0.0,4.999999999999555,4.999999999999557
0.00016937157218496708,0.0,4.999999999999555,4.999999999999557
0.00016942157218496708,0.0,4.999999999999554,4.999999999999557
0.00016947157218496708,0.0,4.999999999999553,4.999999999999557
0.00016952157218496708,0.0,4.999999999999553,4.999999999999557
0.00016957157218496708,0.0,4.999999999999554,4.999999999999557
0.00016962157218496709,0.0,4.999999999999555,4.999999999999557
0.0001696715721849671,0.0,4.999999999999555,4.999999999999557
0.0001697215721849671,0.0,4.999999999999554,4.999999999999557
0.0001697715721849671,0.0,4.999999999999553,4.999999999999557
0.0001698215721849671,0.0,4.999999999999553,4.999999999999557
0.0001698715721849671,0.0,4.999999999999554,4.999999999999557
0.0001699215721849671,0.0,4.999999999999555,4.999999999999557
0.00016996078609248354,0.0,4.999999999999556,4.999999999999556
0.00016999999999999999,0.0,4.999999999999556,4.999999999999554
0.00017000099999999997,0.3299999999962513,4.999999999993779,4.999999999999555
0.00017000299999999998,0.9899999999976985,4.999996914802681,4.999999999999556
0.00017000649999999998,2.144999999997995,4.853796993011979,4.999999999999556
0.00017000999999999998,3.299999999998292,4.570452591449541,4.999999999999556
0.00017001069999999997,3.3000000000000003,4.5162843127934105,4.999999999999556
0.00017001209999999996,3.3000000000000003,4.409313660057293,4.999999999999556
0.00017001489999999997,3.3000000000000003,4.203363699623463,4.999999999999556
0.00017002049999999998,3.3000000000000003,3.8214875063053704,4.999999999999556
0.00017003169999999998,3.3000000000000003,3.1639164485198794,4.999999999999556
0.00017005409999999997,3.3000000000000003,2.1834342596916403,4.999999999999556
0.0001700989,3.3000000000000003,1.07572095999489,4.999999999999556
0.00017014351774037733,3.3000000000000003,0.6120005637657928,4.999999999999557
0.0001701864027994015,3.3000000000000003,0.42198959091249855,4.999999999999558
0.0001702278892257344,3.3000000000000003,0.340795444606605,4.9999999999995595
0.0001702778892257344,3.3000000000000003,0.2990183099744043,4.9999999999995595
0.0001703278892257344,3.3000000000000003,0.28341062971808767,4.999999999999558
0.0001703778892257344,3.3000000000000003,0.2775796964784572,4.999999999999557
0.0001704278892257344,3.3000000000000003,0.2754012957240423,4.999999999999556
0.0001704778892257344,3.3000000000000003,0.2745874586156731,4.999999999999556
0.0001705278892257344,3.3000000000000003,0.2742834140831799,4.999999999999556
0.0001705778892257344,3.3000000000000003,0.27416982491799147,4.999999999999556
0.0001706278892257344,3.3000000000000003,0.27412738870530123,4.999999999999556
0.0001706778892257344,3.3000000000000003,0.2741115347975407,4.999999999999556
0.0001707278892257344,3.3000000000000003,0.2741056118752216,4.999999999999556
0.0001707778892257344,3.3000000000000003,0.2741033991079135,4.999999999999556
0.0001708278892257344,3.3000000000000003,0.27410257243167224,4.999999999999556
0.0001708778892257344,3.3000000000000003,0.2741022635905187,4.999999999999556
0.0001709278892257344,3.3000000000000003,0.2741021482093655,4.999999999999556
0.00017097788922573441,3.3000000000000003,0.2741021051036772,4.999999999999556
0.00017102788922573442,3.3000000000000003,0.27410208899965754,4.999999999999556
0.00017107788922573442,3.3000000000000003,0.2741020829832949,4.999999999999556
0.00017112788922573442,3.3000000000000003,0.27410208073561887,4.999999999999556
0.00017117788922573442,3.3000000000000003,0.2741020798959009,4.999999999999556
0.00017122788922573442,3.3000000000000003,0.27410207958218746,4.999999999999556
0.00017127788922573442,3.3000000000000003,0.274102079464986,4.999999999999556
0.00017132788922573442,3.3000000000000003,0.27410207942120024,4.999999999999556
0.00017137788922573442,3.3000000000000003,0.27410207940484216,4.999999999999556
0.00017142788922573443,3.3000000000000003,0.2741020793987309,4.999999999999556
0.00017147788922573443,3.3000000000000003,0.27410207939644776,4.999999999999556
0.00017152788922573443,3.3000000000000003,0.27410207939559483,4.999999999999556
0.00017157788922573443,3.3000000000000003,0.2741020793952762,4.999999999999556
0.00017162788922573443,3.3000000000000003,0.2741020793951571,4.999999999999556
0.00017167788922573443,3.3000000000000003,0.27410207939511266,4.999999999999556
0.00017172788922573443,3.3000000000000003,0.27410207939509607,4.999999999999556
0.00017177788922573443,3.3000000000000003,0.27410207939508985,4.999999999999556
0.00017182788922573443,3.3000000000000003,0.2741020793950875,4.999999999999556
0.00017187788922573444,3.3000000000000003,0.27410207939508663,4.999999999999556
0.00017192788922573444,3.3000000000000003,0.2741020793950863,4.999999999999556
0.00017197788922573444,3.3000000000000003,0.2741020793950862,4.999999999999556
0.00017202788922573444,3.3000000000000003,0.2741020793950862,4.999999999999556
0.00017207788922573444,3.3000000000000003,0.2741020793950862,4.999999999999556
0.00017212788922573444,3.3000000000000003,0.2741020793950862,4.999999999999556
0.00017217788922573444,3.3000000000000003,0.2741020793950862,4.999999999999556
0.00017222788922573444,3.3000000000000003,0.2741020793950862,4.999999999999556
0.00017227788922573445,3.3000000000000003,0.2741020793950862,4.999999999999556
0.00017232788922573445,3.3000000000000003,0.2741020793950862,4.999999999999556
0.00017237788922573445,3.3000000000000003,0.2741020793950862,4.999999999999556
0.00017242788922573445,3.3000000000000003,0.2741020793950862,4.999999999999556
0.00017247788922573445,3.3000000000000003,0.2741020793950862,4.999999999999556
0.00017252788922573445,3.3000000000000003,0.2741020793950862,4.999999999999556
0.00017257788922573445,3.3000000000000003,0.2741020793950862,4.999999999999556
0.00017262788922573445,3.3000000000000003,0.2741020793950862,4.999999999999556
0.00017267788922573446,3.3000000000000003,0.2741020793950862,4.999999999999556
0.00017272788922573446,3.3000000000000003,0.2741020793950862,4.999999999999556
0.00017277788922573446,3.3000000000000003,0.2741020793950862,4.999999999999556
0.00017282788922573446,3.3000000000000003,0.2741020793950862,4.999999999999556
0.00017287788922573446,3.3000000000000003,0.2741020793950862,4.999999999999556
0.00017292788922573446,3.3000000000000003,0.2741020793950862,4.999999999999556
0.00017297788922573446,3.3000000000000003,0.2741020793950862,4.999999999999556
0.00017302788922573446,3.3000000000000003,0.2741020793950862,4.999999999999556
0.00017307788922573447,3.3000000000000003,0.2741020793950862,4.999999999999556
0.00017312788922573447,3.3000000000000003,0.2741020793950862,4.999999999999556
0.00017317788922573447,3.3000000000000003,0.2741020793950862,4.999999999999556
0.00017322788922573447,3.3000000000000003,0.2741020793950862,4.999999999999556
0.00017327788922573447,3.3000000000000003,0.2741020793950862,4.999999999999556
0.00017332788922573447,3.3000000000000003,0.2741020793950862,4.999999999999556
0.00017337788922573447,3.3000000000000003,0.2741020793950862,4.999999999999556
0.00017342788922573447,3.3000000000000003,0.2741020793950862,4.999999999999556
0.00017347788922573447,3.3000000000000003,0.2741020793950862,4.999999999999556
0.00017352788922573448,3.3000000000000003,0.2741020793950862,4.999999999999556
0.00017357788922573448,3.3000000000000003,0.2741020793950862,4.999999999999556
0.00017362788922573448,3.3000000000000003,0.2741020793950862,4.999999999999556
0.00017367788922573448,3.3000000000000003,0.2741020793950862,4.999999999999556
0.00017372788922573448,3.3000000000000003,0.2741020793950862,4.999999999999556
0.00017377788922573448,3.3000000000000003,0.2741020793950862,4.999999999999556
0.00017382788922573448,3.3000000000000003,0.2741020793950862,4.999999999999556
0.00017387788922573448,3.3000000000000003,0.2741020793950862,4.999999999999556
0.00017392788922573449,3.3000000000000003,0.2741020793950862,4.999999999999556
0.0001739778892257345,3.3000000000000003,0.2741020793950862,4.999999999999556
0.0001740278892257345,3.3000000000000003,0.2741020793950862,4.999999999999556
0.0001740778892257345,3.3000000000000003,0.2741020793950862,4.999999999999556
0.0001741278892257345,3.3000000000000003,0.2741020793950862,4.999999999999556
0.0001741778892257345,3.3000000000000003,0.2741020793950862,4.999999999999556
0.0001742278892257345,3.3000000000000003,0.2741020793950862,4.999999999999556
0.0001742778892257345,3.3000000000000003,0.2741020793950862,4.999999999999556
0.0001743278892257345,3.3000000000000003,0.2741020793950862,4.999999999999556
0.0001743778892257345,3.3000000000000003,0.2741020793950862,4.999999999999556
0.0001744278892257345,3.3000000000000003,0.2741020793950862,4.999999999999556
0.0001744778892257345,3.3000000000000003,0.2741020793950862,4.999999999999556
0.0001745278892257345,3.3000000000000003,0.2741020793950862,4.999999999999556
0.0001745778892257345,3.3000000000000003,0.2741020793950862,4.999999999999556
0.0001746278892257345,3.3000000000000003,0.2741020793950862,4.999999999999556
0.0001746778892257345,3.3000000000000003,0.2741020793950862,4.999999999999556
0.0001747278892257345,3.3000000000000003,0.2741020793950862,4.999999999999556
0.0001747778892257345,3.3000000000000003,0.2741020793950862,4.999999999999556
0.0001748278892257345,3.3000000000000003,0.2741020793950862,4.999999999999556
0.0001748778892257345,3.3000000000000003,0.2741020793950862,4.999999999999556
0.0001749278892257345,3.3000000000000003,0.2741020793950862,4.999999999999556
0.0001749778892257345,3.3000000000000003,0.2741020793950862,4.999999999999556
0.0001750278892257345,3.3000000000000003,0.2741020793950862,4.999999999999556
0.00017507788922573451,3.3000000000000003,0.2741020793950862,4.999999999999556
0.00017512788922573451,3.3000000000000003,0.2741020793950862,4.999999999999556
0.00017517788922573452,3.3000000000000003,0.2741020793950862,4.999999999999556
0.00017522788922573452,3.3000000000000003,0.2741020793950862,4.999999999999556
0.00017527788922573452,3.3000000000000003,0.2741020793950862,4.999999999999556
0.00017532788922573452,3.3000000000000003,0.2741020793950862,4.999999999999556
0.00017537788922573452,3.3000000000000003,0.2741020793950862,4.999999999999556
0.00017542788922573452,3.3000000000000003,0.2741020793950862,4.999999999999556
0.00017547788922573452,3.3000000000000003,0.2741020793950862,4.999999999999556
0.00017552788922573452,3.3000000000000003,0.2741020793950862,4.999999999999556
0.00017557788922573453,3.3000000000000003,0.2741020793950862,4.999999999999556
0.00017562788922573453,3.3000000000000003,0.2741020793950862,4.999999999999556
0.00017567788922573453,3.3000000000000003,0.2741020793950862,4.999999999999556
0.00017572788922573453,3.3000000000000003,0.2741020793950862,4.999999999999556
0.00017577788922573453,3.3000000000000003,0.2741020793950862,4.999999999999556
0.00017582788922573453,3.3000000000000003,0.2741020793950862,4.999999999999556
0.00017587788922573453,3.3000000000000003,0.2741020793950862,4.999999999999556
0.00017592788922573453,3.3000000000000003,0.2741020793950862,4.999999999999556
0.00017597788922573454,3.3000000000000003,0.2741020793950862,4.999999999999556
0.00017602788922573454,3.3000000000000003,0.2741020793950862,4.999999999999556
0.00017607788922573454,3.3000000000000003,0.2741020793950862,4.999999999999556
0.00017612788922573454,3.3000000000000003,0.2741020793950862,4.999999999999556
0.00017617788922573454,3.3000000000000003,0.2741020793950862,4.999999999999556
0.00017622788922573454,3.3000000000000003,0.2741020793950862,4.999999999999556
0.00017627788922573454,3.3000000000000003,0.2741020793950862,4.999999999999556
0.00017632788922573454,3.3000000000000003,0.2741020793950862,4.999999999999556
0.00017637788922573455,3.3000000000000003,0.2741020793950862,4.999999999999556
0.00017642788922573455,3.3000000000000003,0.2741020793950862,4.999999999999556
0.00017647788922573455,3.3000000000000003,0.2741020793950862,4.999999999999556
0.00017652788922573455,3.3000000000000003,0.2741020793950862,4.999999999999556
0.00017657788922573455,3.3000000000000003,0.2741020793950862,4.999999999999556
0.00017662788922573455,3.3000000000000003,0.2741020793950862,4.999999999999556
0.00017667788922573455,3.3000000000000003,0.2741020793950862,4.999999999999556
0.00017672788922573455,3.3000000000000003,0.2741020793950862,4.999999999999556
0.00017677788922573456,3.3000000000000003,0.2741020793950862,4.999999999999556
0.00017682788922573456,3.3000000000000003,0.2741020793950862,4.999999999999556
0.00017687788922573456,3.3000000000000003,0.2741020793950862,4.999999999999556
0.00017692788922573456,3.3000000000000003,0.2741020793950862,4.999999999999556
0.00017697788922573456,3.3000000000000003,0.2741020793950862,4.999999999999556
0.00017702788922573456,3.3000000000000003,0.2741020793950862,4.999999999999556
0.00017707788922573456,3.3000000000000003,0.2741020793950862,4.999999999999556
0.00017712788922573456,3.3000000000000003,0.2741020793950862,4.999999999999556
0.00017717788922573456,3.3000000000000003,0.2741020793950862,4.999999999999556
0.00017722788922573457,3.3000000000000003,0.2741020793950862,4.999999999999556
0.00017727788922573457,3.3000000000000003,0.2741020793950862,4.999999999999556
0.00017732788922573457,3.3000000000000003,0.2741020793950862,4.999999999999556
0.00017737788922573457,3.3000000000000003,0.2741020793950862,4.999999999999556
0.00017742788922573457,3.3000000000000003,0.2741020793950862,4.999999999999556
0.00017747788922573457,3.3000000000000003,0.2741020793950862,4.999999999999556
0.00017752788922573457,3.3000000000000003,0.2741020793950862,4.999999999999556
0.00017757788922573457,3.3000000000000003,0.2741020793950862,4.999999999999556
0.00017762788922573458,3.3000000000000003,0.2741020793950862,4.999999999999556
0.00017767788922573458,3.3000000000000003,0.2741020793950862,4.999999999999556
0.00017772788922573458,3.3000000000000003,0.2741020793950862,4.999999999999556
0.00017777788922573458,3.3000000000000003,0.2741020793950862,4.999999999999556
0.00017782788922573458,3.3000000000000003,0.2741020793950862,4.999999999999556
0.00017787788922573458,3.3000000000000003,0.2741020793950862,4.999999999999556
0.00017792788922573458,3.3000000000000003,0.2741020793950862,4.999999999999556
0.00017797788922573458,3.3000000000000003,0.2741020793950862,4.999999999999556
0.00017802788922573459,3.3000000000000003,0.2741020793950862,4.999999999999556
0.0001780778892257346,3.3000000000000003,0.2741020793950862,4.999999999999556
0.0001781278892257346,3.3000000000000003,0.2741020793950862,4.999999999999556
0.0001781778892257346,3.3000000000000003,0.2741020793950862,4.999999999999556
0.0001782278892257346,3.3000000000000003,0.2741020793950862,4.999999999999556
0.0001782778892257346,3.3000000000000003,0.2741020793950862,4.999999999999556
0.0001783278892257346,3.3000000000000003,0.2741020793950862,4.999999999999556
0.0001783778892257346,3.3000000000000003,0.2741020793950862,4.999999999999556
0.0001784278892257346,3.3000000000000003,0.2741020793950862,4.999999999999556
0.0001784778892257346,3.3000000000000003,0.2741020793950862,4.999999999999556
0.0001785278892257346,3.3000000000000003,0.2741020793950862,4.999999999999556
0.0001785778892257346,3.3000000000000003,0.2741020793950862,4.999999999999556
0.0001786278892257346,3.3000000000000003,0.2741020793950862,4.999999999999556
0.0001786778892257346,3.3000000000000003,0.2741020793950862,4.999999999999556
0.0001787278892257346,3.3000000000000003,0.2741020793950862,4.999999999999556
0.0001787778892257346,3.3000000000000003,0.2741020793950862,4.999999999999556
0.0001788278892257346,3.3000000000000003,0.2741020793950862,4.999999999999556
0.0001788778892257346,3.3000000000000003,0.2741020793950862,4.999999999999556
0.0001789278892257346,3.3000000000000003,0.2741020793950862,4.999999999999556
0.0001789778892257346,3.3000000000000003,0.2741020793950862,4.999999999999556
0.0001790278892257346,3.3000000000000003,0.2741020793950862,4.999999999999556
0.0001790778892257346,3.3000000000000003,0.2741020793950862,4.999999999999556
0.0001791278892257346,3.3000000000000003,0.2741020793950862,4.999999999999556
0.0001791778892257346,3.3000000000000003,0.2741020793950862,4.999999999999556
0.00017922788922573461,3.3000000000000003,0.2741020793950862,4.999999999999556
0.00017927788922573462,3.3000000000000003,0.2741020793950862,4.999999999999556
0.00017932788922573462,3.3000000000000003,0.2741020793950862,4.999999999999556
0.00017937788922573462,3.3000000000000003,0.2741020793950862,4.999999999999556
0.00017942788922573462,3.3000000000000003,0.2741020793950862,4.999999999999556
0.00017947788922573462,3.3000000000000003,0.2741020793950862,4.999999999999556
0.00017952788922573462,3.3000000000000003,0.2741020793950862,4.999999999999556
0.00017957788922573462,3.3000000000000003,0.2741020793950862,4.999999999999556
0.00017962788922573462,3.3000000000000003,0.2741020793950862,4.999999999999556
0.00017967788922573463,3.3000000000000003,0.2741020793950862,4.999999999999556
0.00017972788922573463,3.3000000000000003,0.2741020793950862,4.999999999999556
0.00017977788922573463,3.3000000000000003,0.2741020793950862,4.999999999999556
0.00017982788922573463,3.3000000000000003,0.2741020793950862,4.999999999999556
0.00017987788922573463,3.3000000000000003,0.2741020793950862,4.999999999999556
0.00017992788922573463,3.3000000000000003,0.2741020793950862,4.999999999999556
0.00017997788922573463,3.3000000000000003,0.2741020793950862,4.999999999999556
0.00018002788922573463,3.3000000000000003,0.2741020793950862,4.999999999999556
0.00018007788922573464,3.3000000000000003,0.2741020793950862,4.999999999999556
0.00018012788922573464,3.3000000000000003,0.2741020793950862,4.999999999999556
0.00018017788922573464,3.3000000000000003,0.2741020793950862,4.999999999999556
0.00018022788922573464,3.3000000000000003,0.2741020793950862,4.999999999999556
0.00018027788922573464,3.3000000000000003,0.2741020793950862,4.999999999999556
0.00018032788922573464,3.3000000000000003,0.2741020793950862,4.999999999999556
0.00018037788922573464,3.3000000000000003,0.2741020793950862,4.999999999999556
0.00018042788922573464,3.3000000000000003,0.2741020793950862,4.999999999999556
0.00018047788922573465,3.3000000000000003,0.2741020793950862,4.999999999999556
0.00018052788922573465,3.3000000000000003,0.2741020793950862,4.999999999999556
0.00018057788922573465,3.3000000000000003,0.2741020793950862,4.999999999999556
0.00018062788922573465,3.3000000000000003,0.2741020793950862,4.999999999999556
0.00018067788922573465,3.3000000000000003,0.2741020793950862,4.999999999999556
0.00018072788922573465,3.3000000000000003,0.2741020793950862,4.999999999999556
0.00018077788922573465,3.3000000000000003,0.2741020793950862,4.999999999999556
0.00018082788922573465,3.3000000000000003,0.2741020793950862,4.999999999999556
0.00018087788922573465,3.3000000000000003,0.2741020793950862,4.999999999999556
0.00018092788922573466,3.3000000000000003,0.2741020793950862,4.999999999999556
0.00018097788922573466,3.3000000000000003,0.2741020793950862,4.999999999999556
0.00018102788922573466,3.3000000000000003,0.2741020793950862,4.999999999999556
0.00018107788922573466,3.3000000000000003,0.2741020793950862,4.999999999999556
0.00018112788922573466,3.3000000000000003,0.2741020793950862,4.999999999999556
0.00018117788922573466,3.3000000000000003,0.2741020793950862,4.999999999999556
0.00018122788922573466,3.3000000000000003,0.2741020793950862,4.999999999999556
0.00018127788922573466,3.3000000000000003,0.2741020793950862,4.999999999999556
0.00018132788922573467,3.3000000000000003,0.2741020793950862,4.999999999999556
0.00018137788922573467,3.3000000000000003,0.2741020793950862,4.999999999999556
0.00018142788922573467,3.3000000000000003,0.2741020793950862,4.999999999999556
0.00018147788922573467,3.3000000000000003,0.2741020793950862,4.999999999999556
0.00018152788922573467,3.3000000000000003,0.2741020793950862,4.999999999999556
0.00018157788922573467,3.3000000000000003,0.2741020793950862,4.999999999999556
0.00018162788922573467,3.3000000000000003,0.2741020793950862,4.999999999999556
0.00018167788922573467,3.3000000000000003,0.2741020793950862,4.999999999999556
0.00018172788922573468,3.3000000000000003,0.2741020793950862,4.999999999999556
0.00018177788922573468,3.3000000000000003,0.2741020793950862,4.999999999999556
0.00018182788922573468,3.3000000000000003,0.2741020793950862,4.999999999999556
0.00018187788922573468,3.3000000000000003,0.2741020793950862,4.999999999999556
0.00018192788922573468,3.3000000000000003,0.2741020793950862,4.999999999999556
0.00018197788922573468,3.3000000000000003,0.2741020793950862,4.999999999999556
0.00018202788922573468,3.3000000000000003,0.2741020793950862,4.999999999999556
0.00018207788922573468,3.3000000000000003,0.2741020793950862,4.999999999999556
0.00018212788922573469,3.3000000000000003,0.2741020793950862,4.999999999999556
0.00018217788922573469,3.3000000000000003,0.2741020793950862,4.999999999999556
0.0001822278892257347,3.3000000000000003,0.2741020793950862,4.999999999999556
0.0001822778892257347,3.3000000000000003,0.2741020793950862,4.999999999999556
0.0001823278892257347,3.3000000000000003,0.2741020793950862,4.999999999999556
0.0001823778892257347,3.3000000000000003,0.2741020793950862,4.999999999999556
0.0001824278892257347,3.3000000000000003,0.2741020793950862,4.999999999999556
0.0001824778892257347,3.3000000000000003,0.2741020793950862,4.999999999999556
0.0001825278892257347,3.3000000000000003,0.2741020793950862,4.999999999999556
0.0001825778892257347,3.3000000000000003,0.2741020793950862,4.999999999999556
0.0001826278892257347,3.3000000000000003,0.2741020793950862,4.999999999999556
0.0001826778892257347,3.3000000000000003,0.2741020793950862,4.999999999999556
0.0001827278892257347,3.3000000000000003,0.2741020793950862,4.999999999999556
0.0001827778892257347,3.3000000000000003,0.2741020793950862,4.999999999999556
0.0001828278892257347,3.3000000000000003,0.2741020793950862,4.999999999999556
0.0001828778892257347,3.3000000000000003,0.2741020793950862,4.999999999999556
0.0001829278892257347,3.3000000000000003,0.2741020793950862,4.999999999999556
0.0001829778892257347,3.3000000000000003,0.2741020793950862,4.999999999999556
0.0001830278892257347,3.3000000000000003,0.2741020793950862,4.999999999999556
0.0001830778892257347,3.3000000000000003,0.2741020793950862,4.999999999999556
0.0001831278892257347,3.3000000000000003,0.2741020793950862,4.999999999999556
0.0001831778892257347,3.3000000000000003,0.2741020793950862,4.999999999999556
0.0001832278892257347,3.3000000000000003,0.2741020793950862,4.999999999999556
0.0001832778892257347,3.3000000000000003,0.2741020793950862,4.999999999999556
0.00018332788922573471,3.3000000000000003,0.2741020793950862,4.999999999999556
0.00018337788922573472,3.3000000000000003,0.2741020793950862,4.999999999999556
0.00018342788922573472,3.3000000000000003,0.2741020793950862,4.999999999999556
0.00018347788922573472,3.3000000000000003,0.2741020793950862,4.999999999999556
0.00018352788922573472,3.3000000000000003,0.2741020793950862,4.999999999999556
0.00018357788922573472,3.3000000000000003,0.2741020793950862,4.999999999999556
0.00018362788922573472,3.3000000000000003,0.2741020793950862,4.999999999999556
0.00018367788922573472,3.3000000000000003,0.2741020793950862,4.999999999999556
0.00018372788922573472,3.3000000000000003,0.2741020793950862,4.999999999999556
0.00018377788922573473,3.3000000000000003,0.2741020793950862,4.999999999999556
0.00018382788922573473,3.3000000000000003,0.2741020793950862,4.999999999999556
0.00018387788922573473,3.3000000000000003,0.2741020793950862,4.999999999999556
0.00018392788922573473,3.3000000000000003,0.2741020793950862,4.999999999999556
0.00018397788922573473,3.3000000000000003,0.2741020793950862,4.999999999999556
0.00018402788922573473,3.3000000000000003,0.2741020793950862,4.999999999999556
0.00018407788922573473,3.3000000000000003,0.2741020793950862,4.999999999999556
0.00018412788922573473,3.3000000000000003,0.2741020793950862,4.999999999999556
0.00018417788922573473,3.3000000000000003,0.2741020793950862,4.999999999999556
0.00018422788922573474,3.3000000000000003,0.2741020793950862,4.999999999999556
0.00018427788922573474,3.3000000000000003,0.2741020793950862,4.999999999999556
0.00018432788922573474,3.3000000000000003,0.2741020793950862,4.999999999999556
0.00018437788922573474,3.3000000000000003,0.2741020793950862,4.999999999999556
0.00018442788922573474,3.3000000000000003,0.2741020793950862,4.999999999999556
0.00018447788922573474,3.3000000000000003,0.2741020793950862,4.999999999999556
0.00018452788922573474,3.3000000000000003,0.2741020793950862,4.999999999999556
0.00018457788922573474,3.3000000000000003,0.2741020793950862,4.999999999999556
0.00018462788922573475,3.3000000000000003,0.2741020793950862,4.999999999999556
0.00018467788922573475,3.3000000000000003,0.2741020793950862,4.999999999999556
0.00018472788922573475,3.3000000000000003,0.2741020793950862,4.999999999999556
0.00018477788922573475,3.3000000000000003,0.2741020793950862,4.999999999999556
0.00018482788922573475,3.3000000000000003,0.2741020793950862,4.999999999999556
0.00018487788922573475,3.3000000000000003,0.2741020793950862,4.999999999999556
0.00018492788922573475,3.3000000000000003,0.2741020793950862,4.999999999999556
0.00018497788922573475,3.3000000000000003,0.2741020793950862,4.999999999999556
0.00018502788922573476,3.3000000000000003,0.2741020793950862,4.999999999999556
0.00018507788922573476,3.3000000000000003,0.2741020793950862,4.999999999999556
0.00018512788922573476,3.3000000000000003,0.2741020793950862,4.999999999999556
0.00018517788922573476,3.3000000000000003,0.2741020793950862,4.999999999999556
0.00018522788922573476,3.3000000000000003,0.2741020793950862,4.999999999999556
0.00018527788922573476,3.3000000000000003,0.2741020793950862,4.999999999999556
0.00018532788922573476,3.3000000000000003,0.2741020793950862,4.999999999999556
0.00018537788922573476,3.3000000000000003,0.2741020793950862,4.999999999999556
0.00018542788922573477,3.3000000000000003,0.2741020793950862,4.999999999999556
0.00018547788922573477,3.3000000000000003,0.2741020793950862,4.999999999999556
0.00018552788922573477,3.3000000000000003,0.2741020793950862,4.999999999999556
0.00018557788922573477,3.3000000000000003,0.2741020793950862,4.999999999999556
0.00018562788922573477,3.3000000000000003,0.2741020793950862,4.999999999999556
0.00018567788922573477,3.3000000000000003,0.2741020793950862,4.999999999999556
0.00018572788922573477,3.3000000000000003,0.2741020793950862,4.999999999999556
0.00018577788922573477,3.3000000000000003,0.2741020793950862,4.999999999999556
0.00018582788922573478,3.3000000000000003,0.2741020793950862,4.999999999999556
0.00018587788922573478,3.3000000000000003,0.2741020793950862,4.999999999999556
0.00018592788922573478,3.3000000000000003,0.2741020793950862,4.999999999999556
0.00018597788922573478,3.3000000000000003,0.2741020793950862,4.999999999999556
0.00018602788922573478,3.3000000000000003,0.2741020793950862,4.999999999999556
0.00018607788922573478,3.3000000000000003,0.2741020793950862,4.999999999999556
0.00018612788922573478,3.3000000000000003,0.2741020793950862,4.999999999999556
0.00018617788922573478,3.3000000000000003,0.2741020793950862,4.999999999999556
0.00018622788922573478,3.3000000000000003,0.2741020793950862,4.999999999999556
0.00018627788922573479,3.3000000000000003,0.2741020793950862,4.999999999999556
0.0001863278892257348,3.3000000000000003,0.2741020793950862,4.999999999999556
0.0001863778892257348,3.3000000000000003,0.2741020793950862,4.999999999999556
0.0001864278892257348,3.3000000000000003,0.2741020793950862,4.999999999999556
0.0001864778892257348,3.3000000000000003,0.2741020793950862,4.999999999999556
0.0001865278892257348,3.3000000000000003,0.2741020793950862,4.999999999999556
0.0001865778892257348,3.3000000000000003,0.2741020793950862,4.999999999999556
0.0001866278892257348,3.3000000000000003,0.2741020793950862,4.999999999999556
0.0001866778892257348,3.3000000000000003,0.2741020793950862,4.999999999999556
0.0001867278892257348,3.3000000000000003,0.2741020793950862,4.999999999999556
0.0001867778892257348,3.3000000000000003,0.2741020793950862,4.999999999999556
0.0001868278892257348,3.3000000000000003,0.2741020793950862,4.999999999999556
0.0001868778892257348,3.3000000000000003,0.2741020793950862,4.999999999999556
0.0001869278892257348,3.3000000000000003,0.2741020793950862,4.999999999999556
0.0001869778892257348,3.3000000000000003,0.2741020793950862,4.999999999999556
0.0001870278892257348,3.3000000000000003,0.2741020793950862,4.999999999999556
0.0001870778892257348,3.3000000000000003,0.2741020793950862,4.999999999999556
0.0001871278892257348,3.3000000000000003,0.2741020793950862,4.999999999999556
0.0001871778892257348,3.3000000000000003,0.2741020793950862,4.999999999999556
0.0001872278892257348,3.3000000000000003,0.2741020793950862,4.999999999999556
0.0001872778892257348,3.3000000000000003,0.2741020793950862,4.999999999999556
0.0001873278892257348,3.3000000000000003,0.2741020793950862,4.999999999999556
0.0001873778892257348,3.3000000000000003,0.2741020793950862,4.999999999999556
0.00018742788922573481,3.3000000000000003,0.2741020793950862,4.999999999999556
0.00018747788922573482,3.3000000000000003,0.2741020793950862,4.999999999999556
0.00018752788922573482,3.3000000000000003,0.2741020793950862,4.999999999999556
0.00018757788922573482,3.3000000000000003,0.2741020793950862,4.999999999999556
0.00018762788922573482,3.3000000000000003,0.2741020793950862,4.999999999999556
0.00018767788922573482,3.3000000000000003,0.2741020793950862,4.999999999999556
0.00018772788922573482,3.3000000000000003,0.2741020793950862,4.999999999999556
0.00018777788922573482,3.3000000000000003,0.2741020793950862,4.999999999999556
0.00018782788922573482,3.3000000000000003,0.2741020793950862,4.999999999999556
0.00018787788922573482,3.3000000000000003,0.2741020793950862,4.999999999999556
0.00018792788922573483,3.3000000000000003,0.2741020793950862,4.999999999999556
0.00018797788922573483,3.3000000000000003,0.2741020793950862,4.999999999999556
0.00018802788922573483,3.3000000000000003,0.2741020793950862,4.999999999999556
0.00018807788922573483,3.3000000000000003,0.2741020793950862,4.999999999999556
0.00018812788922573483,3.3000000000000003,0.2741020793950862,4.999999999999556
0.00018817788922573483,3.3000000000000003,0.2741020793950862,4.999999999999556
0.00018822788922573483,3.3000000000000003,0.2741020793950862,4.999999999999556
0.00018827788922573483,3.3000000000000003,0.2741020793950862,4.999999999999556
0.00018832788922573484,3.3000000000000003,0.2741020793950862,4.999999999999556
0.00018837788922573484,3.3000000000000003,0.2741020793950862,4.999999999999556
0.00018842788922573484,3.3000000000000003,0.2741020793950862,4.999999999999556
0.00018847788922573484,3.3000000000000003,0.2741020793950862,4.999999999999556
0.00018852788922573484,3.3000000000000003,0.2741020793950862,4.999999999999556
0.00018857788922573484,3.3000000000000003,0.2741020793950862,4.999999999999556
0.00018862788922573484,3.3000000000000003,0.2741020793950862,4.999999999999556
0.00018867788922573484,3.3000000000000003,0.2741020793950862,4.999999999999556
0.00018872788922573485,3.3000000000000003,0.2741020793950862,4.999999999999556
0.00018877788922573485,3.3000000000000003,0.2741020793950862,4.999999999999556
0.00018882788922573485,3.3000000000000003,0.2741020793950862,4.999999999999556
0.00018887788922573485,3.3000000000000003,0.2741020793950862,4.999999999999556
0.00018892788922573485,3.3000000000000003,0.2741020793950862,4.999999999999556
0.00018897788922573485,3.3000000000000003,0.2741020793950862,4.999999999999556
0.00018902788922573485,3.3000000000000003,0.2741020793950862,4.999999999999556
0.00018907788922573485,3.3000000000000003,0.2741020793950862,4.999999999999556
0.00018912788922573486,3.3000000000000003,0.2741020793950862,4.999999999999556
0.00018917788922573486,3.3000000000000003,0.2741020793950862,4.999999999999556
0.00018922788922573486,3.3000000000000003,0.2741020793950862,4.999999999999556
0.00018927788922573486,3.3000000000000003,0.2741020793950862,4.999999999999556
0.00018932788922573486,3.3000000000000003,0.2741020793950862,4.999999999999556
0.00018937788922573486,3.3000000000000003,0.2741020793950862,4.999999999999556
0.00018942788922573486,3.3000000000000003,0.2741020793950862,4.999999999999556
0.00018947788922573486,3.3000000000000003,0.2741020793950862,4.999999999999556
0.00018952788922573486,3.3000000000000003,0.2741020793950862,4.999999999999556
0.00018957788922573487,3.3000000000000003,0.2741020793950862,4.999999999999556
0.00018962788922573487,3.3000000000000003,0.2741020793950862,4.999999999999556
0.00018967788922573487,3.3000000000000003,0.2741020793950862,4.999999999999556
0.00018972788922573487,3.3000000000000003,0.2741020793950862,4.999999999999556
0.00018977788922573487,3.3000000000000003,0.2741020793950862,4.999999999999556
0.00018982788922573487,3.3000000000000003,0.2741020793950862,4.999999999999556
0.00018987788922573487,3.3000000000000003,0.2741020793950862,4.999999999999556
0.00018992788922573487,3.3000000000000003,0.2741020793950862,4.999999999999556
0.0001899689446128674,3.3000000000000003,0.2741020793950862,4.999999999999555
0.00019000999999999998,3.3000000000000003,0.2741020793950862,4.999999999999555
0.00019001099999999997,2.970000000005985,0.2741020793950864,4.999999999999555
0.00019001299999999997,2.310000000004538,0.27410207939530395,4.999999999999555
0.00019001593919803413,1.3400646487335222,0.39276867314032887,4.999999999999555
0.00019001796959901708,0.6700323243597892,0.5570216640475598,4.999999999999554
0.00019002,0.0,0.7185857605558312,4.999999999999553
0.0001900204060801966,0.0,0.7500669817009391,4.999999999999553
0.00019002121824058976,0.0,0.8125664614141368,4.999999999999553
0.00019002284256137611,0.0,0.9348281971443614,4.999999999999553
0.00019002609120294883,0.0,1.1687966218216626,4.999999999999553
0.00019003258848609422,0.0,1.5974657655619107,4.999999999999553
0.000190045583052385,0.0,2.318537452359932,4.999999999999553
0.0001900715721849666,0.0,3.3461700408148274,4.999999999999554
0.0001901215721849666,0.0,4.38213931068898,4.999999999999556
0.0001901715721849666,0.0,4.769171050943917,4.999999999999556
0.0001902215721849666,0.0,4.913763725959231,4.999999999999556
0.0001902715721849666,0.0,4.967782659017055,4.999999999999556
0.0001903215721849666,0.0,4.987963799786437,4.999999999999556
0.00019037157218496661,0.0,4.995503349712712,4.999999999999556
0.00019042157218496662,0.0,4.998320079140468,4.999999999999556
0.00019047157218496662,0.0,4.999372391910695,4.999999999999556
0.00019052157218496662,0.0,4.9997655294820476,4.999999999999556
0.00019057157218496662,0.0,4.999912403257964,4.999999999999556
0.00019062157218496662,0.0,4.9999672743962735,4.999999999999556
0.00019067157218496662,0.0,4.999987773915677,4.999999999999556
0.00019072157218496662,0.0,4.9999954324099,4.999999999999556
0.00019077157218496662,0.0,4.999998293576184,4.999999999999556
0.00019082157218496662,0.0,4.999999362490291,4.999999999999556
0.00019087157218496663,0.0,4.999999761830021,4.999999999999556
0.00019092157218496663,0.0,4.999999911020884,4.999999999999556
0.00019097157218496663,0.0,4.999999966757672,4.999999999999556
0.00019102157218496663,0.0,4.999999987580593,4.999999999999556
0.00019107157218496663,0.0,4.999999995359908,4.999999999999556
0.00019112157218496663,0.0,4.999999998266211,4.999999999999556
0.00019117157218496663,0.0,4.999999999351989,4.999999999999556
0.00019122157218496663,0.0,4.99999999975763,4.999999999999556
0.00019127157218496664,0.0,4.999999999909175,4.999999999999556
0.00019132157218496664,0.0,4.99999999996579,4.999999999999556
0.00019137157218496664,0.0,4.999999999986941,4.999999999999556
0.00019142157218496664,0.0,4.999999999994843,4.999999999999556
0.00019147157218496664,0.0,4.9999999999977955,4.999999999999556
0.00019152157218496664,0.0,4.999999999998898,4.999999999999556
0.00019157157218496664,0.0,4.999999999999309,4.999999999999556
0.00019162157218496664,0.0,4.999999999999462,4.999999999999556
0.00019167157218496665,0.0,4.99999999999952,4.999999999999556
0.00019172157218496665,0.0,4.999999999999542,4.999999999999556
0.00019177157218496665,0.0,4.99999999999955,4.999999999999556
0.00019182157218496665,0.0,4.999999999999553,4.999999999999556
0.00019187157218496665,0.0,4.999999999999554,4.999999999999556
0.00019192157218496665,0.0,4.999999999999555,4.999999999999556
0.00019197157218496665,0.0,4.999999999999555,4.999999999999556
0.00019202157218496665,0.0,4.999999999999554,4.999999999999556
0.00019207157218496666,0.0,4.999999999999553,4.999999999999556
0.00019212157218496666,0.0,4.999999999999553,4.999999999999556
0.00019217157218496666,0.0,4.999999999999554,4.999999999999556
0.00019222157218496666,0.0,4.999999999999555,4.999999999999556
0.00019227157218496666,0.0,4.999999999999555,4.999999999999556
0.00019232157218496666,0.0,4.999999999999554,4.999999999999556
0.00019237157218496666,0.0,4.999999999999553,4.999999999999556
0.00019242157218496666,0.0,4.999999999999553,4.999999999999556
0.00019247157218496666,0.0,4.999999999999554,4.999999999999556
0.00019252157218496667,0.0,4.999999999999555,4.999999999999556
0.00019257157218496667,0.0,4.999999999999555,4.999999999999556
0.00019262157218496667,0.0,4.999999999999554,4.999999999999556
0.00019267157218496667,0.0,4.999999999999553,4.999999999999556
0.00019272157218496667,0.0,4.999999999999553,4.999999999999556
0.00019277157218496667,0.0,4.999999999999554,4.999999999999556
0.00019282157218496667,0.0,4.999999999999555,4.999999999999556
0.00019287157218496667,0.0,4.999999999999555,4.999999999999556
0.00019292157218496668,0.0,4.999999999999554,4.999999999999556
0.00019297157218496668,0.0,4.999999999999553,4.999999999999556
0.00019302157218496668,0.0,4.999999999999553,4.999999999999556
0.00019307157218496668,0.0,4.999999999999554,4.999999999999556
0.00019312157218496668,0.0,4.999999999999555,4.999999999999556
0.00019317157218496668,0.0,4.999999999999555,4.999999999999556
0.00019322157218496668,0.0,4.999999999999554,4.999999999999556
0.00019327157218496668,0.0,4.999999999999553,4.999999999999556
0.00019332157218496669,0.0,4.999999999999553,4.999999999999556
0.0001933715721849667,0.0,4.999999999999554,4.999999999999556
0.0001934215721849667,0.0,4.999999999999555,4.999999999999556
0.0001934715721849667,0.0,4.999999999999555,4.999999999999556
0.0001935215721849667,0.0,4.999999999999554,4.999999999999556
0.0001935715721849667,0.0,4.999999999999553,4.999999999999556
0.0001936215721849667,0.0,4.999999999999553,4.999999999999556
0.0001936715721849667,0.0,4.999999999999554,4.999999999999556
0.0001937215721849667,0.0,4.999999999999555,4.999999999999556
0.0001937715721849667,0.0,4.999999999999555,4.999999999999556
0.0001938215721849667,0.0,4.999999999999554,4.999999999999556
0.0001938715721849667,0.0,4.999999999999553,4.999999999999556
0.0001939215721849667,0.0,4.999999999999553,4.999999999999556
0.0001939715721849667,0.0,4.999999999999554,4.999999999999556
0.0001940215721849667,0.0,4.999999999999555,4.999999999999556
0.0001940715721849667,0.0,4.999999999999555,4.999999999999556
0.0001941215721849667,0.0,4.999999999999554,4.999999999999556
0.0001941715721849667,0.0,4.999999999999553,4.999999999999556
0.0001942215721849667,0.0,4.999999999999553,4.999999999999556
0.0001942715721849667,0.0,4.999999999999554,4.999999999999556
0.0001943215721849667,0.0,4.999999999999555,4.999999999999556
0.0001943715721849667,0.0,4.999999999999555,4.999999999999556
0.0001944215721849667,0.0,4.999999999999554,4.999999999999556
0.0001944715721849667,0.0,4.999999999999553,4.999999999999556
0.00019452157218496671,0.0,4.999999999999553,4.999999999999556
0.00019457157218496672,0.0,4.999999999999554,4.999999999999556
0.00019462157218496672,0.0,4.999999999999555,4.999999999999556
0.00019467157218496672,0.0,4.999999999999555,4.999999999999556
0.00019472157218496672,0.0,4.999999999999554,4.999999999999556
0.00019477157218496672,0.0,4.999999999999553,4.999999999999556
0.00019482157218496672,0.0,4.999999999999553,4.999999999999556
0.00019487157218496672,0.0,4.999999999999554,4.999999999999556
0.00019492157218496672,0.0,4.999999999999555,4.999999999999556
0.00019497157218496673,0.0,4.999999999999555,4.999999999999556
0.00019502157218496673,0.0,4.999999999999554,4.999999999999556
0.00019507157218496673,0.0,4.999999999999553,4.999999999999556
0.00019512157218496673,0.0,4.999999999999553,4.999999999999556
0.00019517157218496673,0.0,4.999999999999554,4.999999999999556
0.00019522157218496673,0.0,4.999999999999555,4.999999999999556
0.00019527157218496673,0.0,4.999999999999555,4.999999999999556
0.00019532157218496673,0.0,4.999999999999554,4.999999999999556
0.00019537157218496674,0.0,4.999999999999553,4.999999999999556
0.00019542157218496674,0.0,4.999999999999553,4.999999999999556
0.00019547157218496674,0.0,4.999999999999554,4.999999999999556
0.00019552157218496674,0.0,4.999999999999555,4.999999999999556
0.00019557157218496674,0.0,4.999999999999555,4.999999999999556
0.00019562157218496674,0.0,4.999999999999554,4.999999999999556
0.00019567157218496674,0.0,4.999999999999553,4.999999999999556
0.00019572157218496674,0.0,4.999999999999553,4.999999999999556
0.00019577157218496675,0.0,4.999999999999554,4.999999999999556
0.00019582157218496675,0.0,4.999999999999555,4.999999999999556
0.00019587157218496675,0.0,4.999999999999555,4.999999999999556
0.00019592157218496675,0.0,4.999999999999554,4.999999999999556
0.00019597157218496675,0.0,4.999999999999553,4.999999999999556
0.00019602157218496675,0.0,4.999999999999553,4.999999999999556
0.00019607157218496675,0.0,4.999999999999554,4.999999999999556
0.00019612157218496675,0.0,4.999999999999555,4.999999999999556
0.00019617157218496675,0.0,4.999999999999555,4.999999999999556
0.00019622157218496676,0.0,4.999999999999554,4.999999999999556
0.00019627157218496676,0.0,4.999999999999553,4.999999999999556
0.00019632157218496676,0.0,4.999999999999553,4.999999999999556
0.00019637157218496676,0.0,4.999999999999554,4.999999999999556
0.00019642157218496676,0.0,4.999999999999555,4.999999999999556
0.00019647157218496676,0.0,4.999999999999555,4.999999999999556
0.00019652157218496676,0.0,4.999999999999554,4.999999999999556
0.00019657157218496676,0.0,4.999999999999553,4.999999999999556
0.00019662157218496677,0.0,4.999999999999553,4.999999999999556
0.00019667157218496677,0.0,4.999999999999554,4.999999999999556
0.00019672157218496677,0.0,4.999999999999555,4.999999999999556
0.00019677157218496677,0.0,4.999999999999555,4.999999999999556
0.00019682157218496677,0.0,4.999999999999554,4.999999999999556
0.00019687157218496677,0.0,4.999999999999553,4.999999999999556
0.00019692157218496677,0.0,4.999999999999553,4.999999999999556
0.00019697157218496677,0.0,4.999999999999554,4.999999999999556
0.00019702157218496678,0.0,4.999999999999555,4.999999999999556
0.00019707157218496678,0.0,4.999999999999555,4.999999999999556
0.00019712157218496678,0.0,4.999999999999554,4.999999999999556
0.00019717157218496678,0.0,4.999999999999553,4.999999999999556
0.00019722157218496678,0.0,4.999999999999553,4.999999999999556
0.00019727157218496678,0.0,4.999999999999554,4.999999999999556
0.00019732157218496678,0.0,4.999999999999555,4.999999999999556
0.00019737157218496678,0.0,4.999999999999555,4.999999999999556
0.00019742157218496679,0.0,4.999999999999554,4.999999999999556
0.00019747157218496679,0.0,4.999999999999553,4.999999999999556
0.0001975215721849668,0.0,4.999999999999553,4.999999999999556
0.0001975715721849668,0.0,4.999999999999554,4.999999999999556
0.0001976215721849668,0.0,4.999999999999555,4.999999999999556
0.0001976715721849668,0.0,4.999999999999555,4.999999999999556
0.0001977215721849668,0.0,4.999999999999554,4.999999999999556
0.0001977715721849668,0.0,4.999999999999553,4.999999999999556
0.0001978215721849668,0.0,4.999999999999553,4.999999999999556
0.0001978715721849668,0.0,4.999999999999554,4.999999999999556
0.0001979215721849668,0.0,4.999999999999555,4.999999999999556
0.0001979715721849668,0.0,4.999999999999555,4.999999999999556
0.0001980215721849668,0.0,4.999999999999554,4.999999999999556
0.0001980715721849668,0.0,4.999999999999553,4.999999999999556
0.0001981215721849668,0.0,4.999999999999553,4.999999999999556
0.0001981715721849668,0.0,4.999999999999554,4.999999999999556
0.0001982215721849668,0.0,4.999999999999555,4.999999999999556
0.0001982715721849668,0.0,4.999999999999555,4.999999999999556
0.0001983215721849668,0.0,4.999999999999554,4.999999999999556
0.0001983715721849668,0.0,4.999999999999553,4.999999999999556
0.0001984215721849668,0.0,4.999999999999553,4.999999999999556
0.0001984715721849668,0.0,4.999999999999554,4.999999999999556
0.0001985215721849668,0.0,4.999999999999555,4.999999999999556
0.0001985715721849668,0.0,4.999999999999555,4.999999999999556
0.00019862157218496681,0.0,4.999999999999554,4.999999999999556
0.00019867157218496682,0.0,4.999999999999553,4.999999999999556
0.00019872157218496682,0.0,4.999999999999553,4.999999999999556
0.00019877157218496682,0.0,4.999999999999554,4.999999999999556
0.00019882157218496682,0.0,4.999999999999555,4.999999999999556
0.00019887157218496682,0.0,4.999999999999555,4.999999999999556
0.00019892157218496682,0.0,4.999999999999554,4.999999999999556
0.00019897157218496682,0.0,4.999999999999553,4.999999999999556
0.00019902157218496682,0.0,4.999999999999553,4.999999999999556
0.00019907157218496683,0.0,4.999999999999554,4.999999999999556
0.00019912157218496683,0.0,4.999999999999555,4.999999999999556
0.00019917157218496683,0.0,4.999999999999555,4.999999999999556
0.00019922157218496683,0.0,4.999999999999554,4.999999999999556
0.00019927157218496683,0.0,4.999999999999553,4.999999999999556
0.00019932157218496683,0.0,4.999999999999553,4.999999999999556
0.00019937157218496683,0.0,4.999999999999554,4.999999999999556
0.00019942157218496683,0.0,4.999999999999555,4.999999999999556
0.00019947157218496684,0.0,4.999999999999555,4.999999999999556
0.00019952157218496684,0.0,4.999999999999554,4.999999999999556
0.00019957157218496684,0.0,4.999999999999553,4.999999999999556
0.00019962157218496684,0.0,4.999999999999553,4.999999999999556
0.00019967157218496684,0.0,4.999999999999554,4.999999999999556
0.00019972157218496684,0.0,4.999999999999555,4.999999999999556
0.00019977157218496684,0.0,4.999999999999555,4.999999999999556
0.00019982157218496684,0.0,4.999999999999554,4.999999999999556
0.00019987157218496684,0.0,4.999999999999553,4.999999999999556
0.00019992157218496685,0.0,4.999999999999553,4.999999999999556
0.00019996078609248343,0.0,4.999999999999553,4.999999999999556
0.00019999999999999998,0.0,4.999999999999553,4.999999999999556
