time_s,fan_supply_V,source_A
0.0,11.975,0.05000000000000071
1e-05,11.974999999999998,0.05000000000000426
2e-05,11.974999999999998,0.05000000000000426
4e-05,11.975000000000001,0.04999999999999716
8e-05,11.975000000000003,0.049999999999993605
0.00016,11.975000000000003,0.049999999999993605
0.00032,11.975000000000001,0.04999999999999716
0.00064,11.975000000000001,0.04999999999999716
0.00128,11.975,0.05000000000000071
0.00228,11.974999999999998,0.05000000000000426
0.00328,11.975,0.05000000000000071
0.00428,11.975,0.05000000000000071
0.00528,11.975,0.05000000000000071
0.00628,11.975,0.05000000000000071
0.00728,11.975,0.05000000000000071
0.00828,11.975,0.05000000000000071
0.00928,11.975,0.05000000000000071
0.010280000000000001,11.975,0.05000000000000071
0.011280000000000002,11.975,0.05000000000000071
0.012280000000000003,11.975,0.05000000000000071
0.013280000000000004,11.975,0.05000000000000071
0.014280000000000004,11.975,0.05000000000000071
0.015280000000000005,11.975,0.05000000000000071
0.016280000000000006,11.975,0.05000000000000071
0.017280000000000007,11.975,0.05000000000000071
0.018280000000000008,11.975,0.05000000000000071
0.01928000000000001,11.975,0.05000000000000071
0.02028000000000001,11.975,0.05000000000000071
0.02128000000000001,11.975,0.05000000000000071
0.02228000000000001,11.975,0.05000000000000071
0.023280000000000012,11.975,0.05000000000000071
0.024280000000000013,11.975,0.05000000000000071
0.025280000000000014,11.975,0.05000000000000071
0.026280000000000015,11.975,0.05000000000000071
0.027280000000000016,11.975,0.05000000000000071
0.028280000000000017,11.975,0.05000000000000071
0.029280000000000018,11.975,0.05000000000000071
0.03028000000000002,11.975,0.05000000000000071
0.031280000000000016,11.975,0.05000000000000071
0.03228000000000002,11.975,0.05000000000000071
0.03328000000000002,11.975,0.05000000000000071
0.03428000000000002,11.975,0.05000000000000071
0.03528000000000002,11.975,0.05000000000000071
0.03628000000000002,11.975,0.05000000000000071
0.03728000000000002,11.975,0.05000000000000071
0.03828000000000002,11.975,0.05000000000000071
0.03928000000000002,11.975,0.05000000000000071
0.040280000000000024,11.975,0.05000000000000071
0.041280000000000025,11.975,0.05000000000000071
0.042280000000000026,11.975,0.05000000000000071
0.04328000000000003,11.975,0.05000000000000071
0.04428000000000003,11.975,0.05000000000000071
0.04528000000000003,11.975,0.05000000000000071
0.04628000000000003,11.975,0.05000000000000071
0.04728000000000003,11.975,0.05000000000000071
0.04828000000000003,11.975,0.05000000000000071
0.04928000000000003,11.975,0.05000000000000071
0.05028000000000003,11.975,0.05000000000000071
0.051280000000000034,11.975,0.05000000000000071
0.052280000000000035,11.975,0.05000000000000071
0.053280000000000036,11.975,0.05000000000000071
0.05428000000000004,11.975,0.05000000000000071
0.05528000000000004,11.975,0.05000000000000071
0.05628000000000004,11.975,0.05000000000000071
0.05728000000000004,11.975,0.05000000000000071
0.05828000000000004,11.975,0.05000000000000071
0.05928000000000004,11.975,0.05000000000000071
0.06028000000000004,11.975,0.05000000000000071
0.06128000000000004,11.975,0.05000000000000071
0.062280000000000044,11.975,0.05000000000000071
0.06328000000000004,11.975,0.05000000000000071
0.06428000000000005,11.975,0.05000000000000071
0.06528000000000005,11.975,0.05000000000000071
0.06628000000000005,11.975,0.05000000000000071
0.06728000000000005,11.975,0.05000000000000071
0.06828000000000005,11.975,0.05000000000000071
0.06928000000000005,11.975,0.05000000000000071
0.07028000000000005,11.975,0.05000000000000071
0.07128000000000005,11.975,0.05000000000000071
0.07228000000000005,11.975,0.05000000000000071
0.07328000000000005,11.975,0.05000000000000071
0.07428000000000005,11.975,0.05000000000000071
0.07528000000000006,11.975,0.05000000000000071
0.07628000000000006,11.975,0.05000000000000071
0.07728000000000006,11.975,0.05000000000000071
0.07828000000000006,11.975,0.05000000000000071
0.07928000000000006,11.975,0.05000000000000071
0.08028000000000006,11.975,0.05000000000000071
0.08128000000000006,11.975,0.05000000000000071
0.08228000000000006,11.975,0.05000000000000071
0.08328000000000006,11.975,0.05000000000000071
0.08428000000000006,11.975,0.05000000000000071
0.08528000000000006,11.975,0.05000000000000071
0.08628000000000006,11.975,0.05000000000000071
0.08728000000000007,11.975,0.05000000000000071
0.08828000000000007,11.975,0.05000000000000071
0.08928000000000007,11.975,0.05000000000000071
0.09028000000000007,11.975,0.05000000000000071
0.09128000000000007,11.975,0.05000000000000071
0.09228000000000007,11.975,0.05000000000000071
0.09328000000000007,11.975,0.05000000000000071
0.09428000000000007,11.975,0.05000000000000071
0.09528000000000007,11.975,0.05000000000000071
0.09628000000000007,11.975,0.05000000000000071
0.09728000000000007,11.975,0.05000000000000071
0.09828000000000008,11.975,0.05000000000000071
0.09914000000000003,11.975,0.05000000000000071
0.09999999999999999,11.975000000000001,0.04999999999999716
0.1000002194690909,11.974998944963955,0.05000211007208932
0.10000065840727272,11.97499431607263,0.05001136785474003
0.10000153628363635,11.974973093995693,0.05005381200861336
0.10000329203636363,11.974882300132434,0.0502353997351328
0.10000680354181818,11.974514755410597,0.05097048917880542
0.10001382655272727,11.97309914327859,0.05380171344281948
0.10002260974164602,11.970200382117731,0.059599235764537184
0.1000314121508905,11.966208819135424,0.06758236172915133
0.10004116166733262,11.960723305100643,0.07855338979871362
0.1000508177874635,11.954369950915638,0.09126009816872482
0.10006145112269425,11.946507678415616,0.10698464316876866
0.10007233490012599,11.93769502307636,0.1246099538472798
0.10008435278594029,11.927246880895954,0.1455062382080925
0.10009694556424216,11.915660574650218,0.168678850699564
0.10011087212731688,11.90225986490963,0.19548027018074166
0.1001257409927051,11.887435067303494,0.22512986539301139
0.10014227764194394,11.87048425594519,0.2590314881096205
0.10016028630017369,11.851625005981074,0.2967499880378526
0.10018056172650798,11.830046537299724,0.3399069254005518
0.10020317983307914,11.805687077777025,0.3886258444459507
0.10022918663015666,11.777441665265433,0.4451166694691331
0.10025915714245753,11.744705950224727,0.5105880995505458
0.10029484068334661,11.70559046054606,0.5888190789078784
0.1003380475061644,11.658130840155312,0.6837383196893754
0.10039273377372442,11.598001012373937,0.8039979752521269
0.10046500831394964,11.51850135951082,0.9629972809783602
0.1005686218409216,11.404521074320463,1.190957851359073
0.10073622385401353,11.22015433345686,1.5596913330862812
0.10099999999999999,10.929999501541785,2.140000996916431
0.10100030740407498,10.929663426341587,2.140673147316825
0.10100092221222494,10.928996198546232,2.142007602907537
0.10100215182852486,10.927685027881406,2.144629944237188
0.10100461106112471,10.925155949593739,2.149688100812522
0.10100952952632442,10.920450147347031,2.1590997053059375
0.1010168373187069,10.914244458893782,2.1715110822124366
0.10102554554856312,10.907925196954354,2.1841496060912924
0.10103426841657645,10.902604423166691,2.1947911536666176
0.10104378638467922,10.897765968622865,2.2044680627542697
0.10105334100984167,10.893756864806901,2.212486270386197
0.10106376960170085,10.890176414919615,2.219647170160769
0.1010745406315573,10.887189355052005,2.22562128989599
0.10108634408726157,10.884580351531527,2.2308392969369457
0.10109877816234308,10.882427642472992,2.235144715054016
0.10111244570453029,10.880608259956048,2.2387834800879034
0.10112708487289027,10.879144231960737,2.241711536078526
0.10114328836854375,10.877957729961576,2.244084540076848
0.10116096393101952,10.877040055417984,2.245919889164032
0.10118078378948557,10.876337404805458,2.247325190389084
0.1012029002885569,10.87582713772834,2.24834572454332
0.10122822975061009,10.875468881100243,2.2490622377995138
0.10125738362744374,10.87523564225463,2.24952871549074
0.10129193245932297,10.875095614333423,2.2498087713331536
0.10133362022125106,10.875023316256911,2.249953367486178
0.1013860144717351,10.874994509249278,2.2500109815014433
0.10145470193870904,10.874989789608652,2.250020420782697
0.10155176549961399,10.874994302261799,2.2500113954764025
0.10170501154689149,10.874998968574022,2.250002062851955
0.10201149785176894,10.875000577517902,2.249998844964196
0.10262447046152383,10.875000223162559,2.2499995536748827
0.10362447046152383,10.87500000014408,2.2499999997118394
0.10462447046152383,10.874999994823575,2.2500000103528492
0.10562447046152383,10.87499999951512,2.2500000009697594
0.10662447046152383,10.875000000075277,2.2499999998494467
0.10762447046152383,10.875000000018279,2.2499999999634426
0.10862447046152383,10.874999999999948,2.250000000000103
0.10962447046152383,10.874999999999568,2.2500000000008633
0.11062447046152384,10.874999999999961,2.250000000000078
0.11162447046152384,10.875000000000005,2.2499999999999893
0.11262447046152384,10.875,2.25
0.11362447046152384,10.874999999999998,2.2500000000000036
0.11462447046152384,10.874999999999998,2.2500000000000036
0.11562447046152384,10.874999999999998,2.2500000000000036
0.11662447046152384,10.874999999999998,2.2500000000000036
0.11762447046152384,10.874999999999998,2.2500000000000036
0.11862447046152384,10.874999999999998,2.2500000000000036
0.11962447046152384,10.874999999999998,2.2500000000000036
0.12062447046152384,10.874999999999998,2.2500000000000036
0.12162447046152385,10.874999999999998,2.2500000000000036
0.12262447046152385,10.874999999999998,2.2500000000000036
0.12362447046152385,10.874999999999998,2.2500000000000036
0.12462447046152385,10.874999999999998,2.2500000000000036
0.12562447046152384,10.874999999999998,2.2500000000000036
0.12662447046152384,10.874999999999998,2.2500000000000036
0.12762447046152384,10.874999999999998,2.2500000000000036
0.12862447046152384,10.874999999999998,2.2500000000000036
0.12962447046152384,10.874999999999998,2.2500000000000036
0.13062447046152384,10.874999999999998,2.2500000000000036
0.13162447046152384,10.874999999999998,2.2500000000000036
0.13262447046152384,10.874999999999998,2.2500000000000036
0.13362447046152384,10.874999999999998,2.2500000000000036
0.13462447046152384,10.874999999999998,2.2500000000000036
0.13562447046152384,10.874999999999998,2.2500000000000036
0.13662447046152384,10.874999999999998,2.2500000000000036
0.13762447046152385,10.874999999999998,2.2500000000000036
0.13862447046152385,10.874999999999998,2.2500000000000036
0.13962447046152385,10.874999999999998,2.2500000000000036
0.14062447046152385,10.874999999999998,2.2500000000000036
0.14162447046152385,10.874999999999998,2.2500000000000036
0.14262447046152385,10.874999999999998,2.2500000000000036
0.14362447046152385,10.874999999999998,2.2500000000000036
0.14462447046152385,10.874999999999998,2.2500000000000036
0.14562447046152385,10.874999999999998,2.2500000000000036
0.14662447046152385,10.874999999999998,2.2500000000000036
0.14762447046152385,10.874999999999998,2.2500000000000036
0.14862447046152386,10.874999999999998,2.2500000000000036
0.14962447046152386,10.874999999999998,2.2500000000000036
0.15062447046152386,10.874999999999998,2.2500000000000036
0.15162447046152386,10.874999999999998,2.2500000000000036
0.15262447046152386,10.874999999999998,2.2500000000000036
0.15362447046152386,10.874999999999998,2.2500000000000036
0.15462447046152386,10.874999999999998,2.2500000000000036
0.15562447046152386,10.874999999999998,2.2500000000000036
0.15662447046152386,10.874999999999998,2.2500000000000036
0.15762447046152386,10.874999999999998,2.2500000000000036
0.15862447046152386,10.874999999999998,2.2500000000000036
0.15962447046152387,10.874999999999998,2.2500000000000036
0.16062447046152387,10.874999999999998,2.2500000000000036
0.16162447046152387,10.874999999999998,2.2500000000000036
0.16262447046152387,10.874999999999998,2.2500000000000036
0.16362447046152387,10.874999999999998,2.2500000000000036
0.16462447046152387,10.874999999999998,2.2500000000000036
0.16562447046152387,10.874999999999998,2.2500000000000036
0.16662447046152387,10.874999999999998,2.2500000000000036
0.16762447046152387,10.874999999999998,2.2500000000000036
0.16862447046152387,10.874999999999998,2.2500000000000036
0.16962447046152387,10.874999999999998,2.2500000000000036
0.17062447046152387,10.874999999999998,2.2500000000000036
0.17162447046152388,10.874999999999998,2.2500000000000036
0.17262447046152388,10.874999999999998,2.2500000000000036
0.17362447046152388,10.874999999999998,2.2500000000000036
0.17462447046152388,10.874999999999998,2.2500000000000036
0.17562447046152388,10.874999999999998,2.2500000000000036
0.17662447046152388,10.874999999999998,2.2500000000000036
0.17762447046152388,10.874999999999998,2.2500000000000036
0.17862447046152388,10.874999999999998,2.2500000000000036
0.17962447046152388,10.874999999999998,2.2500000000000036
0.18062447046152388,10.874999999999998,2.2500000000000036
0.18162447046152388,10.874999999999998,2.2500000000000036
0.18262447046152389,10.874999999999998,2.2500000000000036
0.1836244704615239,10.874999999999998,2.2500000000000036
0.1846244704615239,10.874999999999998,2.2500000000000036
0.1856244704615239,10.874999999999998,2.2500000000000036
0.1866244704615239,10.874999999999998,2.2500000000000036
0.1876244704615239,10.874999999999998,2.2500000000000036
0.1886244704615239,10.874999999999998,2.2500000000000036
0.1896244704615239,10.874999999999998,2.2500000000000036
0.1906244704615239,10.874999999999998,2.2500000000000036
0.1916244704615239,10.874999999999998,2.2500000000000036
0.1926244704615239,10.874999999999998,2.2500000000000036
0.1936244704615239,10.874999999999998,2.2500000000000036
0.1946244704615239,10.874999999999998,2.2500000000000036
0.1956244704615239,10.874999999999998,2.2500000000000036
0.1966244704615239,10.874999999999998,2.2500000000000036
0.1976244704615239,10.874999999999998,2.2500000000000036
0.1986244704615239,10.874999999999998,2.2500000000000036
0.1996244704615239,10.874999999999998,2.2500000000000036
0.2006244704615239,10.874999999999998,2.2500000000000036
0.2016244704615239,10.874999999999998,2.2500000000000036
0.2026244704615239,10.874999999999998,2.2500000000000036
0.2036244704615239,10.874999999999998,2.2500000000000036
0.2046244704615239,10.874999999999998,2.2500000000000036
0.2056244704615239,10.874999999999998,2.2500000000000036
0.2066244704615239,10.874999999999998,2.2500000000000036
0.2076244704615239,10.874999999999998,2.2500000000000036
0.2086244704615239,10.874999999999998,2.2500000000000036
0.2096244704615239,10.874999999999998,2.2500000000000036
0.2106244704615239,10.874999999999998,2.2500000000000036
0.2116244704615239,10.874999999999998,2.2500000000000036
0.2126244704615239,10.874999999999998,2.2500000000000036
0.2136244704615239,10.874999999999998,2.2500000000000036
0.21462447046152391,10.874999999999998,2.2500000000000036
0.21562447046152391,10.874999999999998,2.2500000000000036
0.21662447046152392,10.874999999999998,2.2500000000000036
0.21762447046152392,10.874999999999998,2.2500000000000036
0.21862447046152392,10.874999999999998,2.2500000000000036
0.21962447046152392,10.874999999999998,2.2500000000000036
0.22062447046152392,10.874999999999998,2.2500000000000036
0.22162447046152392,10.874999999999998,2.2500000000000036
0.22262447046152392,10.874999999999998,2.2500000000000036
0.22362447046152392,10.874999999999998,2.2500000000000036
0.22462447046152392,10.874999999999998,2.2500000000000036
0.22562447046152392,10.874999999999998,2.2500000000000036
0.22662447046152392,10.874999999999998,2.2500000000000036
0.22762447046152393,10.874999999999998,2.2500000000000036
0.22862447046152393,10.874999999999998,2.2500000000000036
0.22962447046152393,10.874999999999998,2.2500000000000036
0.23062447046152393,10.874999999999998,2.2500000000000036
0.23162447046152393,10.874999999999998,2.2500000000000036
0.23262447046152393,10.874999999999998,2.2500000000000036
0.23362447046152393,10.874999999999998,2.2500000000000036
0.23462447046152393,10.874999999999998,2.2500000000000036
0.23562447046152393,10.874999999999998,2.2500000000000036
0.23662447046152393,10.874999999999998,2.2500000000000036
0.23762447046152393,10.874999999999998,2.2500000000000036
0.23862447046152394,10.874999999999998,2.2500000000000036
0.23962447046152394,10.874999999999998,2.2500000000000036
0.24062447046152394,10.874999999999998,2.2500000000000036
0.24162447046152394,10.874999999999998,2.2500000000000036
0.24262447046152394,10.874999999999998,2.2500000000000036
0.24362447046152394,10.874999999999998,2.2500000000000036
0.24462447046152394,10.874999999999998,2.2500000000000036
0.24562447046152394,10.874999999999998,2.2500000000000036
0.24662447046152394,10.874999999999998,2.2500000000000036
0.24762447046152394,10.874999999999998,2.2500000000000036
0.24862447046152394,10.874999999999998,2.2500000000000036
0.24962447046152395,10.874999999999998,2.2500000000000036
0.2506244704615239,10.874999999999998,2.2500000000000036
0.2516244704615239,10.874999999999998,2.2500000000000036
0.2526244704615239,10.874999999999998,2.2500000000000036
0.2536244704615239,10.874999999999998,2.2500000000000036
0.2546244704615239,10.874999999999998,2.2500000000000036
0.2556244704615239,10.874999999999998,2.2500000000000036
0.2566244704615239,10.874999999999998,2.2500000000000036
0.2576244704615239,10.874999999999998,2.2500000000000036
0.2586244704615239,10.874999999999998,2.2500000000000036
0.2596244704615239,10.874999999999998,2.2500000000000036
0.2606244704615239,10.874999999999998,2.2500000000000036
0.26162447046152393,10.874999999999998,2.2500000000000036
0.26262447046152393,10.874999999999998,2.2500000000000036
0.26362447046152393,10.874999999999998,2.2500000000000036
0.26462447046152393,10.874999999999998,2.2500000000000036
0.26562447046152393,10.874999999999998,2.2500000000000036
0.26662447046152393,10.874999999999998,2.2500000000000036
0.26762447046152393,10.874999999999998,2.2500000000000036
0.26862447046152393,10.874999999999998,2.2500000000000036
0.26962447046152394,10.874999999999998,2.2500000000000036
0.27062447046152394,10.874999999999998,2.2500000000000036
0.27162447046152394,10.874999999999998,2.2500000000000036
0.27262447046152394,10.874999999999998,2.2500000000000036
0.27362447046152394,10.874999999999998,2.2500000000000036
0.27462447046152394,10.874999999999998,2.2500000000000036
0.27562447046152394,10.874999999999998,2.2500000000000036
0.27662447046152394,10.874999999999998,2.2500000000000036
0.27762447046152394,10.874999999999998,2.2500000000000036
0.27862447046152394,10.874999999999998,2.2500000000000036
0.27962447046152394,10.874999999999998,2.2500000000000036
0.28062447046152394,10.874999999999998,2.2500000000000036
0.28162447046152395,10.874999999999998,2.2500000000000036
0.28262447046152395,10.874999999999998,2.2500000000000036
0.28362447046152395,10.874999999999998,2.2500000000000036
0.28462447046152395,10.874999999999998,2.2500000000000036
0.28562447046152395,10.874999999999998,2.2500000000000036
0.28662447046152395,10.874999999999998,2.2500000000000036
0.28762447046152395,10.874999999999998,2.2500000000000036
0.28862447046152395,10.874999999999998,2.2500000000000036
0.28962447046152395,10.874999999999998,2.2500000000000036
0.29062447046152395,10.874999999999998,2.2500000000000036
0.29162447046152395,10.874999999999998,2.2500000000000036
0.29262447046152396,10.874999999999998,2.2500000000000036
0.29362447046152396,10.874999999999998,2.2500000000000036
0.29462447046152396,10.874999999999998,2.2500000000000036
0.29562447046152396,10.874999999999998,2.2500000000000036
0.29662447046152396,10.874999999999998,2.2500000000000036
0.29762447046152396,10.874999999999998,2.2500000000000036
0.29862447046152396,10.874999999999998,2.2500000000000036
0.29962447046152396,10.874999999999998,2.2500000000000036
0.30062447046152396,10.874999999999998,2.2500000000000036
0.30162447046152396,10.874999999999998,2.2500000000000036
0.30262447046152396,10.874999999999998,2.2500000000000036
0.30362447046152397,10.874999999999998,2.2500000000000036
0.30462447046152397,10.874999999999998,2.2500000000000036
0.30562447046152397,10.874999999999998,2.2500000000000036
0.30662447046152397,10.874999999999998,2.2500000000000036
0.30762447046152397,10.874999999999998,2.2500000000000036
0.30862447046152397,10.874999999999998,2.2500000000000036
0.30962447046152397,10.874999999999998,2.2500000000000036
0.31062447046152397,10.874999999999998,2.2500000000000036
0.311624470461524,10.874999999999998,2.2500000000000036
0.312624470461524,10.874999999999998,2.2500000000000036
0.313624470461524,10.874999999999998,2.2500000000000036
0.314624470461524,10.874999999999998,2.2500000000000036
0.315624470461524,10.874999999999998,2.2500000000000036
0.316624470461524,10.874999999999998,2.2500000000000036
0.317624470461524,10.874999999999998,2.2500000000000036
0.318624470461524,10.874999999999998,2.2500000000000036
0.319624470461524,10.874999999999998,2.2500000000000036
0.320624470461524,10.874999999999998,2.2500000000000036
0.321624470461524,10.874999999999998,2.2500000000000036
0.322624470461524,10.874999999999998,2.2500000000000036
0.323624470461524,10.874999999999998,2.2500000000000036
0.324624470461524,10.874999999999998,2.2500000000000036
0.325624470461524,10.874999999999998,2.2500000000000036
0.326624470461524,10.874999999999998,2.2500000000000036
0.327624470461524,10.874999999999998,2.2500000000000036
0.328624470461524,10.874999999999998,2.2500000000000036
0.329624470461524,10.874999999999998,2.2500000000000036
0.330624470461524,10.874999999999998,2.2500000000000036
0.331624470461524,10.874999999999998,2.2500000000000036
0.332624470461524,10.874999999999998,2.2500000000000036
0.333624470461524,10.874999999999998,2.2500000000000036
0.334624470461524,10.874999999999998,2.2500000000000036
0.335624470461524,10.874999999999998,2.2500000000000036
0.336624470461524,10.874999999999998,2.2500000000000036
0.337624470461524,10.874999999999998,2.2500000000000036
0.338624470461524,10.874999999999998,2.2500000000000036
0.339624470461524,10.874999999999998,2.2500000000000036
0.340624470461524,10.874999999999998,2.2500000000000036
0.341624470461524,10.874999999999998,2.2500000000000036
0.342624470461524,10.874999999999998,2.2500000000000036
0.343624470461524,10.874999999999998,2.2500000000000036
0.344624470461524,10.874999999999998,2.2500000000000036
0.345624470461524,10.874999999999998,2.2500000000000036
0.346624470461524,10.874999999999998,2.2500000000000036
0.347624470461524,10.874999999999998,2.2500000000000036
0.348624470461524,10.874999999999998,2.2500000000000036
0.349624470461524,10.874999999999998,2.2500000000000036
0.350624470461524,10.874999999999998,2.2500000000000036
0.351624470461524,10.874999999999998,2.2500000000000036
0.352624470461524,10.874999999999998,2.2500000000000036
0.353624470461524,10.874999999999998,2.2500000000000036
0.354624470461524,10.874999999999998,2.2500000000000036
0.355624470461524,10.874999999999998,2.2500000000000036
0.356624470461524,10.874999999999998,2.2500000000000036
0.357624470461524,10.874999999999998,2.2500000000000036
0.358624470461524,10.874999999999998,2.2500000000000036
0.359624470461524,10.874999999999998,2.2500000000000036
0.360624470461524,10.874999999999998,2.2500000000000036
0.361624470461524,10.874999999999998,2.2500000000000036
0.362624470461524,10.874999999999998,2.2500000000000036
0.363624470461524,10.874999999999998,2.2500000000000036
0.364624470461524,10.874999999999998,2.2500000000000036
0.365624470461524,10.874999999999998,2.2500000000000036
0.366624470461524,10.874999999999998,2.2500000000000036
0.367624470461524,10.874999999999998,2.2500000000000036
0.368624470461524,10.874999999999998,2.2500000000000036
0.369624470461524,10.874999999999998,2.2500000000000036
0.370624470461524,10.874999999999998,2.2500000000000036
0.371624470461524,10.874999999999998,2.2500000000000036
0.372624470461524,10.874999999999998,2.2500000000000036
0.373624470461524,10.874999999999998,2.2500000000000036
0.37462447046152403,10.874999999999998,2.2500000000000036
0.37562447046152403,10.874999999999998,2.2500000000000036
0.37662447046152403,10.874999999999998,2.2500000000000036
0.37762447046152403,10.874999999999998,2.2500000000000036
0.37862447046152403,10.874999999999998,2.2500000000000036
0.37962447046152403,10.874999999999998,2.2500000000000036
0.38062447046152403,10.874999999999998,2.2500000000000036
0.38162447046152403,10.874999999999998,2.2500000000000036
0.38262447046152404,10.874999999999998,2.2500000000000036
0.38362447046152404,10.874999999999998,2.2500000000000036
0.38462447046152404,10.874999999999998,2.2500000000000036
0.38562447046152404,10.874999999999998,2.2500000000000036
0.38662447046152404,10.874999999999998,2.2500000000000036
0.38762447046152404,10.874999999999998,2.2500000000000036
0.38862447046152404,10.874999999999998,2.2500000000000036
0.38962447046152404,10.874999999999998,2.2500000000000036
0.39062447046152404,10.874999999999998,2.2500000000000036
0.39162447046152404,10.874999999999998,2.2500000000000036
0.39262447046152404,10.874999999999998,2.2500000000000036
0.39362447046152405,10.874999999999998,2.2500000000000036
0.39462447046152405,10.874999999999998,2.2500000000000036
0.39562447046152405,10.874999999999998,2.2500000000000036
0.39662447046152405,10.874999999999998,2.2500000000000036
0.39762447046152405,10.874999999999998,2.2500000000000036
0.39862447046152405,10.874999999999998,2.2500000000000036
0.39962447046152405,10.874999999999998,2.2500000000000036
0.40062447046152405,10.874999999999998,2.2500000000000036
0.40162447046152405,10.874999999999998,2.2500000000000036
0.40262447046152405,10.874999999999998,2.2500000000000036
0.40362447046152405,10.874999999999998,2.2500000000000036
0.40462447046152406,10.874999999999998,2.2500000000000036
0.40562447046152406,10.874999999999998,2.2500000000000036
0.40662447046152406,10.874999999999998,2.2500000000000036
0.40762447046152406,10.874999999999998,2.2500000000000036
0.40862447046152406,10.874999999999998,2.2500000000000036
0.40962447046152406,10.874999999999998,2.2500000000000036
0.41062447046152406,10.874999999999998,2.2500000000000036
0.41162447046152406,10.874999999999998,2.2500000000000036
0.41262447046152406,10.874999999999998,2.2500000000000036
0.41362447046152406,10.874999999999998,2.2500000000000036
0.41462447046152406,10.874999999999998,2.2500000000000036
0.41562447046152406,10.874999999999998,2.2500000000000036
0.41662447046152407,10.874999999999998,2.2500000000000036
0.41762447046152407,10.874999999999998,2.2500000000000036
0.41862447046152407,10.874999999999998,2.2500000000000036
0.41962447046152407,10.874999999999998,2.2500000000000036
0.42062447046152407,10.874999999999998,2.2500000000000036
0.42162447046152407,10.874999999999998,2.2500000000000036
0.42262447046152407,10.874999999999998,2.2500000000000036
0.42362447046152407,10.874999999999998,2.2500000000000036
0.4246244704615241,10.874999999999998,2.2500000000000036
0.4256244704615241,10.874999999999998,2.2500000000000036
0.4266244704615241,10.874999999999998,2.2500000000000036
0.4276244704615241,10.874999999999998,2.2500000000000036
0.4286244704615241,10.874999999999998,2.2500000000000036
0.4296244704615241,10.874999999999998,2.2500000000000036
0.4306244704615241,10.874999999999998,2.2500000000000036
0.4316244704615241,10.874999999999998,2.2500000000000036
0.4326244704615241,10.874999999999998,2.2500000000000036
0.4336244704615241,10.874999999999998,2.2500000000000036
0.4346244704615241,10.874999999999998,2.2500000000000036
0.4356244704615241,10.874999999999998,2.2500000000000036
0.4366244704615241,10.874999999999998,2.2500000000000036
0.4376244704615241,10.874999999999998,2.2500000000000036
0.4386244704615241,10.874999999999998,2.2500000000000036
0.4396244704615241,10.874999999999998,2.2500000000000036
0.4406244704615241,10.874999999999998,2.2500000000000036
0.4416244704615241,10.874999999999998,2.2500000000000036
0.4426244704615241,10.874999999999998,2.2500000000000036
0.4436244704615241,10.874999999999998,2.2500000000000036
0.4446244704615241,10.874999999999998,2.2500000000000036
0.4456244704615241,10.874999999999998,2.2500000000000036
0.4466244704615241,10.874999999999998,2.2500000000000036
0.4476244704615241,10.874999999999998,2.2500000000000036
0.4486244704615241,10.874999999999998,2.2500000000000036
0.4496244704615241,10.874999999999998,2.2500000000000036
0.4506244704615241,10.874999999999998,2.2500000000000036
0.4516244704615241,10.874999999999998,2.2500000000000036
0.4526244704615241,10.874999999999998,2.2500000000000036
0.4536244704615241,10.874999999999998,2.2500000000000036
0.4546244704615241,10.874999999999998,2.2500000000000036
0.4556244704615241,10.874999999999998,2.2500000000000036
0.4566244704615241,10.874999999999998,2.2500000000000036
0.4576244704615241,10.874999999999998,2.2500000000000036
0.4586244704615241,10.874999999999998,2.2500000000000036
0.4596244704615241,10.874999999999998,2.2500000000000036
0.4606244704615241,10.874999999999998,2.2500000000000036
0.4616244704615241,10.874999999999998,2.2500000000000036
0.4626244704615241,10.874999999999998,2.2500000000000036
0.4636244704615241,10.874999999999998,2.2500000000000036
0.4646244704615241,10.874999999999998,2.2500000000000036
0.4656244704615241,10.874999999999998,2.2500000000000036
0.4666244704615241,10.874999999999998,2.2500000000000036
0.4676244704615241,10.874999999999998,2.2500000000000036
0.4686244704615241,10.874999999999998,2.2500000000000036
0.4696244704615241,10.874999999999998,2.2500000000000036
0.4706244704615241,10.874999999999998,2.2500000000000036
0.4716244704615241,10.874999999999998,2.2500000000000036
0.4726244704615241,10.874999999999998,2.2500000000000036
0.4736244704615241,10.874999999999998,2.2500000000000036
0.4746244704615241,10.874999999999998,2.2500000000000036
0.4756244704615241,10.874999999999998,2.2500000000000036
0.4766244704615241,10.874999999999998,2.2500000000000036
0.4776244704615241,10.874999999999998,2.2500000000000036
0.4786244704615241,10.874999999999998,2.2500000000000036
0.4796244704615241,10.874999999999998,2.2500000000000036
0.4806244704615241,10.874999999999998,2.2500000000000036
0.4816244704615241,10.874999999999998,2.2500000000000036
0.4826244704615241,10.874999999999998,2.2500000000000036
0.4836244704615241,10.874999999999998,2.2500000000000036
0.4846244704615241,10.874999999999998,2.2500000000000036
0.4856244704615241,10.874999999999998,2.2500000000000036
0.48662447046152413,10.874999999999998,2.2500000000000036
0.48762447046152413,10.874999999999998,2.2500000000000036
0.48862447046152413,10.874999999999998,2.2500000000000036
0.48962447046152413,10.874999999999998,2.2500000000000036
0.49062447046152413,10.874999999999998,2.2500000000000036
0.49162447046152413,10.874999999999998,2.2500000000000036
0.49262447046152413,10.874999999999998,2.2500000000000036
0.49362447046152413,10.874999999999998,2.2500000000000036
0.49462447046152413,10.874999999999998,2.2500000000000036
0.49562447046152414,10.874999999999998,2.2500000000000036
0.49662447046152414,10.874999999999998,2.2500000000000036
0.49762447046152414,10.874999999999998,2.2500000000000036
0.49862447046152414,10.874999999999998,2.2500000000000036
0.49962447046152414,10.874999999999998,2.2500000000000036
0.5006244704615241,10.874999999999998,2.2500000000000036
0.5016244704615241,10.874999999999998,2.2500000000000036
0.5026244704615241,10.874999999999998,2.2500000000000036
0.5036244704615241,10.874999999999998,2.2500000000000036
0.5046244704615241,10.874999999999998,2.2500000000000036
0.5056244704615241,10.874999999999998,2.2500000000000036
0.5066244704615241,10.874999999999998,2.2500000000000036
0.5076244704615241,10.874999999999998,2.2500000000000036
0.5086244704615241,10.874999999999998,2.2500000000000036
0.5096244704615241,10.874999999999998,2.2500000000000036
0.5106244704615241,10.874999999999998,2.2500000000000036
0.5116244704615242,10.874999999999998,2.2500000000000036
0.5126244704615242,10.874999999999998,2.2500000000000036
0.5136244704615242,10.874999999999998,2.2500000000000036
0.5146244704615242,10.874999999999998,2.2500000000000036
0.5156244704615242,10.874999999999998,2.2500000000000036
0.5166244704615242,10.874999999999998,2.2500000000000036
0.5176244704615242,10.874999999999998,2.2500000000000036
0.5186244704615242,10.874999999999998,2.2500000000000036
0.5196244704615242,10.874999999999998,2.2500000000000036
0.5206244704615242,10.874999999999998,2.2500000000000036
0.5216244704615242,10.874999999999998,2.2500000000000036
0.5226244704615242,10.874999999999998,2.2500000000000036
0.5236244704615242,10.874999999999998,2.2500000000000036
0.5246244704615242,10.874999999999998,2.2500000000000036
0.5256244704615242,10.874999999999998,2.2500000000000036
0.5266244704615242,10.874999999999998,2.2500000000000036
0.5276244704615242,10.874999999999998,2.2500000000000036
0.5286244704615242,10.874999999999998,2.2500000000000036
0.5296244704615242,10.874999999999998,2.2500000000000036
0.5306244704615242,10.874999999999998,2.2500000000000036
0.5316244704615242,10.874999999999998,2.2500000000000036
0.5326244704615242,10.874999999999998,2.2500000000000036
0.5336244704615242,10.874999999999998,2.2500000000000036
0.5346244704615242,10.874999999999998,2.2500000000000036
0.5356244704615242,10.874999999999998,2.2500000000000036
0.5366244704615242,10.874999999999998,2.2500000000000036
0.5376244704615242,10.874999999999998,2.2500000000000036
0.5386244704615242,10.874999999999998,2.2500000000000036
0.5396244704615242,10.874999999999998,2.2500000000000036
0.5406244704615242,10.874999999999998,2.2500000000000036
0.5416244704615242,10.874999999999998,2.2500000000000036
0.5426244704615242,10.874999999999998,2.2500000000000036
0.5436244704615242,10.874999999999998,2.2500000000000036
0.5446244704615242,10.874999999999998,2.2500000000000036
0.5456244704615242,10.874999999999998,2.2500000000000036
0.5466244704615242,10.874999999999998,2.2500000000000036
0.5476244704615242,10.874999999999998,2.2500000000000036
0.5486244704615242,10.874999999999998,2.2500000000000036
0.5496244704615242,10.874999999999998,2.2500000000000036
0.5506244704615242,10.874999999999998,2.2500000000000036
0.5516244704615242,10.874999999999998,2.2500000000000036
0.5526244704615242,10.874999999999998,2.2500000000000036
0.5536244704615242,10.874999999999998,2.2500000000000036
0.5546244704615242,10.874999999999998,2.2500000000000036
0.5556244704615242,10.874999999999998,2.2500000000000036
0.5566244704615242,10.874999999999998,2.2500000000000036
0.5576244704615242,10.874999999999998,2.2500000000000036
0.5586244704615242,10.874999999999998,2.2500000000000036
0.5596244704615242,10.874999999999998,2.2500000000000036
0.5606244704615242,10.874999999999998,2.2500000000000036
0.5616244704615242,10.874999999999998,2.2500000000000036
0.5626244704615242,10.874999999999998,2.2500000000000036
0.5636244704615242,10.874999999999998,2.2500000000000036
0.5646244704615242,10.874999999999998,2.2500000000000036
0.5656244704615242,10.874999999999998,2.2500000000000036
0.5666244704615242,10.874999999999998,2.2500000000000036
0.5676244704615242,10.874999999999998,2.2500000000000036
0.5686244704615242,10.874999999999998,2.2500000000000036
0.5696244704615242,10.874999999999998,2.2500000000000036
0.5706244704615242,10.874999999999998,2.2500000000000036
0.5716244704615242,10.874999999999998,2.2500000000000036
0.5726244704615242,10.874999999999998,2.2500000000000036
0.5736244704615242,10.874999999999998,2.2500000000000036
0.5746244704615242,10.874999999999998,2.2500000000000036
0.5756244704615242,10.874999999999998,2.2500000000000036
0.5766244704615242,10.874999999999998,2.2500000000000036
0.5776244704615242,10.874999999999998,2.2500000000000036
0.5786244704615242,10.874999999999998,2.2500000000000036
0.5796244704615242,10.874999999999998,2.2500000000000036
0.5806244704615242,10.874999999999998,2.2500000000000036
0.5816244704615242,10.874999999999998,2.2500000000000036
0.5826244704615242,10.874999999999998,2.2500000000000036
0.5836244704615242,10.874999999999998,2.2500000000000036
0.5846244704615242,10.874999999999998,2.2500000000000036
0.5856244704615242,10.874999999999998,2.2500000000000036
0.5866244704615242,10.874999999999998,2.2500000000000036
0.5876244704615242,10.874999999999998,2.2500000000000036
0.5886244704615242,10.874999999999998,2.2500000000000036
0.5896244704615242,10.874999999999998,2.2500000000000036
0.5906244704615242,10.874999999999998,2.2500000000000036
0.5916244704615242,10.874999999999998,2.2500000000000036
0.5926244704615242,10.874999999999998,2.2500000000000036
0.5936244704615242,10.874999999999998,2.2500000000000036
0.5946244704615242,10.874999999999998,2.2500000000000036
0.5956244704615242,10.874999999999998,2.2500000000000036
0.5966244704615242,10.874999999999998,2.2500000000000036
0.5976244704615242,10.874999999999998,2.2500000000000036
0.5986244704615242,10.874999999999998,2.2500000000000036
0.5996244704615242,10.874999999999998,2.2500000000000036
0.6003122352307622,10.875000000000002,2.2499999999999964
0.601,10.875,2.25
0.6010003282042873,10.875001177171542,2.249997645656915
0.601000984612862,10.875006334646333,2.2499873307073344
0.6010022974300114,10.875029895947636,2.2499402081047286
0.6010049230643103,10.875129962868069,2.249740074263862
0.601010174332908,10.87552928896455,2.2489414220708994
0.6010206768701035,10.877026591014156,2.2459468179716886
0.6010307321075503,10.87921139906847,2.241577201863059
0.6010429606820377,10.88267250357239,2.2346549928552193
0.6010545555072718,10.886615354635351,2.2267692907292975
0.6010679636292914,10.891799378009159,2.2164012439816823
0.6010813659896493,10.897502498908464,2.2049950021830718
0.6010968149082598,10.904561484744637,2.190877030510727
0.6011129091327576,10.912326175209266,2.175347649581468
0.6011314644701342,10.921648952709901,2.156702094580197
0.601151444080348,10.931996774892635,2.1360064502147296
0.601174660828502,10.944287072560092,2.1114258548798155
0.6012005519740192,10.958206287200639,2.083587425598722
0.6012312907483891,10.974902016359158,2.0501959672816845
0.6012671689136195,10.994515230424746,2.0109695391505085
0.6013116354916709,11.01891188303498,1.962176233930041
0.6013673201439156,11.049517645215872,1.9009647095682567
0.6014425317783871,11.09088292257376,1.8182341548524796
0.6015504301029843,11.150232250965457,1.6995354980690855
0.6017306959220744,11.24938246802152,1.5012350639569583
0.602,11.397500448398688,1.2049991032026242
0.6020005870661979,11.397819582486045,1.2043608350279094
0.6020017611985937,11.398448982670994,1.2031020346580128
0.6020041094633853,11.39966638330064,1.2006672333987183
0.6020088059929687,11.401939931340213,1.196120137319575
0.6020181990521354,11.40591047789861,1.18817904420278
0.6020292236528483,11.409730754053673,1.180538491892655
0.6020406693543675,11.412903772120167,1.1741924557596661
0.6020531025350384,11.415618085984,1.1687638280319987
0.6020658941334206,11.417782834244209,1.1644343315115826
0.6020799566350893,11.4195979105601,1.1608041788798005
0.6020948970362815,11.421035424284907,1.157929151430185
0.6021115557733672,11.422199658739006,1.1556006825219889
0.6021296986683372,11.423089775923003,1.1538204481539935
0.6021501959839264,11.423768261125328,1.1524634777493432
0.6021730811501452,11.424253537142,1.1514929257159991
0.6021994796480561,11.424589816320525,1.1508203673589499
0.6022299538892247,11.424803309187002,1.150393381625996
0.6022663805432147,11.424927481132315,1.1501450377353706
0.6023106482651737,11.424987871617216,1.150024256765569
0.6023670341432598,11.425008991705875,1.1499820165882504
0.6024421519470392,11.425009825710633,1.1499803485787332
0.6025513030315144,11.425004334353673,1.1499913312926537
0.602731982723352,11.425000261550041,1.149999476899918
0.6030933421070275,11.424999438433785,1.15000112313243
0.6038160608743783,11.424999873864728,1.1500002522705444
0.6048160608743783,11.42500000696825,1.1499999860634986
0.6058160608743783,11.425000003581587,1.1499999928368254
0.6068160608743783,11.425000000171117,1.1499999996577657
0.6078160608743783,11.424999999932625,1.1500000001347495
0.6088160608743783,11.424999999989753,1.1500000000204942
0.6098160608743783,11.425000000000614,1.149999999998773
0.6108160608743783,11.425000000000296,1.1499999999994088
0.6118160608743783,11.425000000000013,1.1499999999999737
0.6128160608743783,11.424999999999994,1.1500000000000128
0.6138160608743783,11.424999999999999,1.1500000000000021
0.6148160608743783,11.424999999999999,1.1500000000000021
0.6158160608743783,11.424999999999999,1.1500000000000021
0.6168160608743783,11.424999999999999,1.1500000000000021
0.6178160608743783,11.424999999999999,1.1500000000000021
0.6188160608743783,11.424999999999999,1.1500000000000021
0.6198160608743783,11.424999999999999,1.1500000000000021
0.6208160608743784,11.424999999999999,1.1500000000000021
0.6218160608743784,11.424999999999999,1.1500000000000021
0.6228160608743784,11.424999999999999,1.1500000000000021
0.6238160608743784,11.424999999999999,1.1500000000000021
0.6248160608743784,11.424999999999999,1.1500000000000021
0.6258160608743784,11.424999999999999,1.1500000000000021
0.6268160608743784,11.424999999999999,1.1500000000000021
0.6278160608743784,11.424999999999999,1.1500000000000021
0.6288160608743784,11.424999999999999,1.1500000000000021
0.6298160608743784,11.424999999999999,1.1500000000000021
0.6308160608743784,11.424999999999999,1.1500000000000021
0.6318160608743784,11.424999999999999,1.1500000000000021
0.6328160608743784,11.424999999999999,1.1500000000000021
0.6338160608743784,11.424999999999999,1.1500000000000021
0.6348160608743784,11.424999999999999,1.1500000000000021
0.6358160608743784,11.424999999999999,1.1500000000000021
0.6368160608743784,11.424999999999999,1.1500000000000021
0.6378160608743784,11.424999999999999,1.1500000000000021
0.6388160608743784,11.424999999999999,1.1500000000000021
0.6398160608743784,11.424999999999999,1.1500000000000021
0.6408160608743784,11.424999999999999,1.1500000000000021
0.6418160608743784,11.424999999999999,1.1500000000000021
0.6428160608743784,11.424999999999999,1.1500000000000021
0.6438160608743784,11.424999999999999,1.1500000000000021
0.6448160608743784,11.424999999999999,1.1500000000000021
0.6458160608743784,11.424999999999999,1.1500000000000021
0.6468160608743784,11.424999999999999,1.1500000000000021
0.6478160608743784,11.424999999999999,1.1500000000000021
0.6488160608743784,11.424999999999999,1.1500000000000021
0.6498160608743784,11.424999999999999,1.1500000000000021
0.6508160608743784,11.424999999999999,1.1500000000000021
0.6518160608743784,11.424999999999999,1.1500000000000021
0.6528160608743784,11.424999999999999,1.1500000000000021
0.6538160608743784,11.424999999999999,1.1500000000000021
0.6548160608743784,11.424999999999999,1.1500000000000021
0.6558160608743784,11.424999999999999,1.1500000000000021
0.6568160608743784,11.424999999999999,1.1500000000000021
0.6578160608743784,11.424999999999999,1.1500000000000021
0.6588160608743784,11.424999999999999,1.1500000000000021
0.6598160608743784,11.424999999999999,1.1500000000000021
0.6608160608743784,11.424999999999999,1.1500000000000021
0.6618160608743784,11.424999999999999,1.1500000000000021
0.6628160608743784,11.424999999999999,1.1500000000000021
0.6638160608743784,11.424999999999999,1.1500000000000021
0.6648160608743784,11.424999999999999,1.1500000000000021
0.6658160608743784,11.424999999999999,1.1500000000000021
0.6668160608743784,11.424999999999999,1.1500000000000021
0.6678160608743784,11.424999999999999,1.1500000000000021
0.6688160608743784,11.424999999999999,1.1500000000000021
0.6698160608743784,11.424999999999999,1.1500000000000021
0.6708160608743784,11.424999999999999,1.1500000000000021
0.6718160608743784,11.424999999999999,1.1500000000000021
0.6728160608743784,11.424999999999999,1.1500000000000021
0.6738160608743784,11.424999999999999,1.1500000000000021
0.6748160608743784,11.424999999999999,1.1500000000000021
0.6758160608743784,11.424999999999999,1.1500000000000021
0.6768160608743784,11.424999999999999,1.1500000000000021
0.6778160608743784,11.424999999999999,1.1500000000000021
0.6788160608743784,11.424999999999999,1.1500000000000021
0.6798160608743784,11.424999999999999,1.1500000000000021
0.6808160608743784,11.424999999999999,1.1500000000000021
0.6818160608743784,11.424999999999999,1.1500000000000021
0.6828160608743784,11.424999999999999,1.1500000000000021
0.6838160608743784,11.424999999999999,1.1500000000000021
0.6848160608743784,11.424999999999999,1.1500000000000021
0.6858160608743784,11.424999999999999,1.1500000000000021
0.6868160608743784,11.424999999999999,1.1500000000000021
0.6878160608743784,11.424999999999999,1.1500000000000021
0.6888160608743784,11.424999999999999,1.1500000000000021
0.6898160608743784,11.424999999999999,1.1500000000000021
0.6908160608743784,11.424999999999999,1.1500000000000021
0.6918160608743784,11.424999999999999,1.1500000000000021
0.6928160608743784,11.424999999999999,1.1500000000000021
0.6938160608743784,11.424999999999999,1.1500000000000021
0.6948160608743784,11.424999999999999,1.1500000000000021
0.6958160608743784,11.424999999999999,1.1500000000000021
0.6968160608743784,11.424999999999999,1.1500000000000021
0.6978160608743784,11.424999999999999,1.1500000000000021
0.6988160608743784,11.424999999999999,1.1500000000000021
0.6998160608743784,11.424999999999999,1.1500000000000021
0.7008160608743784,11.424999999999999,1.1500000000000021
0.7018160608743784,11.424999999999999,1.1500000000000021
0.7028160608743784,11.424999999999999,1.1500000000000021
0.7038160608743784,11.424999999999999,1.1500000000000021
0.7048160608743784,11.424999999999999,1.1500000000000021
0.7058160608743784,11.424999999999999,1.1500000000000021
0.7068160608743784,11.424999999999999,1.1500000000000021
0.7078160608743784,11.424999999999999,1.1500000000000021
0.7088160608743784,11.424999999999999,1.1500000000000021
0.7098160608743784,11.424999999999999,1.1500000000000021
0.7108160608743784,11.424999999999999,1.1500000000000021
0.7118160608743784,11.424999999999999,1.1500000000000021
0.7128160608743784,11.424999999999999,1.1500000000000021
0.7138160608743784,11.424999999999999,1.1500000000000021
0.7148160608743784,11.424999999999999,1.1500000000000021
0.7158160608743784,11.424999999999999,1.1500000000000021
0.7168160608743784,11.424999999999999,1.1500000000000021
0.7178160608743784,11.424999999999999,1.1500000000000021
0.7188160608743784,11.424999999999999,1.1500000000000021
0.7198160608743784,11.424999999999999,1.1500000000000021
0.7208160608743784,11.424999999999999,1.1500000000000021
0.7218160608743784,11.424999999999999,1.1500000000000021
0.7228160608743784,11.424999999999999,1.1500000000000021
0.7238160608743784,11.424999999999999,1.1500000000000021
0.7248160608743784,11.424999999999999,1.1500000000000021
0.7258160608743784,11.424999999999999,1.1500000000000021
0.7268160608743784,11.424999999999999,1.1500000000000021
0.7278160608743784,11.424999999999999,1.1500000000000021
0.7288160608743784,11.424999999999999,1.1500000000000021
0.7298160608743784,11.424999999999999,1.1500000000000021
0.7308160608743784,11.424999999999999,1.1500000000000021
0.7318160608743784,11.424999999999999,1.1500000000000021
0.7328160608743784,11.424999999999999,1.1500000000000021
0.7338160608743785,11.424999999999999,1.1500000000000021
0.7348160608743785,11.424999999999999,1.1500000000000021
0.7358160608743785,11.424999999999999,1.1500000000000021
0.7368160608743785,11.424999999999999,1.1500000000000021
0.7378160608743785,11.424999999999999,1.1500000000000021
0.7388160608743785,11.424999999999999,1.1500000000000021
0.7398160608743785,11.424999999999999,1.1500000000000021
0.7408160608743785,11.424999999999999,1.1500000000000021
0.7418160608743785,11.424999999999999,1.1500000000000021
0.7428160608743785,11.424999999999999,1.1500000000000021
0.7438160608743785,11.424999999999999,1.1500000000000021
0.7448160608743785,11.424999999999999,1.1500000000000021
0.7458160608743785,11.424999999999999,1.1500000000000021
0.7468160608743785,11.424999999999999,1.1500000000000021
0.7478160608743785,11.424999999999999,1.1500000000000021
0.7488160608743785,11.424999999999999,1.1500000000000021
0.7498160608743785,11.424999999999999,1.1500000000000021
0.7508160608743785,11.424999999999999,1.1500000000000021
0.7518160608743785,11.424999999999999,1.1500000000000021
0.7528160608743785,11.424999999999999,1.1500000000000021
0.7538160608743785,11.424999999999999,1.1500000000000021
0.7548160608743785,11.424999999999999,1.1500000000000021
0.7558160608743785,11.424999999999999,1.1500000000000021
0.7568160608743785,11.424999999999999,1.1500000000000021
0.7578160608743785,11.424999999999999,1.1500000000000021
0.7588160608743785,11.424999999999999,1.1500000000000021
0.7598160608743785,11.424999999999999,1.1500000000000021
0.7608160608743785,11.424999999999999,1.1500000000000021
0.7618160608743785,11.424999999999999,1.1500000000000021
0.7628160608743785,11.424999999999999,1.1500000000000021
0.7638160608743785,11.424999999999999,1.1500000000000021
0.7648160608743785,11.424999999999999,1.1500000000000021
0.7658160608743785,11.424999999999999,1.1500000000000021
0.7668160608743785,11.424999999999999,1.1500000000000021
0.7678160608743785,11.424999999999999,1.1500000000000021
0.7688160608743785,11.424999999999999,1.1500000000000021
0.7698160608743785,11.424999999999999,1.1500000000000021
0.7708160608743785,11.424999999999999,1.1500000000000021
0.7718160608743785,11.424999999999999,1.1500000000000021
0.7728160608743785,11.424999999999999,1.1500000000000021
0.7738160608743785,11.424999999999999,1.1500000000000021
0.7748160608743785,11.424999999999999,1.1500000000000021
0.7758160608743785,11.424999999999999,1.1500000000000021
0.7768160608743785,11.424999999999999,1.1500000000000021
0.7778160608743785,11.424999999999999,1.1500000000000021
0.7788160608743785,11.424999999999999,1.1500000000000021
0.7798160608743785,11.424999999999999,1.1500000000000021
0.7808160608743785,11.424999999999999,1.1500000000000021
0.7818160608743785,11.424999999999999,1.1500000000000021
0.7828160608743785,11.424999999999999,1.1500000000000021
0.7838160608743785,11.424999999999999,1.1500000000000021
0.7848160608743785,11.424999999999999,1.1500000000000021
0.7858160608743785,11.424999999999999,1.1500000000000021
0.7868160608743785,11.424999999999999,1.1500000000000021
0.7878160608743785,11.424999999999999,1.1500000000000021
0.7888160608743785,11.424999999999999,1.1500000000000021
0.7898160608743785,11.424999999999999,1.1500000000000021
0.7908160608743785,11.424999999999999,1.1500000000000021
0.7918160608743785,11.424999999999999,1.1500000000000021
0.7928160608743785,11.424999999999999,1.1500000000000021
0.7938160608743785,11.424999999999999,1.1500000000000021
0.7948160608743785,11.424999999999999,1.1500000000000021
0.7958160608743785,11.424999999999999,1.1500000000000021
0.7968160608743785,11.424999999999999,1.1500000000000021
0.7978160608743785,11.424999999999999,1.1500000000000021
0.7988160608743785,11.424999999999999,1.1500000000000021
0.7998160608743785,11.424999999999999,1.1500000000000021
0.8008160608743785,11.424999999999999,1.1500000000000021
0.8018160608743785,11.424999999999999,1.1500000000000021
0.8028160608743785,11.424999999999999,1.1500000000000021
0.8038160608743785,11.424999999999999,1.1500000000000021
0.8048160608743785,11.424999999999999,1.1500000000000021
0.8058160608743785,11.424999999999999,1.1500000000000021
0.8068160608743785,11.424999999999999,1.1500000000000021
0.8078160608743785,11.424999999999999,1.1500000000000021
0.8088160608743785,11.424999999999999,1.1500000000000021
0.8098160608743785,11.424999999999999,1.1500000000000021
0.8108160608743785,11.424999999999999,1.1500000000000021
0.8118160608743785,11.424999999999999,1.1500000000000021
0.8128160608743785,11.424999999999999,1.1500000000000021
0.8138160608743785,11.424999999999999,1.1500000000000021
0.8148160608743785,11.424999999999999,1.1500000000000021
0.8158160608743785,11.424999999999999,1.1500000000000021
0.8168160608743785,11.424999999999999,1.1500000000000021
0.8178160608743785,11.424999999999999,1.1500000000000021
0.8188160608743785,11.424999999999999,1.1500000000000021
0.8198160608743785,11.424999999999999,1.1500000000000021
0.8208160608743785,11.424999999999999,1.1500000000000021
0.8218160608743785,11.424999999999999,1.1500000000000021
0.8228160608743785,11.424999999999999,1.1500000000000021
0.8238160608743785,11.424999999999999,1.1500000000000021
0.8248160608743785,11.424999999999999,1.1500000000000021
0.8258160608743785,11.424999999999999,1.1500000000000021
0.8268160608743785,11.424999999999999,1.1500000000000021
0.8278160608743785,11.424999999999999,1.1500000000000021
0.8288160608743785,11.424999999999999,1.1500000000000021
0.8298160608743785,11.424999999999999,1.1500000000000021
0.8308160608743785,11.424999999999999,1.1500000000000021
0.8318160608743785,11.424999999999999,1.1500000000000021
0.8328160608743785,11.424999999999999,1.1500000000000021
0.8338160608743785,11.424999999999999,1.1500000000000021
0.8348160608743785,11.424999999999999,1.1500000000000021
0.8358160608743785,11.424999999999999,1.1500000000000021
0.8368160608743785,11.424999999999999,1.1500000000000021
0.8378160608743785,11.424999999999999,1.1500000000000021
0.8388160608743785,11.424999999999999,1.1500000000000021
0.8398160608743785,11.424999999999999,1.1500000000000021
0.8408160608743785,11.424999999999999,1.1500000000000021
0.8418160608743785,11.424999999999999,1.1500000000000021
0.8428160608743785,11.424999999999999,1.1500000000000021
0.8438160608743785,11.424999999999999,1.1500000000000021
0.8448160608743785,11.424999999999999,1.1500000000000021
0.8458160608743786,11.424999999999999,1.1500000000000021
0.8468160608743786,11.424999999999999,1.1500000000000021
0.8478160608743786,11.424999999999999,1.1500000000000021
0.8488160608743786,11.424999999999999,1.1500000000000021
0.8498160608743786,11.424999999999999,1.1500000000000021
0.8508160608743786,11.424999999999999,1.1500000000000021
0.8518160608743786,11.424999999999999,1.1500000000000021
0.8528160608743786,11.424999999999999,1.1500000000000021
0.8538160608743786,11.424999999999999,1.1500000000000021
0.8548160608743786,11.424999999999999,1.1500000000000021
0.8558160608743786,11.424999999999999,1.1500000000000021
0.8568160608743786,11.424999999999999,1.1500000000000021
0.8578160608743786,11.424999999999999,1.1500000000000021
0.8588160608743786,11.424999999999999,1.1500000000000021
0.8598160608743786,11.424999999999999,1.1500000000000021
0.8608160608743786,11.424999999999999,1.1500000000000021
0.8618160608743786,11.424999999999999,1.1500000000000021
0.8628160608743786,11.424999999999999,1.1500000000000021
0.8638160608743786,11.424999999999999,1.1500000000000021
0.8648160608743786,11.424999999999999,1.1500000000000021
0.8658160608743786,11.424999999999999,1.1500000000000021
0.8668160608743786,11.424999999999999,1.1500000000000021
0.8678160608743786,11.424999999999999,1.1500000000000021
0.8688160608743786,11.424999999999999,1.1500000000000021
0.8698160608743786,11.424999999999999,1.1500000000000021
0.8708160608743786,11.424999999999999,1.1500000000000021
0.8718160608743786,11.424999999999999,1.1500000000000021
0.8728160608743786,11.424999999999999,1.1500000000000021
0.8738160608743786,11.424999999999999,1.1500000000000021
0.8748160608743786,11.424999999999999,1.1500000000000021
0.8758160608743786,11.424999999999999,1.1500000000000021
0.8768160608743786,11.424999999999999,1.1500000000000021
0.8778160608743786,11.424999999999999,1.1500000000000021
0.8788160608743786,11.424999999999999,1.1500000000000021
0.8798160608743786,11.424999999999999,1.1500000000000021
0.8808160608743786,11.424999999999999,1.1500000000000021
0.8818160608743786,11.424999999999999,1.1500000000000021
0.8828160608743786,11.424999999999999,1.1500000000000021
0.8838160608743786,11.424999999999999,1.1500000000000021
0.8848160608743786,11.424999999999999,1.1500000000000021
0.8858160608743786,11.424999999999999,1.1500000000000021
0.8868160608743786,11.424999999999999,1.1500000000000021
0.8878160608743786,11.424999999999999,1.1500000000000021
0.8888160608743786,11.424999999999999,1.1500000000000021
0.8898160608743786,11.424999999999999,1.1500000000000021
0.8908160608743786,11.424999999999999,1.1500000000000021
0.8918160608743786,11.424999999999999,1.1500000000000021
0.8928160608743786,11.424999999999999,1.1500000000000021
0.8938160608743786,11.424999999999999,1.1500000000000021
0.8948160608743786,11.424999999999999,1.1500000000000021
0.8958160608743786,11.424999999999999,1.1500000000000021
0.8968160608743786,11.424999999999999,1.1500000000000021
0.8978160608743786,11.424999999999999,1.1500000000000021
0.8988160608743786,11.424999999999999,1.1500000000000021
0.8998160608743786,11.424999999999999,1.1500000000000021
0.9008160608743786,11.424999999999999,1.1500000000000021
0.9018160608743786,11.424999999999999,1.1500000000000021
0.9028160608743786,11.424999999999999,1.1500000000000021
0.9038160608743786,11.424999999999999,1.1500000000000021
0.9048160608743786,11.424999999999999,1.1500000000000021
0.9058160608743786,11.424999999999999,1.1500000000000021
0.9068160608743786,11.424999999999999,1.1500000000000021
0.9078160608743786,11.424999999999999,1.1500000000000021
0.9088160608743786,11.424999999999999,1.1500000000000021
0.9098160608743786,11.424999999999999,1.1500000000000021
0.9108160608743786,11.424999999999999,1.1500000000000021
0.9118160608743786,11.424999999999999,1.1500000000000021
0.9128160608743786,11.424999999999999,1.1500000000000021
0.9138160608743786,11.424999999999999,1.1500000000000021
0.9148160608743786,11.424999999999999,1.1500000000000021
0.9158160608743786,11.424999999999999,1.1500000000000021
0.9168160608743786,11.424999999999999,1.1500000000000021
0.9178160608743786,11.424999999999999,1.1500000000000021
0.9188160608743786,11.424999999999999,1.1500000000000021
0.9198160608743786,11.424999999999999,1.1500000000000021
0.9208160608743786,11.424999999999999,1.1500000000000021
0.9218160608743786,11.424999999999999,1.1500000000000021
0.9228160608743786,11.424999999999999,1.1500000000000021
0.9238160608743786,11.424999999999999,1.1500000000000021
0.9248160608743786,11.424999999999999,1.1500000000000021
0.9258160608743786,11.424999999999999,1.1500000000000021
0.9268160608743786,11.424999999999999,1.1500000000000021
0.9278160608743786,11.424999999999999,1.1500000000000021
0.9288160608743786,11.424999999999999,1.1500000000000021
0.9298160608743786,11.424999999999999,1.1500000000000021
0.9308160608743786,11.424999999999999,1.1500000000000021
0.9318160608743786,11.424999999999999,1.1500000000000021
0.9328160608743786,11.424999999999999,1.1500000000000021
0.9338160608743786,11.424999999999999,1.1500000000000021
0.9348160608743786,11.424999999999999,1.1500000000000021
0.9358160608743786,11.424999999999999,1.1500000000000021
0.9368160608743786,11.424999999999999,1.1500000000000021
0.9378160608743786,11.424999999999999,1.1500000000000021
0.9388160608743786,11.424999999999999,1.1500000000000021
0.9398160608743786,11.424999999999999,1.1500000000000021
0.9408160608743786,11.424999999999999,1.1500000000000021
0.9418160608743786,11.424999999999999,1.1500000000000021
0.9428160608743786,11.424999999999999,1.1500000000000021
0.9438160608743786,11.424999999999999,1.1500000000000021
0.9448160608743786,11.424999999999999,1.1500000000000021
0.9458160608743786,11.424999999999999,1.1500000000000021
0.9468160608743786,11.424999999999999,1.1500000000000021
0.9478160608743786,11.424999999999999,1.1500000000000021
0.9488160608743786,11.424999999999999,1.1500000000000021
0.9498160608743786,11.424999999999999,1.1500000000000021
0.9508160608743786,11.424999999999999,1.1500000000000021
0.9518160608743786,11.424999999999999,1.1500000000000021
0.9528160608743786,11.424999999999999,1.1500000000000021
0.9538160608743786,11.424999999999999,1.1500000000000021
0.9548160608743786,11.424999999999999,1.1500000000000021
0.9558160608743786,11.424999999999999,1.1500000000000021
0.9568160608743786,11.424999999999999,1.1500000000000021
0.9578160608743786,11.424999999999999,1.1500000000000021
0.9588160608743787,11.424999999999999,1.1500000000000021
0.9598160608743787,11.424999999999999,1.1500000000000021
0.9608160608743787,11.424999999999999,1.1500000000000021
0.9618160608743787,11.424999999999999,1.1500000000000021
0.9628160608743787,11.424999999999999,1.1500000000000021
0.9638160608743787,11.424999999999999,1.1500000000000021
0.9648160608743787,11.424999999999999,1.1500000000000021
0.9658160608743787,11.424999999999999,1.1500000000000021
0.9668160608743787,11.424999999999999,1.1500000000000021
0.9678160608743787,11.424999999999999,1.1500000000000021
0.9688160608743787,11.424999999999999,1.1500000000000021
0.9698160608743787,11.424999999999999,1.1500000000000021
0.9708160608743787,11.424999999999999,1.1500000000000021
0.9718160608743787,11.424999999999999,1.1500000000000021
0.9728160608743787,11.424999999999999,1.1500000000000021
0.9738160608743787,11.424999999999999,1.1500000000000021
0.9748160608743787,11.424999999999999,1.1500000000000021
0.9758160608743787,11.424999999999999,1.1500000000000021
0.9768160608743787,11.424999999999999,1.1500000000000021
0.9778160608743787,11.424999999999999,1.1500000000000021
0.9788160608743787,11.424999999999999,1.1500000000000021
0.9798160608743787,11.424999999999999,1.1500000000000021
0.9808160608743787,11.424999999999999,1.1500000000000021
0.9818160608743787,11.424999999999999,1.1500000000000021
0.9828160608743787,11.424999999999999,1.1500000000000021
0.9838160608743787,11.424999999999999,1.1500000000000021
0.9848160608743787,11.424999999999999,1.1500000000000021
0.9858160608743787,11.424999999999999,1.1500000000000021
0.9868160608743787,11.424999999999999,1.1500000000000021
0.9878160608743787,11.424999999999999,1.1500000000000021
0.9888160608743787,11.424999999999999,1.1500000000000021
0.9898160608743787,11.424999999999999,1.1500000000000021
0.9908160608743787,11.424999999999999,1.1500000000000021
0.9918160608743787,11.424999999999999,1.1500000000000021
0.9928160608743787,11.424999999999999,1.1500000000000021
0.9938160608743787,11.424999999999999,1.1500000000000021
0.9948160608743787,11.424999999999999,1.1500000000000021
0.9958160608743787,11.424999999999999,1.1500000000000021
0.9968160608743787,11.424999999999999,1.1500000000000021
0.9978160608743787,11.424999999999999,1.1500000000000021
0.9988160608743787,11.424999999999999,1.1500000000000021
0.9998160608743787,11.424999999999999,1.1500000000000021
1.0008160608743786,11.424999999999999,1.1500000000000021
1.0018160608743785,11.424999999999999,1.1500000000000021
1.0028160608743784,11.424999999999999,1.1500000000000021
1.0038160608743782,11.424999999999999,1.1500000000000021
1.0048160608743781,11.424999999999999,1.1500000000000021
1.005816060874378,11.424999999999999,1.1500000000000021
1.006816060874378,11.424999999999999,1.1500000000000021
1.0078160608743778,11.424999999999999,1.1500000000000021
1.0088160608743777,11.424999999999999,1.1500000000000021
1.0098160608743776,11.424999999999999,1.1500000000000021
1.0108160608743775,11.424999999999999,1.1500000000000021
1.0118160608743774,11.424999999999999,1.1500000000000021
1.0128160608743773,11.424999999999999,1.1500000000000021
1.0138160608743771,11.424999999999999,1.1500000000000021
1.014816060874377,11.424999999999999,1.1500000000000021
1.015816060874377,11.424999999999999,1.1500000000000021
1.0168160608743768,11.424999999999999,1.1500000000000021
1.0178160608743767,11.424999999999999,1.1500000000000021
1.0188160608743766,11.424999999999999,1.1500000000000021
1.0198160608743765,11.424999999999999,1.1500000000000021
1.0208160608743764,11.424999999999999,1.1500000000000021
1.0218160608743763,11.424999999999999,1.1500000000000021
1.0228160608743762,11.424999999999999,1.1500000000000021
1.023816060874376,11.424999999999999,1.1500000000000021
1.024816060874376,11.424999999999999,1.1500000000000021
1.0258160608743758,11.424999999999999,1.1500000000000021
1.0268160608743757,11.424999999999999,1.1500000000000021
1.0278160608743756,11.424999999999999,1.1500000000000021
1.0288160608743755,11.424999999999999,1.1500000000000021
1.0298160608743754,11.424999999999999,1.1500000000000021
1.0308160608743753,11.424999999999999,1.1500000000000021
1.0318160608743752,11.424999999999999,1.1500000000000021
1.032816060874375,11.424999999999999,1.1500000000000021
1.033816060874375,11.424999999999999,1.1500000000000021
1.0348160608743748,11.424999999999999,1.1500000000000021
1.0358160608743747,11.424999999999999,1.1500000000000021
1.0368160608743746,11.424999999999999,1.1500000000000021
1.0378160608743745,11.424999999999999,1.1500000000000021
1.0388160608743744,11.424999999999999,1.1500000000000021
1.0398160608743743,11.424999999999999,1.1500000000000021
1.0408160608743742,11.424999999999999,1.1500000000000021
1.041816060874374,11.424999999999999,1.1500000000000021
1.042816060874374,11.424999999999999,1.1500000000000021
1.0438160608743738,11.424999999999999,1.1500000000000021
1.0448160608743737,11.424999999999999,1.1500000000000021
1.0458160608743736,11.424999999999999,1.1500000000000021
1.0468160608743735,11.424999999999999,1.1500000000000021
1.0478160608743734,11.424999999999999,1.1500000000000021
1.0488160608743733,11.424999999999999,1.1500000000000021
1.0498160608743732,11.424999999999999,1.1500000000000021
1.050816060874373,11.424999999999999,1.1500000000000021
1.051816060874373,11.424999999999999,1.1500000000000021
1.0528160608743728,11.424999999999999,1.1500000000000021
1.0538160608743727,11.424999999999999,1.1500000000000021
1.0548160608743726,11.424999999999999,1.1500000000000021
1.0558160608743725,11.424999999999999,1.1500000000000021
1.0568160608743724,11.424999999999999,1.1500000000000021
1.0578160608743723,11.424999999999999,1.1500000000000021
1.0588160608743722,11.424999999999999,1.1500000000000021
1.059816060874372,11.424999999999999,1.1500000000000021
1.060816060874372,11.424999999999999,1.1500000000000021
1.0618160608743719,11.424999999999999,1.1500000000000021
1.0628160608743717,11.424999999999999,1.1500000000000021
1.0638160608743716,11.424999999999999,1.1500000000000021
1.0648160608743715,11.424999999999999,1.1500000000000021
1.0658160608743714,11.424999999999999,1.1500000000000021
1.0668160608743713,11.424999999999999,1.1500000000000021
1.0678160608743712,11.424999999999999,1.1500000000000021
1.068816060874371,11.424999999999999,1.1500000000000021
1.069816060874371,11.424999999999999,1.1500000000000021
1.0708160608743709,11.424999999999999,1.1500000000000021
1.0718160608743708,11.424999999999999,1.1500000000000021
1.0728160608743706,11.424999999999999,1.1500000000000021
1.0738160608743705,11.424999999999999,1.1500000000000021
1.0748160608743704,11.424999999999999,1.1500000000000021
1.0758160608743703,11.424999999999999,1.1500000000000021
1.0768160608743702,11.424999999999999,1.1500000000000021
1.07781606087437,11.424999999999999,1.1500000000000021
1.07881606087437,11.424999999999999,1.1500000000000021
1.0798160608743699,11.424999999999999,1.1500000000000021
1.0808160608743698,11.424999999999999,1.1500000000000021
1.0818160608743697,11.424999999999999,1.1500000000000021
1.0828160608743695,11.424999999999999,1.1500000000000021
1.0838160608743694,11.424999999999999,1.1500000000000021
1.0848160608743693,11.424999999999999,1.1500000000000021
1.0858160608743692,11.424999999999999,1.1500000000000021
1.086816060874369,11.424999999999999,1.1500000000000021
1.087816060874369,11.424999999999999,1.1500000000000021
1.0888160608743689,11.424999999999999,1.1500000000000021
1.0898160608743688,11.424999999999999,1.1500000000000021
1.0908160608743687,11.424999999999999,1.1500000000000021
1.0918160608743686,11.424999999999999,1.1500000000000021
1.0928160608743684,11.424999999999999,1.1500000000000021
1.0938160608743683,11.424999999999999,1.1500000000000021
1.0948160608743682,11.424999999999999,1.1500000000000021
1.0958160608743681,11.424999999999999,1.1500000000000021
1.096816060874368,11.424999999999999,1.1500000000000021
1.097816060874368,11.424999999999999,1.1500000000000021
1.0988160608743678,11.424999999999999,1.1500000000000021
1.0998160608743677,11.424999999999999,1.1500000000000021
1.1008160608743676,11.424999999999999,1.1500000000000021
1.1018160608743675,11.424999999999999,1.1500000000000021
1.1028160608743673,11.424999999999999,1.1500000000000021
1.1038160608743672,11.424999999999999,1.1500000000000021
1.1048160608743671,11.424999999999999,1.1500000000000021
1.105816060874367,11.424999999999999,1.1500000000000021
1.106816060874367,11.424999999999999,1.1500000000000021
1.1078160608743668,11.424999999999999,1.1500000000000021
1.1088160608743667,11.424999999999999,1.1500000000000021
1.1098160608743666,11.424999999999999,1.1500000000000021
1.1108160608743665,11.424999999999999,1.1500000000000021
1.1118160608743664,11.424999999999999,1.1500000000000021
1.1128160608743662,11.424999999999999,1.1500000000000021
1.1138160608743661,11.424999999999999,1.1500000000000021
1.114816060874366,11.424999999999999,1.1500000000000021
1.115816060874366,11.424999999999999,1.1500000000000021
1.1168160608743658,11.424999999999999,1.1500000000000021
1.1178160608743657,11.424999999999999,1.1500000000000021
1.1188160608743656,11.424999999999999,1.1500000000000021
1.1198160608743655,11.424999999999999,1.1500000000000021
1.1208160608743654,11.424999999999999,1.1500000000000021
1.1218160608743653,11.424999999999999,1.1500000000000021
1.1228160608743651,11.424999999999999,1.1500000000000021
1.123816060874365,11.424999999999999,1.1500000000000021
1.124816060874365,11.424999999999999,1.1500000000000021
1.1258160608743648,11.424999999999999,1.1500000000000021
1.1268160608743647,11.424999999999999,1.1500000000000021
1.1278160608743646,11.424999999999999,1.1500000000000021
1.1288160608743645,11.424999999999999,1.1500000000000021
1.1298160608743644,11.424999999999999,1.1500000000000021
1.1308160608743643,11.424999999999999,1.1500000000000021
1.1318160608743641,11.424999999999999,1.1500000000000021
1.132816060874364,11.424999999999999,1.1500000000000021
1.133816060874364,11.424999999999999,1.1500000000000021
1.1348160608743638,11.424999999999999,1.1500000000000021
1.1358160608743637,11.424999999999999,1.1500000000000021
1.1368160608743636,11.424999999999999,1.1500000000000021
1.1378160608743635,11.424999999999999,1.1500000000000021
1.1388160608743634,11.424999999999999,1.1500000000000021
1.1398160608743633,11.424999999999999,1.1500000000000021
1.1408160608743632,11.424999999999999,1.1500000000000021
1.141816060874363,11.424999999999999,1.1500000000000021
1.142816060874363,11.424999999999999,1.1500000000000021
1.1438160608743628,11.424999999999999,1.1500000000000021
1.1448160608743627,11.424999999999999,1.1500000000000021
1.1458160608743626,11.424999999999999,1.1500000000000021
1.1468160608743625,11.424999999999999,1.1500000000000021
1.1478160608743624,11.424999999999999,1.1500000000000021
1.1488160608743623,11.424999999999999,1.1500000000000021
1.1498160608743622,11.424999999999999,1.1500000000000021
1.150816060874362,11.424999999999999,1.1500000000000021
1.151816060874362,11.424999999999999,1.1500000000000021
1.1528160608743618,11.424999999999999,1.1500000000000021
1.1538160608743617,11.424999999999999,1.1500000000000021
1.1548160608743616,11.424999999999999,1.1500000000000021
1.1558160608743615,11.424999999999999,1.1500000000000021
1.1568160608743614,11.424999999999999,1.1500000000000021
1.1578160608743613,11.424999999999999,1.1500000000000021
1.1588160608743612,11.424999999999999,1.1500000000000021
1.159816060874361,11.424999999999999,1.1500000000000021
1.160816060874361,11.424999999999999,1.1500000000000021
1.1618160608743608,11.424999999999999,1.1500000000000021
1.1628160608743607,11.424999999999999,1.1500000000000021
1.1638160608743606,11.424999999999999,1.1500000000000021
1.1648160608743605,11.424999999999999,1.1500000000000021
1.1658160608743604,11.424999999999999,1.1500000000000021
1.1668160608743603,11.424999999999999,1.1500000000000021
1.1678160608743602,11.424999999999999,1.1500000000000021
1.16881606087436,11.424999999999999,1.1500000000000021
1.16981606087436,11.424999999999999,1.1500000000000021
1.1708160608743599,11.424999999999999,1.1500000000000021
1.1718160608743597,11.424999999999999,1.1500000000000021
1.1728160608743596,11.424999999999999,1.1500000000000021
1.1738160608743595,11.424999999999999,1.1500000000000021
1.1748160608743594,11.424999999999999,1.1500000000000021
1.1758160608743593,11.424999999999999,1.1500000000000021
1.1768160608743592,11.424999999999999,1.1500000000000021
1.177816060874359,11.424999999999999,1.1500000000000021
1.178816060874359,11.424999999999999,1.1500000000000021
1.1798160608743589,11.424999999999999,1.1500000000000021
1.1808160608743588,11.424999999999999,1.1500000000000021
1.1818160608743586,11.424999999999999,1.1500000000000021
1.1828160608743585,11.424999999999999,1.1500000000000021
1.1838160608743584,11.424999999999999,1.1500000000000021
1.1848160608743583,11.424999999999999,1.1500000000000021
1.1858160608743582,11.424999999999999,1.1500000000000021
1.186816060874358,11.424999999999999,1.1500000000000021
1.187816060874358,11.424999999999999,1.1500000000000021
1.1888160608743579,11.424999999999999,1.1500000000000021
1.1898160608743578,11.424999999999999,1.1500000000000021
1.1908160608743577,11.424999999999999,1.1500000000000021
1.1918160608743575,11.424999999999999,1.1500000000000021
1.1928160608743574,11.424999999999999,1.1500000000000021
1.1938160608743573,11.424999999999999,1.1500000000000021
1.1948160608743572,11.424999999999999,1.1500000000000021
1.195816060874357,11.424999999999999,1.1500000000000021
1.196816060874357,11.424999999999999,1.1500000000000021
1.1978160608743569,11.424999999999999,1.1500000000000021
1.1988160608743568,11.424999999999999,1.1500000000000021
1.1998160608743567,11.424999999999999,1.1500000000000021
1.2008160608743566,11.424999999999999,1.1500000000000021
1.2018160608743564,11.424999999999999,1.1500000000000021
1.2028160608743563,11.424999999999999,1.1500000000000021
1.2038160608743562,11.424999999999999,1.1500000000000021
1.204816060874356,11.424999999999999,1.1500000000000021
1.205816060874356,11.424999999999999,1.1500000000000021
1.206816060874356,11.424999999999999,1.1500000000000021
1.2078160608743558,11.424999999999999,1.1500000000000021
1.2088160608743557,11.424999999999999,1.1500000000000021
1.2098160608743556,11.424999999999999,1.1500000000000021
1.2108160608743554,11.424999999999999,1.1500000000000021
1.2118160608743553,11.424999999999999,1.1500000000000021
1.2128160608743552,11.424999999999999,1.1500000000000021
1.2138160608743551,11.424999999999999,1.1500000000000021
1.214816060874355,11.424999999999999,1.1500000000000021
1.215816060874355,11.424999999999999,1.1500000000000021
1.2168160608743548,11.424999999999999,1.1500000000000021
1.2178160608743547,11.424999999999999,1.1500000000000021
1.2188160608743546,11.424999999999999,1.1500000000000021
1.2198160608743545,11.424999999999999,1.1500000000000021
1.2208160608743543,11.424999999999999,1.1500000000000021
1.2218160608743542,11.424999999999999,1.1500000000000021
1.2228160608743541,11.424999999999999,1.1500000000000021
1.223816060874354,11.424999999999999,1.1500000000000021
1.224816060874354,11.424999999999999,1.1500000000000021
1.2258160608743538,11.424999999999999,1.1500000000000021
1.2268160608743537,11.424999999999999,1.1500000000000021
1.2278160608743536,11.424999999999999,1.1500000000000021
1.2288160608743535,11.424999999999999,1.1500000000000021
1.2298160608743534,11.424999999999999,1.1500000000000021
1.2308160608743532,11.424999999999999,1.1500000000000021
1.2318160608743531,11.424999999999999,1.1500000000000021
1.232816060874353,11.424999999999999,1.1500000000000021
1.233816060874353,11.424999999999999,1.1500000000000021
1.2348160608743528,11.424999999999999,1.1500000000000021
1.2358160608743527,11.424999999999999,1.1500000000000021
1.2368160608743526,11.424999999999999,1.1500000000000021
1.2378160608743525,11.424999999999999,1.1500000000000021
1.2388160608743524,11.424999999999999,1.1500000000000021
1.2398160608743523,11.424999999999999,1.1500000000000021
1.2408160608743521,11.424999999999999,1.1500000000000021
1.241816060874352,11.424999999999999,1.1500000000000021
1.242816060874352,11.424999999999999,1.1500000000000021
1.2438160608743518,11.424999999999999,1.1500000000000021
1.2448160608743517,11.424999999999999,1.1500000000000021
1.2458160608743516,11.424999999999999,1.1500000000000021
1.2468160608743515,11.424999999999999,1.1500000000000021
1.2478160608743514,11.424999999999999,1.1500000000000021
1.2488160608743513,11.424999999999999,1.1500000000000021
1.2498160608743512,11.424999999999999,1.1500000000000021
1.250816060874351,11.424999999999999,1.1500000000000021
1.251816060874351,11.424999999999999,1.1500000000000021
1.2528160608743508,11.424999999999999,1.1500000000000021
1.2538160608743507,11.424999999999999,1.1500000000000021
1.2548160608743506,11.424999999999999,1.1500000000000021
1.2558160608743505,11.424999999999999,1.1500000000000021
1.2568160608743504,11.424999999999999,1.1500000000000021
1.2578160608743503,11.424999999999999,1.1500000000000021
1.2588160608743502,11.424999999999999,1.1500000000000021
1.25981606087435,11.424999999999999,1.1500000000000021
1.26081606087435,11.424999999999999,1.1500000000000021
1.2618160608743498,11.424999999999999,1.1500000000000021
1.2628160608743497,11.424999999999999,1.1500000000000021
1.2638160608743496,11.424999999999999,1.1500000000000021
1.2648160608743495,11.424999999999999,1.1500000000000021
1.2658160608743494,11.424999999999999,1.1500000000000021
1.2668160608743493,11.424999999999999,1.1500000000000021
1.2678160608743492,11.424999999999999,1.1500000000000021
1.268816060874349,11.424999999999999,1.1500000000000021
1.269816060874349,11.424999999999999,1.1500000000000021
1.2708160608743488,11.424999999999999,1.1500000000000021
1.2718160608743487,11.424999999999999,1.1500000000000021
1.2728160608743486,11.424999999999999,1.1500000000000021
1.2738160608743485,11.424999999999999,1.1500000000000021
1.2748160608743484,11.424999999999999,1.1500000000000021
1.2758160608743483,11.424999999999999,1.1500000000000021
1.2768160608743482,11.424999999999999,1.1500000000000021
1.277816060874348,11.424999999999999,1.1500000000000021
1.278816060874348,11.424999999999999,1.1500000000000021
1.2798160608743478,11.424999999999999,1.1500000000000021
1.2808160608743477,11.424999999999999,1.1500000000000021
1.2818160608743476,11.424999999999999,1.1500000000000021
1.2828160608743475,11.424999999999999,1.1500000000000021
1.2838160608743474,11.424999999999999,1.1500000000000021
1.2848160608743473,11.424999999999999,1.1500000000000021
1.2858160608743472,11.424999999999999,1.1500000000000021
1.286816060874347,11.424999999999999,1.1500000000000021
1.287816060874347,11.424999999999999,1.1500000000000021
1.2888160608743469,11.424999999999999,1.1500000000000021
1.2898160608743467,11.424999999999999,1.1500000000000021
1.2908160608743466,11.424999999999999,1.1500000000000021
1.2918160608743465,11.424999999999999,1.1500000000000021
1.2928160608743464,11.424999999999999,1.1500000000000021
1.2938160608743463,11.424999999999999,1.1500000000000021
1.2948160608743462,11.424999999999999,1.1500000000000021
1.295816060874346,11.424999999999999,1.1500000000000021
1.296816060874346,11.424999999999999,1.1500000000000021
1.2978160608743459,11.424999999999999,1.1500000000000021
1.2988160608743458,11.424999999999999,1.1500000000000021
1.2998160608743456,11.424999999999999,1.1500000000000021
1.3008160608743455,11.424999999999999,1.1500000000000021
1.3018160608743454,11.424999999999999,1.1500000000000021
1.3028160608743453,11.424999999999999,1.1500000000000021
1.3038160608743452,11.424999999999999,1.1500000000000021
1.304816060874345,11.424999999999999,1.1500000000000021
1.305816060874345,11.424999999999999,1.1500000000000021
1.3068160608743449,11.424999999999999,1.1500000000000021
1.3078160608743448,11.424999999999999,1.1500000000000021
1.3088160608743447,11.424999999999999,1.1500000000000021
1.3098160608743445,11.424999999999999,1.1500000000000021
1.3108160608743444,11.424999999999999,1.1500000000000021
1.3118160608743443,11.424999999999999,1.1500000000000021
1.3128160608743442,11.424999999999999,1.1500000000000021
1.313816060874344,11.424999999999999,1.1500000000000021
1.314816060874344,11.424999999999999,1.1500000000000021
1.3158160608743439,11.424999999999999,1.1500000000000021
1.3168160608743438,11.424999999999999,1.1500000000000021
1.3178160608743437,11.424999999999999,1.1500000000000021
1.3188160608743436,11.424999999999999,1.1500000000000021
1.3198160608743434,11.424999999999999,1.1500000000000021
1.3208160608743433,11.424999999999999,1.1500000000000021
1.3218160608743432,11.424999999999999,1.1500000000000021
1.3228160608743431,11.424999999999999,1.1500000000000021
1.323816060874343,11.424999999999999,1.1500000000000021
1.324816060874343,11.424999999999999,1.1500000000000021
1.3258160608743428,11.424999999999999,1.1500000000000021
1.3268160608743427,11.424999999999999,1.1500000000000021
1.3278160608743426,11.424999999999999,1.1500000000000021
1.3288160608743425,11.424999999999999,1.1500000000000021
1.3298160608743423,11.424999999999999,1.1500000000000021
1.3308160608743422,11.424999999999999,1.1500000000000021
1.3318160608743421,11.424999999999999,1.1500000000000021
1.332816060874342,11.424999999999999,1.1500000000000021
1.333816060874342,11.424999999999999,1.1500000000000021
1.3348160608743418,11.424999999999999,1.1500000000000021
1.3358160608743417,11.424999999999999,1.1500000000000021
1.3368160608743416,11.424999999999999,1.1500000000000021
1.3378160608743415,11.424999999999999,1.1500000000000021
1.3388160608743414,11.424999999999999,1.1500000000000021
1.3398160608743412,11.424999999999999,1.1500000000000021
1.3408160608743411,11.424999999999999,1.1500000000000021
1.341816060874341,11.424999999999999,1.1500000000000021
1.342816060874341,11.424999999999999,1.1500000000000021
1.3438160608743408,11.424999999999999,1.1500000000000021
1.3448160608743407,11.424999999999999,1.1500000000000021
1.3458160608743406,11.424999999999999,1.1500000000000021
1.3468160608743405,11.424999999999999,1.1500000000000021
1.3478160608743404,11.424999999999999,1.1500000000000021
1.3488160608743403,11.424999999999999,1.1500000000000021
1.3498160608743401,11.424999999999999,1.1500000000000021
1.35081606087434,11.424999999999999,1.1500000000000021
1.35181606087434,11.424999999999999,1.1500000000000021
1.3528160608743398,11.424999999999999,1.1500000000000021
1.3538160608743397,11.424999999999999,1.1500000000000021
1.3548160608743396,11.424999999999999,1.1500000000000021
1.3558160608743395,11.424999999999999,1.1500000000000021
1.3568160608743394,11.424999999999999,1.1500000000000021
1.3578160608743393,11.424999999999999,1.1500000000000021
1.3588160608743391,11.424999999999999,1.1500000000000021
1.359816060874339,11.424999999999999,1.1500000000000021
1.360816060874339,11.424999999999999,1.1500000000000021
1.3618160608743388,11.424999999999999,1.1500000000000021
1.3628160608743387,11.424999999999999,1.1500000000000021
1.3638160608743386,11.424999999999999,1.1500000000000021
1.3648160608743385,11.424999999999999,1.1500000000000021
1.3658160608743384,11.424999999999999,1.1500000000000021
1.3668160608743383,11.424999999999999,1.1500000000000021
1.3678160608743382,11.424999999999999,1.1500000000000021
1.368816060874338,11.424999999999999,1.1500000000000021
1.369816060874338,11.424999999999999,1.1500000000000021
1.3708160608743378,11.424999999999999,1.1500000000000021
1.3718160608743377,11.424999999999999,1.1500000000000021
1.3728160608743376,11.424999999999999,1.1500000000000021
1.3738160608743375,11.424999999999999,1.1500000000000021
1.3748160608743374,11.424999999999999,1.1500000000000021
1.3758160608743373,11.424999999999999,1.1500000000000021
1.3768160608743372,11.424999999999999,1.1500000000000021
1.377816060874337,11.424999999999999,1.1500000000000021
1.378816060874337,11.424999999999999,1.1500000000000021
1.3798160608743368,11.424999999999999,1.1500000000000021
1.3808160608743367,11.424999999999999,1.1500000000000021
1.3818160608743366,11.424999999999999,1.1500000000000021
1.3828160608743365,11.424999999999999,1.1500000000000021
1.3838160608743364,11.424999999999999,1.1500000000000021
1.3848160608743363,11.424999999999999,1.1500000000000021
1.3858160608743362,11.424999999999999,1.1500000000000021
1.386816060874336,11.424999999999999,1.1500000000000021
1.387816060874336,11.424999999999999,1.1500000000000021
1.3888160608743358,11.424999999999999,1.1500000000000021
1.3898160608743357,11.424999999999999,1.1500000000000021
1.3908160608743356,11.424999999999999,1.1500000000000021
1.3918160608743355,11.424999999999999,1.1500000000000021
1.3928160608743354,11.424999999999999,1.1500000000000021
1.3938160608743353,11.424999999999999,1.1500000000000021
1.3948160608743352,11.424999999999999,1.1500000000000021
1.395816060874335,11.424999999999999,1.1500000000000021
1.396816060874335,11.424999999999999,1.1500000000000021
1.3978160608743349,11.424999999999999,1.1500000000000021
1.3988160608743347,11.424999999999999,1.1500000000000021
1.3998160608743346,11.424999999999999,1.1500000000000021
1.4008160608743345,11.424999999999999,1.1500000000000021
1.4018160608743344,11.424999999999999,1.1500000000000021
1.4028160608743343,11.424999999999999,1.1500000000000021
1.4038160608743342,11.424999999999999,1.1500000000000021
1.404816060874334,11.424999999999999,1.1500000000000021
1.405816060874334,11.424999999999999,1.1500000000000021
1.4068160608743339,11.424999999999999,1.1500000000000021
1.4078160608743338,11.424999999999999,1.1500000000000021
1.4088160608743336,11.424999999999999,1.1500000000000021
1.4098160608743335,11.424999999999999,1.1500000000000021
1.4108160608743334,11.424999999999999,1.1500000000000021
1.4118160608743333,11.424999999999999,1.1500000000000021
1.4128160608743332,11.424999999999999,1.1500000000000021
1.413816060874333,11.424999999999999,1.1500000000000021
1.414816060874333,11.424999999999999,1.1500000000000021
1.4158160608743329,11.424999999999999,1.1500000000000021
1.4168160608743328,11.424999999999999,1.1500000000000021
1.4178160608743327,11.424999999999999,1.1500000000000021
1.4188160608743325,11.424999999999999,1.1500000000000021
1.4198160608743324,11.424999999999999,1.1500000000000021
1.4208160608743323,11.424999999999999,1.1500000000000021
1.4218160608743322,11.424999999999999,1.1500000000000021
1.422816060874332,11.424999999999999,1.1500000000000021
1.423816060874332,11.424999999999999,1.1500000000000021
1.4248160608743319,11.424999999999999,1.1500000000000021
1.4258160608743318,11.424999999999999,1.1500000000000021
1.4268160608743317,11.424999999999999,1.1500000000000021
1.4278160608743315,11.424999999999999,1.1500000000000021
1.4288160608743314,11.424999999999999,1.1500000000000021
1.4298160608743313,11.424999999999999,1.1500000000000021
1.4308160608743312,11.424999999999999,1.1500000000000021
1.431816060874331,11.424999999999999,1.1500000000000021
1.432816060874331,11.424999999999999,1.1500000000000021
1.4338160608743309,11.424999999999999,1.1500000000000021
1.4348160608743308,11.424999999999999,1.1500000000000021
1.4358160608743307,11.424999999999999,1.1500000000000021
1.4368160608743306,11.424999999999999,1.1500000000000021
1.4378160608743304,11.424999999999999,1.1500000000000021
1.4388160608743303,11.424999999999999,1.1500000000000021
1.4398160608743302,11.424999999999999,1.1500000000000021
1.4408160608743301,11.424999999999999,1.1500000000000021
1.44181606087433,11.424999999999999,1.1500000000000021
1.44281606087433,11.424999999999999,1.1500000000000021
1.4438160608743298,11.424999999999999,1.1500000000000021
1.4448160608743297,11.424999999999999,1.1500000000000021
1.4458160608743296,11.424999999999999,1.1500000000000021
1.4468160608743295,11.424999999999999,1.1500000000000021
1.4478160608743293,11.424999999999999,1.1500000000000021
1.4488160608743292,11.424999999999999,1.1500000000000021
1.4498160608743291,11.424999999999999,1.1500000000000021
1.450816060874329,11.424999999999999,1.1500000000000021
1.451816060874329,11.424999999999999,1.1500000000000021
1.4528160608743288,11.424999999999999,1.1500000000000021
1.4538160608743287,11.424999999999999,1.1500000000000021
1.4548160608743286,11.424999999999999,1.1500000000000021
1.4558160608743285,11.424999999999999,1.1500000000000021
1.4568160608743284,11.424999999999999,1.1500000000000021
1.4578160608743282,11.424999999999999,1.1500000000000021
1.4588160608743281,11.424999999999999,1.1500000000000021
1.459816060874328,11.424999999999999,1.1500000000000021
1.460816060874328,11.424999999999999,1.1500000000000021
1.4618160608743278,11.424999999999999,1.1500000000000021
1.4628160608743277,11.424999999999999,1.1500000000000021
1.4638160608743276,11.424999999999999,1.1500000000000021
1.4648160608743275,11.424999999999999,1.1500000000000021
1.4658160608743274,11.424999999999999,1.1500000000000021
1.4668160608743273,11.424999999999999,1.1500000000000021
1.4678160608743271,11.424999999999999,1.1500000000000021
1.468816060874327,11.424999999999999,1.1500000000000021
1.469816060874327,11.424999999999999,1.1500000000000021
1.4708160608743268,11.424999999999999,1.1500000000000021
1.4718160608743267,11.424999999999999,1.1500000000000021
1.4728160608743266,11.424999999999999,1.1500000000000021
1.4738160608743265,11.424999999999999,1.1500000000000021
1.4748160608743264,11.424999999999999,1.1500000000000021
1.4758160608743263,11.424999999999999,1.1500000000000021
1.4768160608743262,11.424999999999999,1.1500000000000021
1.477816060874326,11.424999999999999,1.1500000000000021
1.478816060874326,11.424999999999999,1.1500000000000021
1.4798160608743258,11.424999999999999,1.1500000000000021
1.4808160608743257,11.424999999999999,1.1500000000000021
1.4818160608743256,11.424999999999999,1.1500000000000021
1.4828160608743255,11.424999999999999,1.1500000000000021
1.4838160608743254,11.424999999999999,1.1500000000000021
1.4848160608743253,11.424999999999999,1.1500000000000021
1.4858160608743252,11.424999999999999,1.1500000000000021
1.486816060874325,11.424999999999999,1.1500000000000021
1.487816060874325,11.424999999999999,1.1500000000000021
1.4888160608743248,11.424999999999999,1.1500000000000021
1.4898160608743247,11.424999999999999,1.1500000000000021
1.4908160608743246,11.424999999999999,1.1500000000000021
1.4918160608743245,11.424999999999999,1.1500000000000021
1.4928160608743244,11.424999999999999,1.1500000000000021
1.4938160608743243,11.424999999999999,1.1500000000000021
1.4948160608743242,11.424999999999999,1.1500000000000021
1.495816060874324,11.424999999999999,1.1500000000000021
1.496816060874324,11.424999999999999,1.1500000000000021
1.4978160608743238,11.424999999999999,1.1500000000000021
1.4988160608743237,11.424999999999999,1.1500000000000021
1.4998160608743236,11.424999999999999,1.1500000000000021
1.5008160608743235,11.424999999999999,1.1500000000000021
1.5018160608743234,11.424999999999999,1.1500000000000021
1.5028160608743233,11.424999999999999,1.1500000000000021
1.5038160608743232,11.424999999999999,1.1500000000000021
1.504816060874323,11.424999999999999,1.1500000000000021
1.505816060874323,11.424999999999999,1.1500000000000021
1.5068160608743228,11.424999999999999,1.1500000000000021
1.5078160608743227,11.424999999999999,1.1500000000000021
1.5088160608743226,11.424999999999999,1.1500000000000021
1.5098160608743225,11.424999999999999,1.1500000000000021
1.5108160608743224,11.424999999999999,1.1500000000000021
1.5118160608743223,11.424999999999999,1.1500000000000021
1.5128160608743222,11.424999999999999,1.1500000000000021
1.513816060874322,11.424999999999999,1.1500000000000021
1.514816060874322,11.424999999999999,1.1500000000000021
1.5158160608743219,11.424999999999999,1.1500000000000021
1.5168160608743217,11.424999999999999,1.1500000000000021
1.5178160608743216,11.424999999999999,1.1500000000000021
1.5188160608743215,11.424999999999999,1.1500000000000021
1.5198160608743214,11.424999999999999,1.1500000000000021
1.5208160608743213,11.424999999999999,1.1500000000000021
1.5218160608743212,11.424999999999999,1.1500000000000021
1.522816060874321,11.424999999999999,1.1500000000000021
1.523816060874321,11.424999999999999,1.1500000000000021
1.5248160608743209,11.424999999999999,1.1500000000000021
1.5258160608743208,11.424999999999999,1.1500000000000021
1.5268160608743206,11.424999999999999,1.1500000000000021
1.5278160608743205,11.424999999999999,1.1500000000000021
1.5288160608743204,11.424999999999999,1.1500000000000021
1.5298160608743203,11.424999999999999,1.1500000000000021
1.5308160608743202,11.424999999999999,1.1500000000000021
1.53181606087432,11.424999999999999,1.1500000000000021
1.53281606087432,11.424999999999999,1.1500000000000021
1.5338160608743199,11.424999999999999,1.1500000000000021
1.5348160608743198,11.424999999999999,1.1500000000000021
1.5358160608743197,11.424999999999999,1.1500000000000021
1.5368160608743195,11.424999999999999,1.1500000000000021
1.5378160608743194,11.424999999999999,1.1500000000000021
1.5388160608743193,11.424999999999999,1.1500000000000021
1.5398160608743192,11.424999999999999,1.1500000000000021
1.540816060874319,11.424999999999999,1.1500000000000021
1.541816060874319,11.424999999999999,1.1500000000000021
1.5428160608743189,11.424999999999999,1.1500000000000021
1.5438160608743188,11.424999999999999,1.1500000000000021
1.5448160608743187,11.424999999999999,1.1500000000000021
1.5458160608743186,11.424999999999999,1.1500000000000021
1.5468160608743184,11.424999999999999,1.1500000000000021
1.5478160608743183,11.424999999999999,1.1500000000000021
1.5488160608743182,11.424999999999999,1.1500000000000021
1.5498160608743181,11.424999999999999,1.1500000000000021
1.550816060874318,11.424999999999999,1.1500000000000021
1.551816060874318,11.424999999999999,1.1500000000000021
1.5528160608743178,11.424999999999999,1.1500000000000021
1.5538160608743177,11.424999999999999,1.1500000000000021
1.5548160608743176,11.424999999999999,1.1500000000000021
1.5558160608743175,11.424999999999999,1.1500000000000021
1.5568160608743173,11.424999999999999,1.1500000000000021
1.5578160608743172,11.424999999999999,1.1500000000000021
1.5588160608743171,11.424999999999999,1.1500000000000021
1.559816060874317,11.424999999999999,1.1500000000000021
1.560816060874317,11.424999999999999,1.1500000000000021
1.5618160608743168,11.424999999999999,1.1500000000000021
1.5628160608743167,11.424999999999999,1.1500000000000021
1.5638160608743166,11.424999999999999,1.1500000000000021
1.5648160608743165,11.424999999999999,1.1500000000000021
1.5658160608743164,11.424999999999999,1.1500000000000021
1.5668160608743162,11.424999999999999,1.1500000000000021
1.5678160608743161,11.424999999999999,1.1500000000000021
1.568816060874316,11.424999999999999,1.1500000000000021
1.569816060874316,11.424999999999999,1.1500000000000021
1.5708160608743158,11.424999999999999,1.1500000000000021
1.5718160608743157,11.424999999999999,1.1500000000000021
1.5728160608743156,11.424999999999999,1.1500000000000021
1.5738160608743155,11.424999999999999,1.1500000000000021
1.5748160608743154,11.424999999999999,1.1500000000000021
1.5758160608743152,11.424999999999999,1.1500000000000021
1.5768160608743151,11.424999999999999,1.1500000000000021
1.577816060874315,11.424999999999999,1.1500000000000021
1.578816060874315,11.424999999999999,1.1500000000000021
1.5798160608743148,11.424999999999999,1.1500000000000021
1.5808160608743147,11.424999999999999,1.1500000000000021
1.5818160608743146,11.424999999999999,1.1500000000000021
1.5828160608743145,11.424999999999999,1.1500000000000021
1.5838160608743144,11.424999999999999,1.1500000000000021
1.5848160608743143,11.424999999999999,1.1500000000000021
1.5858160608743141,11.424999999999999,1.1500000000000021
1.586816060874314,11.424999999999999,1.1500000000000021
1.587816060874314,11.424999999999999,1.1500000000000021
1.5888160608743138,11.424999999999999,1.1500000000000021
1.5898160608743137,11.424999999999999,1.1500000000000021
1.5908160608743136,11.424999999999999,1.1500000000000021
1.5918160608743135,11.424999999999999,1.1500000000000021
1.5928160608743134,11.424999999999999,1.1500000000000021
1.5938160608743133,11.424999999999999,1.1500000000000021
1.5948160608743132,11.424999999999999,1.1500000000000021
1.595816060874313,11.424999999999999,1.1500000000000021
1.596816060874313,11.424999999999999,1.1500000000000021
1.5978160608743128,11.424999999999999,1.1500000000000021
1.5988160608743127,11.424999999999999,1.1500000000000021
1.5998160608743126,11.424999999999999,1.1500000000000021
1.6008160608743125,11.424999999999999,1.1500000000000021
1.6018160608743124,11.424999999999999,1.1500000000000021
1.6028160608743123,11.424999999999999,1.1500000000000021
1.6038160608743122,11.424999999999999,1.1500000000000021
1.604816060874312,11.424999999999999,1.1500000000000021
1.605816060874312,11.424999999999999,1.1500000000000021
1.6068160608743118,11.424999999999999,1.1500000000000021
1.6078160608743117,11.424999999999999,1.1500000000000021
1.6088160608743116,11.424999999999999,1.1500000000000021
1.6098160608743115,11.424999999999999,1.1500000000000021
1.6108160608743114,11.424999999999999,1.1500000000000021
1.6118160608743113,11.424999999999999,1.1500000000000021
1.6128160608743112,11.424999999999999,1.1500000000000021
1.613816060874311,11.424999999999999,1.1500000000000021
1.614816060874311,11.424999999999999,1.1500000000000021
1.6158160608743108,11.424999999999999,1.1500000000000021
1.6168160608743107,11.424999999999999,1.1500000000000021
1.6178160608743106,11.424999999999999,1.1500000000000021
1.6188160608743105,11.424999999999999,1.1500000000000021
1.6198160608743104,11.424999999999999,1.1500000000000021
1.6208160608743103,11.424999999999999,1.1500000000000021
1.6218160608743102,11.424999999999999,1.1500000000000021
1.62281606087431,11.424999999999999,1.1500000000000021
1.62381606087431,11.424999999999999,1.1500000000000021
1.6248160608743099,11.424999999999999,1.1500000000000021
1.6258160608743097,11.424999999999999,1.1500000000000021
1.6268160608743096,11.424999999999999,1.1500000000000021
1.6278160608743095,11.424999999999999,1.1500000000000021
1.6288160608743094,11.424999999999999,1.1500000000000021
1.6298160608743093,11.424999999999999,1.1500000000000021
1.6308160608743092,11.424999999999999,1.1500000000000021
1.631816060874309,11.424999999999999,1.1500000000000021
1.632816060874309,11.424999999999999,1.1500000000000021
1.6338160608743089,11.424999999999999,1.1500000000000021
1.6348160608743088,11.424999999999999,1.1500000000000021
1.6358160608743086,11.424999999999999,1.1500000000000021
1.6368160608743085,11.424999999999999,1.1500000000000021
1.6378160608743084,11.424999999999999,1.1500000000000021
1.6388160608743083,11.424999999999999,1.1500000000000021
1.6398160608743082,11.424999999999999,1.1500000000000021
1.640816060874308,11.424999999999999,1.1500000000000021
1.641816060874308,11.424999999999999,1.1500000000000021
1.6428160608743079,11.424999999999999,1.1500000000000021
1.6438160608743078,11.424999999999999,1.1500000000000021
1.6448160608743077,11.424999999999999,1.1500000000000021
1.6458160608743075,11.424999999999999,1.1500000000000021
1.6468160608743074,11.424999999999999,1.1500000000000021
1.6478160608743073,11.424999999999999,1.1500000000000021
1.6488160608743072,11.424999999999999,1.1500000000000021
1.649816060874307,11.424999999999999,1.1500000000000021
1.650816060874307,11.424999999999999,1.1500000000000021
1.6518160608743069,11.424999999999999,1.1500000000000021
1.6528160608743068,11.424999999999999,1.1500000000000021
1.6538160608743067,11.424999999999999,1.1500000000000021
1.6548160608743065,11.424999999999999,1.1500000000000021
1.6558160608743064,11.424999999999999,1.1500000000000021
1.6568160608743063,11.424999999999999,1.1500000000000021
1.6578160608743062,11.424999999999999,1.1500000000000021
1.658816060874306,11.424999999999999,1.1500000000000021
1.659816060874306,11.424999999999999,1.1500000000000021
1.6608160608743059,11.424999999999999,1.1500000000000021
1.6618160608743058,11.424999999999999,1.1500000000000021
1.6628160608743057,11.424999999999999,1.1500000000000021
1.6638160608743056,11.424999999999999,1.1500000000000021
1.6648160608743054,11.424999999999999,1.1500000000000021
1.6658160608743053,11.424999999999999,1.1500000000000021
1.6668160608743052,11.424999999999999,1.1500000000000021
1.6678160608743051,11.424999999999999,1.1500000000000021
1.668816060874305,11.424999999999999,1.1500000000000021
1.669816060874305,11.424999999999999,1.1500000000000021
1.6708160608743048,11.424999999999999,1.1500000000000021
1.6718160608743047,11.424999999999999,1.1500000000000021
1.6728160608743046,11.424999999999999,1.1500000000000021
1.6738160608743045,11.424999999999999,1.1500000000000021
1.6748160608743043,11.424999999999999,1.1500000000000021
1.6758160608743042,11.424999999999999,1.1500000000000021
1.6768160608743041,11.424999999999999,1.1500000000000021
1.677816060874304,11.424999999999999,1.1500000000000021
1.678816060874304,11.424999999999999,1.1500000000000021
1.6798160608743038,11.424999999999999,1.1500000000000021
1.6808160608743037,11.424999999999999,1.1500000000000021
1.6818160608743036,11.424999999999999,1.1500000000000021
1.6828160608743035,11.424999999999999,1.1500000000000021
1.6838160608743034,11.424999999999999,1.1500000000000021
1.6848160608743032,11.424999999999999,1.1500000000000021
1.6858160608743031,11.424999999999999,1.1500000000000021
1.686816060874303,11.424999999999999,1.1500000000000021
1.687816060874303,11.424999999999999,1.1500000000000021
1.6888160608743028,11.424999999999999,1.1500000000000021
1.6898160608743027,11.424999999999999,1.1500000000000021
1.6908160608743026,11.424999999999999,1.1500000000000021
1.6918160608743025,11.424999999999999,1.1500000000000021
1.6928160608743024,11.424999999999999,1.1500000000000021
1.6938160608743023,11.424999999999999,1.1500000000000021
1.6948160608743021,11.424999999999999,1.1500000000000021
1.695816060874302,11.424999999999999,1.1500000000000021
1.696816060874302,11.424999999999999,1.1500000000000021
1.6978160608743018,11.424999999999999,1.1500000000000021
1.6988160608743017,11.424999999999999,1.1500000000000021
1.6998160608743016,11.424999999999999,1.1500000000000021
1.7008160608743015,11.424999999999999,1.1500000000000021
1.7018160608743014,11.424999999999999,1.1500000000000021
1.7028160608743013,11.424999999999999,1.1500000000000021
1.7038160608743012,11.424999999999999,1.1500000000000021
1.704816060874301,11.424999999999999,1.1500000000000021
1.705816060874301,11.424999999999999,1.1500000000000021
1.7068160608743008,11.424999999999999,1.1500000000000021
1.7078160608743007,11.424999999999999,1.1500000000000021
1.7088160608743006,11.424999999999999,1.1500000000000021
1.7098160608743005,11.424999999999999,1.1500000000000021
1.7108160608743004,11.424999999999999,1.1500000000000021
1.7118160608743003,11.424999999999999,1.1500000000000021
1.7128160608743002,11.424999999999999,1.1500000000000021
1.7138160608743,11.424999999999999,1.1500000000000021
1.7148160608743,11.424999999999999,1.1500000000000021
1.7158160608742998,11.424999999999999,1.1500000000000021
1.7168160608742997,11.424999999999999,1.1500000000000021
1.7178160608742996,11.424999999999999,1.1500000000000021
1.7188160608742995,11.424999999999999,1.1500000000000021
1.7198160608742994,11.424999999999999,1.1500000000000021
1.7208160608742993,11.424999999999999,1.1500000000000021
1.7218160608742992,11.424999999999999,1.1500000000000021
1.722816060874299,11.424999999999999,1.1500000000000021
1.723816060874299,11.424999999999999,1.1500000000000021
1.7248160608742988,11.424999999999999,1.1500000000000021
1.7258160608742987,11.424999999999999,1.1500000000000021
1.7268160608742986,11.424999999999999,1.1500000000000021
1.7278160608742985,11.424999999999999,1.1500000000000021
1.7288160608742984,11.424999999999999,1.1500000000000021
1.7298160608742983,11.424999999999999,1.1500000000000021
1.7308160608742982,11.424999999999999,1.1500000000000021
1.731816060874298,11.424999999999999,1.1500000000000021
1.732816060874298,11.424999999999999,1.1500000000000021
1.7338160608742978,11.424999999999999,1.1500000000000021
1.7348160608742977,11.424999999999999,1.1500000000000021
1.7358160608742976,11.424999999999999,1.1500000000000021
1.7368160608742975,11.424999999999999,1.1500000000000021
1.7378160608742974,11.424999999999999,1.1500000000000021
1.7388160608742973,11.424999999999999,1.1500000000000021
1.7398160608742972,11.424999999999999,1.1500000000000021
1.740816060874297,11.424999999999999,1.1500000000000021
1.741816060874297,11.424999999999999,1.1500000000000021
1.7428160608742969,11.424999999999999,1.1500000000000021
1.7438160608742967,11.424999999999999,1.1500000000000021
1.7448160608742966,11.424999999999999,1.1500000000000021
1.7458160608742965,11.424999999999999,1.1500000000000021
1.7468160608742964,11.424999999999999,1.1500000000000021
1.7478160608742963,11.424999999999999,1.1500000000000021
1.7488160608742962,11.424999999999999,1.1500000000000021
1.749816060874296,11.424999999999999,1.1500000000000021
1.750816060874296,11.424999999999999,1.1500000000000021
1.7518160608742959,11.424999999999999,1.1500000000000021
1.7528160608742958,11.424999999999999,1.1500000000000021
1.7538160608742956,11.424999999999999,1.1500000000000021
1.7548160608742955,11.424999999999999,1.1500000000000021
1.7558160608742954,11.424999999999999,1.1500000000000021
1.7568160608742953,11.424999999999999,1.1500000000000021
1.7578160608742952,11.424999999999999,1.1500000000000021
1.758816060874295,11.424999999999999,1.1500000000000021
1.759816060874295,11.424999999999999,1.1500000000000021
1.7608160608742949,11.424999999999999,1.1500000000000021
1.7618160608742948,11.424999999999999,1.1500000000000021
1.7628160608742947,11.424999999999999,1.1500000000000021
1.7638160608742945,11.424999999999999,1.1500000000000021
1.7648160608742944,11.424999999999999,1.1500000000000021
1.7658160608742943,11.424999999999999,1.1500000000000021
1.7668160608742942,11.424999999999999,1.1500000000000021
1.767816060874294,11.424999999999999,1.1500000000000021
1.768816060874294,11.424999999999999,1.1500000000000021
1.7698160608742939,11.424999999999999,1.1500000000000021
1.7708160608742938,11.424999999999999,1.1500000000000021
1.7718160608742937,11.424999999999999,1.1500000000000021
1.7728160608742936,11.424999999999999,1.1500000000000021
1.7738160608742934,11.424999999999999,1.1500000000000021
1.7748160608742933,11.424999999999999,1.1500000000000021
1.7758160608742932,11.424999999999999,1.1500000000000021
1.7768160608742931,11.424999999999999,1.1500000000000021
1.777816060874293,11.424999999999999,1.1500000000000021
1.778816060874293,11.424999999999999,1.1500000000000021
1.7798160608742928,11.424999999999999,1.1500000000000021
1.7808160608742927,11.424999999999999,1.1500000000000021
1.7818160608742926,11.424999999999999,1.1500000000000021
1.7828160608742925,11.424999999999999,1.1500000000000021
1.7838160608742923,11.424999999999999,1.1500000000000021
1.7848160608742922,11.424999999999999,1.1500000000000021
1.7858160608742921,11.424999999999999,1.1500000000000021
1.786816060874292,11.424999999999999,1.1500000000000021
1.787816060874292,11.424999999999999,1.1500000000000021
1.7888160608742918,11.424999999999999,1.1500000000000021
1.7898160608742917,11.424999999999999,1.1500000000000021
1.7908160608742916,11.424999999999999,1.1500000000000021
1.7918160608742915,11.424999999999999,1.1500000000000021
1.7928160608742914,11.424999999999999,1.1500000000000021
1.7938160608742912,11.424999999999999,1.1500000000000021
1.7948160608742911,11.424999999999999,1.1500000000000021
1.795816060874291,11.424999999999999,1.1500000000000021
1.796816060874291,11.424999999999999,1.1500000000000021
1.7978160608742908,11.424999999999999,1.1500000000000021
1.7988160608742907,11.424999999999999,1.1500000000000021
1.7998160608742906,11.424999999999999,1.1500000000000021
1.8008160608742905,11.424999999999999,1.1500000000000021
1.8018160608742904,11.424999999999999,1.1500000000000021
1.8028160608742902,11.424999999999999,1.1500000000000021
1.8038160608742901,11.424999999999999,1.1500000000000021
1.80481606087429,11.424999999999999,1.1500000000000021
1.80581606087429,11.424999999999999,1.1500000000000021
1.8068160608742898,11.424999999999999,1.1500000000000021
1.8078160608742897,11.424999999999999,1.1500000000000021
1.8088160608742896,11.424999999999999,1.1500000000000021
1.8098160608742895,11.424999999999999,1.1500000000000021
1.8108160608742894,11.424999999999999,1.1500000000000021
1.8118160608742893,11.424999999999999,1.1500000000000021
1.8128160608742891,11.424999999999999,1.1500000000000021
1.813816060874289,11.424999999999999,1.1500000000000021
1.814816060874289,11.424999999999999,1.1500000000000021
1.8158160608742888,11.424999999999999,1.1500000000000021
1.8168160608742887,11.424999999999999,1.1500000000000021
1.8178160608742886,11.424999999999999,1.1500000000000021
1.8188160608742885,11.424999999999999,1.1500000000000021
1.8198160608742884,11.424999999999999,1.1500000000000021
1.8208160608742883,11.424999999999999,1.1500000000000021
1.8218160608742882,11.424999999999999,1.1500000000000021
1.822816060874288,11.424999999999999,1.1500000000000021
1.823816060874288,11.424999999999999,1.1500000000000021
1.8248160608742878,11.424999999999999,1.1500000000000021
1.8258160608742877,11.424999999999999,1.1500000000000021
1.8268160608742876,11.424999999999999,1.1500000000000021
1.8278160608742875,11.424999999999999,1.1500000000000021
1.8288160608742874,11.424999999999999,1.1500000000000021
1.8298160608742873,11.424999999999999,1.1500000000000021
1.8308160608742872,11.424999999999999,1.1500000000000021
1.831816060874287,11.424999999999999,1.1500000000000021
1.832816060874287,11.424999999999999,1.1500000000000021
1.8338160608742868,11.424999999999999,1.1500000000000021
1.8348160608742867,11.424999999999999,1.1500000000000021
1.8358160608742866,11.424999999999999,1.1500000000000021
1.8368160608742865,11.424999999999999,1.1500000000000021
1.8378160608742864,11.424999999999999,1.1500000000000021
1.8388160608742863,11.424999999999999,1.1500000000000021
1.8398160608742862,11.424999999999999,1.1500000000000021
1.840816060874286,11.424999999999999,1.1500000000000021
1.841816060874286,11.424999999999999,1.1500000000000021
1.8428160608742858,11.424999999999999,1.1500000000000021
1.8438160608742857,11.424999999999999,1.1500000000000021
1.8448160608742856,11.424999999999999,1.1500000000000021
1.8458160608742855,11.424999999999999,1.1500000000000021
1.8468160608742854,11.424999999999999,1.1500000000000021
1.8478160608742853,11.424999999999999,1.1500000000000021
1.8488160608742852,11.424999999999999,1.1500000000000021
1.849816060874285,11.424999999999999,1.1500000000000021
1.850816060874285,11.424999999999999,1.1500000000000021
1.8518160608742849,11.424999999999999,1.1500000000000021
1.8528160608742847,11.424999999999999,1.1500000000000021
1.8538160608742846,11.424999999999999,1.1500000000000021
1.8548160608742845,11.424999999999999,1.1500000000000021
1.8558160608742844,11.424999999999999,1.1500000000000021
1.8568160608742843,11.424999999999999,1.1500000000000021
1.8578160608742842,11.424999999999999,1.1500000000000021
1.858816060874284,11.424999999999999,1.1500000000000021
1.859816060874284,11.424999999999999,1.1500000000000021
1.8608160608742839,11.424999999999999,1.1500000000000021
1.8618160608742838,11.424999999999999,1.1500000000000021
1.8628160608742836,11.424999999999999,1.1500000000000021
1.8638160608742835,11.424999999999999,1.1500000000000021
1.8648160608742834,11.424999999999999,1.1500000000000021
1.8658160608742833,11.424999999999999,1.1500000000000021
1.8668160608742832,11.424999999999999,1.1500000000000021
1.867816060874283,11.424999999999999,1.1500000000000021
1.868816060874283,11.424999999999999,1.1500000000000021
1.8698160608742829,11.424999999999999,1.1500000000000021
1.8708160608742828,11.424999999999999,1.1500000000000021
1.8718160608742827,11.424999999999999,1.1500000000000021
1.8728160608742825,11.424999999999999,1.1500000000000021
1.8738160608742824,11.424999999999999,1.1500000000000021
1.8748160608742823,11.424999999999999,1.1500000000000021
1.8758160608742822,11.424999999999999,1.1500000000000021
1.876816060874282,11.424999999999999,1.1500000000000021
1.877816060874282,11.424999999999999,1.1500000000000021
1.8788160608742819,11.424999999999999,1.1500000000000021
1.8798160608742818,11.424999999999999,1.1500000000000021
1.8808160608742817,11.424999999999999,1.1500000000000021
1.8818160608742815,11.424999999999999,1.1500000000000021
1.8828160608742814,11.424999999999999,1.1500000000000021
1.8838160608742813,11.424999999999999,1.1500000000000021
1.8848160608742812,11.424999999999999,1.1500000000000021
1.885816060874281,11.424999999999999,1.1500000000000021
1.886816060874281,11.424999999999999,1.1500000000000021
1.8878160608742809,11.424999999999999,1.1500000000000021
1.8888160608742808,11.424999999999999,1.1500000000000021
1.8898160608742807,11.424999999999999,1.1500000000000021
1.8908160608742806,11.424999999999999,1.1500000000000021
1.8918160608742804,11.424999999999999,1.1500000000000021
1.8928160608742803,11.424999999999999,1.1500000000000021
1.8938160608742802,11.424999999999999,1.1500000000000021
1.8948160608742801,11.424999999999999,1.1500000000000021
1.89581606087428,11.424999999999999,1.1500000000000021
1.89681606087428,11.424999999999999,1.1500000000000021
1.8978160608742798,11.424999999999999,1.1500000000000021
1.8988160608742797,11.424999999999999,1.1500000000000021
1.8998160608742796,11.424999999999999,1.1500000000000021
1.9008160608742795,11.424999999999999,1.1500000000000021
1.9018160608742793,11.424999999999999,1.1500000000000021
1.9028160608742792,11.424999999999999,1.1500000000000021
1.9038160608742791,11.424999999999999,1.1500000000000021
1.904816060874279,11.424999999999999,1.1500000000000021
1.905816060874279,11.424999999999999,1.1500000000000021
1.9068160608742788,11.424999999999999,1.1500000000000021
1.9078160608742787,11.424999999999999,1.1500000000000021
1.9088160608742786,11.424999999999999,1.1500000000000021
1.9098160608742785,11.424999999999999,1.1500000000000021
1.9108160608742784,11.424999999999999,1.1500000000000021
1.9118160608742782,11.424999999999999,1.1500000000000021
1.9128160608742781,11.424999999999999,1.1500000000000021
1.913816060874278,11.424999999999999,1.1500000000000021
1.914816060874278,11.424999999999999,1.1500000000000021
1.9158160608742778,11.424999999999999,1.1500000000000021
1.9168160608742777,11.424999999999999,1.1500000000000021
1.9178160608742776,11.424999999999999,1.1500000000000021
1.9188160608742775,11.424999999999999,1.1500000000000021
1.9198160608742774,11.424999999999999,1.1500000000000021
1.9208160608742773,11.424999999999999,1.1500000000000021
1.9218160608742771,11.424999999999999,1.1500000000000021
1.922816060874277,11.424999999999999,1.1500000000000021
1.923816060874277,11.424999999999999,1.1500000000000021
1.9248160608742768,11.424999999999999,1.1500000000000021
1.9258160608742767,11.424999999999999,1.1500000000000021
1.9268160608742766,11.424999999999999,1.1500000000000021
1.9278160608742765,11.424999999999999,1.1500000000000021
1.9288160608742764,11.424999999999999,1.1500000000000021
1.9298160608742763,11.424999999999999,1.1500000000000021
1.9308160608742762,11.424999999999999,1.1500000000000021
1.931816060874276,11.424999999999999,1.1500000000000021
1.932816060874276,11.424999999999999,1.1500000000000021
1.9338160608742758,11.424999999999999,1.1500000000000021
1.9348160608742757,11.424999999999999,1.1500000000000021
1.9358160608742756,11.424999999999999,1.1500000000000021
1.9368160608742755,11.424999999999999,1.1500000000000021
1.9378160608742754,11.424999999999999,1.1500000000000021
1.9388160608742753,11.424999999999999,1.1500000000000021
1.9398160608742752,11.424999999999999,1.1500000000000021
1.940816060874275,11.424999999999999,1.1500000000000021
1.941816060874275,11.424999999999999,1.1500000000000021
1.9428160608742748,11.424999999999999,1.1500000000000021
1.9438160608742747,11.424999999999999,1.1500000000000021
1.9448160608742746,11.424999999999999,1.1500000000000021
1.9458160608742745,11.424999999999999,1.1500000000000021
1.9468160608742744,11.424999999999999,1.1500000000000021
1.9478160608742743,11.424999999999999,1.1500000000000021
1.9488160608742742,11.424999999999999,1.1500000000000021
1.949816060874274,11.424999999999999,1.1500000000000021
1.950816060874274,11.424999999999999,1.1500000000000021
1.9518160608742738,11.424999999999999,1.1500000000000021
1.9528160608742737,11.424999999999999,1.1500000000000021
1.9538160608742736,11.424999999999999,1.1500000000000021
1.9548160608742735,11.424999999999999,1.1500000000000021
1.9558160608742734,11.424999999999999,1.1500000000000021
1.9568160608742733,11.424999999999999,1.1500000000000021
1.9578160608742732,11.424999999999999,1.1500000000000021
1.958816060874273,11.424999999999999,1.1500000000000021
1.959816060874273,11.424999999999999,1.1500000000000021
1.9608160608742728,11.424999999999999,1.1500000000000021
1.9618160608742727,11.424999999999999,1.1500000000000021
1.9628160608742726,11.424999999999999,1.1500000000000021
1.9638160608742725,11.424999999999999,1.1500000000000021
1.9648160608742724,11.424999999999999,1.1500000000000021
1.9658160608742723,11.424999999999999,1.1500000000000021
1.9668160608742722,11.424999999999999,1.1500000000000021
1.967816060874272,11.424999999999999,1.1500000000000021
1.968816060874272,11.424999999999999,1.1500000000000021
1.9698160608742719,11.424999999999999,1.1500000000000021
1.9708160608742717,11.424999999999999,1.1500000000000021
1.9718160608742716,11.424999999999999,1.1500000000000021
1.9728160608742715,11.424999999999999,1.1500000000000021
1.9738160608742714,11.424999999999999,1.1500000000000021
1.9748160608742713,11.424999999999999,1.1500000000000021
1.9758160608742712,11.424999999999999,1.1500000000000021
1.976816060874271,11.424999999999999,1.1500000000000021
1.977816060874271,11.424999999999999,1.1500000000000021
1.9788160608742709,11.424999999999999,1.1500000000000021
1.9798160608742708,11.424999999999999,1.1500000000000021
1.9808160608742706,11.424999999999999,1.1500000000000021
1.9818160608742705,11.424999999999999,1.1500000000000021
1.9828160608742704,11.424999999999999,1.1500000000000021
1.9838160608742703,11.424999999999999,1.1500000000000021
1.9848160608742702,11.424999999999999,1.1500000000000021
1.98581606087427,11.424999999999999,1.1500000000000021
1.98681606087427,11.424999999999999,1.1500000000000021
1.9878160608742699,11.424999999999999,1.1500000000000021
1.9888160608742698,11.424999999999999,1.1500000000000021
1.9898160608742697,11.424999999999999,1.1500000000000021
1.9908160608742695,11.424999999999999,1.1500000000000021
1.9918160608742694,11.424999999999999,1.1500000000000021
1.9928160608742693,11.424999999999999,1.1500000000000021
1.9938160608742692,11.424999999999999,1.1500000000000021
1.994816060874269,11.424999999999999,1.1500000000000021
1.995816060874269,11.424999999999999,1.1500000000000021
1.9968160608742689,11.424999999999999,1.1500000000000021
1.9978160608742688,11.424999999999999,1.1500000000000021
1.9988160608742687,11.424999999999999,1.1500000000000021
1.9998160608742686,11.424999999999999,1.1500000000000021
2.0008160608742687,11.424999999999999,1.1500000000000021
2.0018160608742686,11.424999999999999,1.1500000000000021
2.0028160608742684,11.424999999999999,1.1500000000000021
2.0038160608742683,11.424999999999999,1.1500000000000021
2.0048160608742682,11.424999999999999,1.1500000000000021
2.005816060874268,11.424999999999999,1.1500000000000021
2.006816060874268,11.424999999999999,1.1500000000000021
2.007816060874268,11.424999999999999,1.1500000000000021
2.008816060874268,11.424999999999999,1.1500000000000021
2.0098160608742677,11.424999999999999,1.1500000000000021
2.0108160608742676,11.424999999999999,1.1500000000000021
2.0118160608742675,11.424999999999999,1.1500000000000021
2.0128160608742673,11.424999999999999,1.1500000000000021
2.0138160608742672,11.424999999999999,1.1500000000000021
2.014816060874267,11.424999999999999,1.1500000000000021
2.015816060874267,11.424999999999999,1.1500000000000021
2.016816060874267,11.424999999999999,1.1500000000000021
2.017816060874267,11.424999999999999,1.1500000000000021
2.0188160608742667,11.424999999999999,1.1500000000000021
2.0198160608742666,11.424999999999999,1.1500000000000021
2.0208160608742665,11.424999999999999,1.1500000000000021
2.0218160608742664,11.424999999999999,1.1500000000000021
2.0228160608742662,11.424999999999999,1.1500000000000021
2.023816060874266,11.424999999999999,1.1500000000000021
2.024816060874266,11.424999999999999,1.1500000000000021
2.025816060874266,11.424999999999999,1.1500000000000021
2.026816060874266,11.424999999999999,1.1500000000000021
2.0278160608742657,11.424999999999999,1.1500000000000021
2.0288160608742656,11.424999999999999,1.1500000000000021
2.0298160608742655,11.424999999999999,1.1500000000000021
2.0308160608742654,11.424999999999999,1.1500000000000021
2.0318160608742653,11.424999999999999,1.1500000000000021
2.032816060874265,11.424999999999999,1.1500000000000021
2.033816060874265,11.424999999999999,1.1500000000000021
2.034816060874265,11.424999999999999,1.1500000000000021
2.035816060874265,11.424999999999999,1.1500000000000021
2.0368160608742647,11.424999999999999,1.1500000000000021
2.0378160608742646,11.424999999999999,1.1500000000000021
2.0388160608742645,11.424999999999999,1.1500000000000021
2.0398160608742644,11.424999999999999,1.1500000000000021
2.0408160608742643,11.424999999999999,1.1500000000000021
2.041816060874264,11.424999999999999,1.1500000000000021
2.042816060874264,11.424999999999999,1.1500000000000021
2.043816060874264,11.424999999999999,1.1500000000000021
2.044816060874264,11.424999999999999,1.1500000000000021
2.0458160608742637,11.424999999999999,1.1500000000000021
2.0468160608742636,11.424999999999999,1.1500000000000021
2.0478160608742635,11.424999999999999,1.1500000000000021
2.0488160608742634,11.424999999999999,1.1500000000000021
2.0498160608742633,11.424999999999999,1.1500000000000021
2.050816060874263,11.424999999999999,1.1500000000000021
2.051816060874263,11.424999999999999,1.1500000000000021
2.052816060874263,11.424999999999999,1.1500000000000021
2.053816060874263,11.424999999999999,1.1500000000000021
2.0548160608742627,11.424999999999999,1.1500000000000021
2.0558160608742626,11.424999999999999,1.1500000000000021
2.0568160608742625,11.424999999999999,1.1500000000000021
2.0578160608742624,11.424999999999999,1.1500000000000021
2.0588160608742623,11.424999999999999,1.1500000000000021
2.059816060874262,11.424999999999999,1.1500000000000021
2.060816060874262,11.424999999999999,1.1500000000000021
2.061816060874262,11.424999999999999,1.1500000000000021
2.062816060874262,11.424999999999999,1.1500000000000021
2.0638160608742617,11.424999999999999,1.1500000000000021
2.0648160608742616,11.424999999999999,1.1500000000000021
2.0658160608742615,11.424999999999999,1.1500000000000021
2.0668160608742614,11.424999999999999,1.1500000000000021
2.0678160608742613,11.424999999999999,1.1500000000000021
2.068816060874261,11.424999999999999,1.1500000000000021
2.069816060874261,11.424999999999999,1.1500000000000021
2.070816060874261,11.424999999999999,1.1500000000000021
2.071816060874261,11.424999999999999,1.1500000000000021
2.0728160608742607,11.424999999999999,1.1500000000000021
2.0738160608742606,11.424999999999999,1.1500000000000021
2.0748160608742605,11.424999999999999,1.1500000000000021
2.0758160608742604,11.424999999999999,1.1500000000000021
2.0768160608742603,11.424999999999999,1.1500000000000021
2.07781606087426,11.424999999999999,1.1500000000000021
2.07881606087426,11.424999999999999,1.1500000000000021
2.07981606087426,11.424999999999999,1.1500000000000021
2.08081606087426,11.424999999999999,1.1500000000000021
2.0818160608742597,11.424999999999999,1.1500000000000021
2.0828160608742596,11.424999999999999,1.1500000000000021
2.0838160608742595,11.424999999999999,1.1500000000000021
2.0848160608742594,11.424999999999999,1.1500000000000021
2.0858160608742593,11.424999999999999,1.1500000000000021
2.086816060874259,11.424999999999999,1.1500000000000021
2.087816060874259,11.424999999999999,1.1500000000000021
2.088816060874259,11.424999999999999,1.1500000000000021
2.089816060874259,11.424999999999999,1.1500000000000021
2.0908160608742588,11.424999999999999,1.1500000000000021
2.0918160608742586,11.424999999999999,1.1500000000000021
2.0928160608742585,11.424999999999999,1.1500000000000021
2.0938160608742584,11.424999999999999,1.1500000000000021
2.0948160608742583,11.424999999999999,1.1500000000000021
2.095816060874258,11.424999999999999,1.1500000000000021
2.096816060874258,11.424999999999999,1.1500000000000021
2.097816060874258,11.424999999999999,1.1500000000000021
2.098816060874258,11.424999999999999,1.1500000000000021
2.0998160608742578,11.424999999999999,1.1500000000000021
2.1008160608742577,11.424999999999999,1.1500000000000021
2.1018160608742575,11.424999999999999,1.1500000000000021
2.1028160608742574,11.424999999999999,1.1500000000000021
2.1038160608742573,11.424999999999999,1.1500000000000021
2.104816060874257,11.424999999999999,1.1500000000000021
2.105816060874257,11.424999999999999,1.1500000000000021
2.106816060874257,11.424999999999999,1.1500000000000021
2.107816060874257,11.424999999999999,1.1500000000000021
2.1088160608742568,11.424999999999999,1.1500000000000021
2.1098160608742567,11.424999999999999,1.1500000000000021
2.1108160608742566,11.424999999999999,1.1500000000000021
2.1118160608742564,11.424999999999999,1.1500000000000021
2.1128160608742563,11.424999999999999,1.1500000000000021
2.113816060874256,11.424999999999999,1.1500000000000021
2.114816060874256,11.424999999999999,1.1500000000000021
2.115816060874256,11.424999999999999,1.1500000000000021
2.116816060874256,11.424999999999999,1.1500000000000021
2.117816060874256,11.424999999999999,1.1500000000000021
2.1188160608742557,11.424999999999999,1.1500000000000021
2.1198160608742556,11.424999999999999,1.1500000000000021
2.1208160608742554,11.424999999999999,1.1500000000000021
2.1218160608742553,11.424999999999999,1.1500000000000021
2.1228160608742552,11.424999999999999,1.1500000000000021
2.123816060874255,11.424999999999999,1.1500000000000021
2.124816060874255,11.424999999999999,1.1500000000000021
2.125816060874255,11.424999999999999,1.1500000000000021
2.126816060874255,11.424999999999999,1.1500000000000021
2.1278160608742547,11.424999999999999,1.1500000000000021
2.1288160608742546,11.424999999999999,1.1500000000000021
2.1298160608742545,11.424999999999999,1.1500000000000021
2.1308160608742543,11.424999999999999,1.1500000000000021
2.1318160608742542,11.424999999999999,1.1500000000000021
2.132816060874254,11.424999999999999,1.1500000000000021
2.133816060874254,11.424999999999999,1.1500000000000021
2.134816060874254,11.424999999999999,1.1500000000000021
2.135816060874254,11.424999999999999,1.1500000000000021
2.1368160608742537,11.424999999999999,1.1500000000000021
2.1378160608742536,11.424999999999999,1.1500000000000021
2.1388160608742535,11.424999999999999,1.1500000000000021
2.1398160608742534,11.424999999999999,1.1500000000000021
2.1408160608742532,11.424999999999999,1.1500000000000021
2.141816060874253,11.424999999999999,1.1500000000000021
2.142816060874253,11.424999999999999,1.1500000000000021
2.143816060874253,11.424999999999999,1.1500000000000021
2.144816060874253,11.424999999999999,1.1500000000000021
2.1458160608742527,11.424999999999999,1.1500000000000021
2.1468160608742526,11.424999999999999,1.1500000000000021
2.1478160608742525,11.424999999999999,1.1500000000000021
2.1488160608742524,11.424999999999999,1.1500000000000021
2.1498160608742523,11.424999999999999,1.1500000000000021
2.150816060874252,11.424999999999999,1.1500000000000021
2.151816060874252,11.424999999999999,1.1500000000000021
2.152816060874252,11.424999999999999,1.1500000000000021
2.153816060874252,11.424999999999999,1.1500000000000021
2.1548160608742517,11.424999999999999,1.1500000000000021
2.1558160608742516,11.424999999999999,1.1500000000000021
2.1568160608742515,11.424999999999999,1.1500000000000021
2.1578160608742514,11.424999999999999,1.1500000000000021
2.1588160608742513,11.424999999999999,1.1500000000000021
2.159816060874251,11.424999999999999,1.1500000000000021
2.160816060874251,11.424999999999999,1.1500000000000021
2.161816060874251,11.424999999999999,1.1500000000000021
2.162816060874251,11.424999999999999,1.1500000000000021
2.1638160608742507,11.424999999999999,1.1500000000000021
2.1648160608742506,11.424999999999999,1.1500000000000021
2.1658160608742505,11.424999999999999,1.1500000000000021
2.1668160608742504,11.424999999999999,1.1500000000000021
2.1678160608742503,11.424999999999999,1.1500000000000021
2.16881606087425,11.424999999999999,1.1500000000000021
2.16981606087425,11.424999999999999,1.1500000000000021
2.17081606087425,11.424999999999999,1.1500000000000021
2.17181606087425,11.424999999999999,1.1500000000000021
2.1728160608742497,11.424999999999999,1.1500000000000021
2.1738160608742496,11.424999999999999,1.1500000000000021
2.1748160608742495,11.424999999999999,1.1500000000000021
2.1758160608742494,11.424999999999999,1.1500000000000021
2.1768160608742493,11.424999999999999,1.1500000000000021
2.177816060874249,11.424999999999999,1.1500000000000021
2.178816060874249,11.424999999999999,1.1500000000000021
2.179816060874249,11.424999999999999,1.1500000000000021
2.180816060874249,11.424999999999999,1.1500000000000021
2.1818160608742487,11.424999999999999,1.1500000000000021
2.1828160608742486,11.424999999999999,1.1500000000000021
2.1838160608742485,11.424999999999999,1.1500000000000021
2.1848160608742484,11.424999999999999,1.1500000000000021
2.1858160608742483,11.424999999999999,1.1500000000000021
2.186816060874248,11.424999999999999,1.1500000000000021
2.187816060874248,11.424999999999999,1.1500000000000021
2.188816060874248,11.424999999999999,1.1500000000000021
2.189816060874248,11.424999999999999,1.1500000000000021
2.1908160608742477,11.424999999999999,1.1500000000000021
2.1918160608742476,11.424999999999999,1.1500000000000021
2.1928160608742475,11.424999999999999,1.1500000000000021
2.1938160608742474,11.424999999999999,1.1500000000000021
2.1948160608742473,11.424999999999999,1.1500000000000021
2.195816060874247,11.424999999999999,1.1500000000000021
2.196816060874247,11.424999999999999,1.1500000000000021
2.197816060874247,11.424999999999999,1.1500000000000021
2.198816060874247,11.424999999999999,1.1500000000000021
2.1998160608742467,11.424999999999999,1.1500000000000021
2.2008160608742466,11.424999999999999,1.1500000000000021
2.2018160608742465,11.424999999999999,1.1500000000000021
2.2028160608742464,11.424999999999999,1.1500000000000021
2.2038160608742463,11.424999999999999,1.1500000000000021
2.204816060874246,11.424999999999999,1.1500000000000021
2.205816060874246,11.424999999999999,1.1500000000000021
2.206816060874246,11.424999999999999,1.1500000000000021
2.207816060874246,11.424999999999999,1.1500000000000021
2.2088160608742458,11.424999999999999,1.1500000000000021
2.2098160608742456,11.424999999999999,1.1500000000000021
2.2108160608742455,11.424999999999999,1.1500000000000021
2.2118160608742454,11.424999999999999,1.1500000000000021
2.2128160608742453,11.424999999999999,1.1500000000000021
2.213816060874245,11.424999999999999,1.1500000000000021
2.214816060874245,11.424999999999999,1.1500000000000021
2.215816060874245,11.424999999999999,1.1500000000000021
2.216816060874245,11.424999999999999,1.1500000000000021
2.2178160608742448,11.424999999999999,1.1500000000000021
2.2188160608742447,11.424999999999999,1.1500000000000021
2.2198160608742445,11.424999999999999,1.1500000000000021
2.2208160608742444,11.424999999999999,1.1500000000000021
2.2218160608742443,11.424999999999999,1.1500000000000021
2.222816060874244,11.424999999999999,1.1500000000000021
2.223816060874244,11.424999999999999,1.1500000000000021
2.224816060874244,11.424999999999999,1.1500000000000021
2.225816060874244,11.424999999999999,1.1500000000000021
2.2268160608742438,11.424999999999999,1.1500000000000021
2.2278160608742437,11.424999999999999,1.1500000000000021
2.2288160608742436,11.424999999999999,1.1500000000000021
2.2298160608742434,11.424999999999999,1.1500000000000021
2.2308160608742433,11.424999999999999,1.1500000000000021
2.2318160608742432,11.424999999999999,1.1500000000000021
2.232816060874243,11.424999999999999,1.1500000000000021
2.233816060874243,11.424999999999999,1.1500000000000021
2.234816060874243,11.424999999999999,1.1500000000000021
2.235816060874243,11.424999999999999,1.1500000000000021
2.2368160608742427,11.424999999999999,1.1500000000000021
2.2378160608742426,11.424999999999999,1.1500000000000021
2.2388160608742425,11.424999999999999,1.1500000000000021
2.2398160608742423,11.424999999999999,1.1500000000000021
2.2408160608742422,11.424999999999999,1.1500000000000021
2.241816060874242,11.424999999999999,1.1500000000000021
2.242816060874242,11.424999999999999,1.1500000000000021
2.243816060874242,11.424999999999999,1.1500000000000021
2.244816060874242,11.424999999999999,1.1500000000000021
2.2458160608742417,11.424999999999999,1.1500000000000021
2.2468160608742416,11.424999999999999,1.1500000000000021
2.2478160608742415,11.424999999999999,1.1500000000000021
2.2488160608742414,11.424999999999999,1.1500000000000021
2.2498160608742412,11.424999999999999,1.1500000000000021
2.250816060874241,11.424999999999999,1.1500000000000021
2.251816060874241,11.424999999999999,1.1500000000000021
2.252816060874241,11.424999999999999,1.1500000000000021
2.253816060874241,11.424999999999999,1.1500000000000021
2.2548160608742407,11.424999999999999,1.1500000000000021
2.2558160608742406,11.424999999999999,1.1500000000000021
2.2568160608742405,11.424999999999999,1.1500000000000021
2.2578160608742404,11.424999999999999,1.1500000000000021
2.2588160608742403,11.424999999999999,1.1500000000000021
2.25981606087424,11.424999999999999,1.1500000000000021
2.26081606087424,11.424999999999999,1.1500000000000021
2.26181606087424,11.424999999999999,1.1500000000000021
2.26281606087424,11.424999999999999,1.1500000000000021
2.2638160608742397,11.424999999999999,1.1500000000000021
2.2648160608742396,11.424999999999999,1.1500000000000021
2.2658160608742395,11.424999999999999,1.1500000000000021
2.2668160608742394,11.424999999999999,1.1500000000000021
2.2678160608742393,11.424999999999999,1.1500000000000021
2.268816060874239,11.424999999999999,1.1500000000000021
2.269816060874239,11.424999999999999,1.1500000000000021
2.270816060874239,11.424999999999999,1.1500000000000021
2.271816060874239,11.424999999999999,1.1500000000000021
2.2728160608742387,11.424999999999999,1.1500000000000021
2.2738160608742386,11.424999999999999,1.1500000000000021
2.2748160608742385,11.424999999999999,1.1500000000000021
2.2758160608742384,11.424999999999999,1.1500000000000021
2.2768160608742383,11.424999999999999,1.1500000000000021
2.277816060874238,11.424999999999999,1.1500000000000021
2.278816060874238,11.424999999999999,1.1500000000000021
2.279816060874238,11.424999999999999,1.1500000000000021
2.280816060874238,11.424999999999999,1.1500000000000021
2.2818160608742377,11.424999999999999,1.1500000000000021
2.2828160608742376,11.424999999999999,1.1500000000000021
2.2838160608742375,11.424999999999999,1.1500000000000021
2.2848160608742374,11.424999999999999,1.1500000000000021
2.2858160608742373,11.424999999999999,1.1500000000000021
2.286816060874237,11.424999999999999,1.1500000000000021
2.287816060874237,11.424999999999999,1.1500000000000021
2.288816060874237,11.424999999999999,1.1500000000000021
2.289816060874237,11.424999999999999,1.1500000000000021
2.2908160608742367,11.424999999999999,1.1500000000000021
2.2918160608742366,11.424999999999999,1.1500000000000021
2.2928160608742365,11.424999999999999,1.1500000000000021
2.2938160608742364,11.424999999999999,1.1500000000000021
2.2948160608742363,11.424999999999999,1.1500000000000021
2.295816060874236,11.424999999999999,1.1500000000000021
2.296816060874236,11.424999999999999,1.1500000000000021
2.297816060874236,11.424999999999999,1.1500000000000021
2.298816060874236,11.424999999999999,1.1500000000000021
2.2998160608742357,11.424999999999999,1.1500000000000021
2.3008160608742356,11.424999999999999,1.1500000000000021
2.3018160608742355,11.424999999999999,1.1500000000000021
2.3028160608742354,11.424999999999999,1.1500000000000021
2.3038160608742353,11.424999999999999,1.1500000000000021
2.304816060874235,11.424999999999999,1.1500000000000021
2.305816060874235,11.424999999999999,1.1500000000000021
2.306816060874235,11.424999999999999,1.1500000000000021
2.307816060874235,11.424999999999999,1.1500000000000021
2.3088160608742347,11.424999999999999,1.1500000000000021
2.3098160608742346,11.424999999999999,1.1500000000000021
2.3108160608742345,11.424999999999999,1.1500000000000021
2.3118160608742344,11.424999999999999,1.1500000000000021
2.3128160608742343,11.424999999999999,1.1500000000000021
2.313816060874234,11.424999999999999,1.1500000000000021
2.314816060874234,11.424999999999999,1.1500000000000021
2.315816060874234,11.424999999999999,1.1500000000000021
2.316816060874234,11.424999999999999,1.1500000000000021
2.3178160608742338,11.424999999999999,1.1500000000000021
2.3188160608742336,11.424999999999999,1.1500000000000021
2.3198160608742335,11.424999999999999,1.1500000000000021
2.3208160608742334,11.424999999999999,1.1500000000000021
2.3218160608742333,11.424999999999999,1.1500000000000021
2.322816060874233,11.424999999999999,1.1500000000000021
2.323816060874233,11.424999999999999,1.1500000000000021
2.324816060874233,11.424999999999999,1.1500000000000021
2.325816060874233,11.424999999999999,1.1500000000000021
2.3268160608742328,11.424999999999999,1.1500000000000021
2.3278160608742327,11.424999999999999,1.1500000000000021
2.3288160608742325,11.424999999999999,1.1500000000000021
2.3298160608742324,11.424999999999999,1.1500000000000021
2.3308160608742323,11.424999999999999,1.1500000000000021
2.331816060874232,11.424999999999999,1.1500000000000021
2.332816060874232,11.424999999999999,1.1500000000000021
2.333816060874232,11.424999999999999,1.1500000000000021
2.334816060874232,11.424999999999999,1.1500000000000021
2.3358160608742318,11.424999999999999,1.1500000000000021
2.3368160608742317,11.424999999999999,1.1500000000000021
2.3378160608742315,11.424999999999999,1.1500000000000021
2.3388160608742314,11.424999999999999,1.1500000000000021
2.3398160608742313,11.424999999999999,1.1500000000000021
2.340816060874231,11.424999999999999,1.1500000000000021
2.341816060874231,11.424999999999999,1.1500000000000021
2.342816060874231,11.424999999999999,1.1500000000000021
2.343816060874231,11.424999999999999,1.1500000000000021
2.344816060874231,11.424999999999999,1.1500000000000021
2.3458160608742307,11.424999999999999,1.1500000000000021
2.3468160608742306,11.424999999999999,1.1500000000000021
2.3478160608742304,11.424999999999999,1.1500000000000021
2.3488160608742303,11.424999999999999,1.1500000000000021
2.3498160608742302,11.424999999999999,1.1500000000000021
2.35081606087423,11.424999999999999,1.1500000000000021
2.35181606087423,11.424999999999999,1.1500000000000021
2.35281606087423,11.424999999999999,1.1500000000000021
2.35381606087423,11.424999999999999,1.1500000000000021
2.3548160608742297,11.424999999999999,1.1500000000000021
2.3558160608742296,11.424999999999999,1.1500000000000021
2.3568160608742295,11.424999999999999,1.1500000000000021
2.3578160608742293,11.424999999999999,1.1500000000000021
2.3588160608742292,11.424999999999999,1.1500000000000021
2.359816060874229,11.424999999999999,1.1500000000000021
2.360816060874229,11.424999999999999,1.1500000000000021
2.361816060874229,11.424999999999999,1.1500000000000021
2.362816060874229,11.424999999999999,1.1500000000000021
2.3638160608742287,11.424999999999999,1.1500000000000021
2.3648160608742286,11.424999999999999,1.1500000000000021
2.3658160608742285,11.424999999999999,1.1500000000000021
2.3668160608742284,11.424999999999999,1.1500000000000021
2.3678160608742282,11.424999999999999,1.1500000000000021
2.368816060874228,11.424999999999999,1.1500000000000021
2.369816060874228,11.424999999999999,1.1500000000000021
2.370816060874228,11.424999999999999,1.1500000000000021
2.371816060874228,11.424999999999999,1.1500000000000021
2.3728160608742277,11.424999999999999,1.1500000000000021
2.3738160608742276,11.424999999999999,1.1500000000000021
2.3748160608742275,11.424999999999999,1.1500000000000021
2.3758160608742274,11.424999999999999,1.1500000000000021
2.3768160608742273,11.424999999999999,1.1500000000000021
2.377816060874227,11.424999999999999,1.1500000000000021
2.378816060874227,11.424999999999999,1.1500000000000021
2.379816060874227,11.424999999999999,1.1500000000000021
2.380816060874227,11.424999999999999,1.1500000000000021
2.3818160608742267,11.424999999999999,1.1500000000000021
2.3828160608742266,11.424999999999999,1.1500000000000021
2.3838160608742265,11.424999999999999,1.1500000000000021
2.3848160608742264,11.424999999999999,1.1500000000000021
2.3858160608742263,11.424999999999999,1.1500000000000021
2.386816060874226,11.424999999999999,1.1500000000000021
2.387816060874226,11.424999999999999,1.1500000000000021
2.388816060874226,11.424999999999999,1.1500000000000021
2.389816060874226,11.424999999999999,1.1500000000000021
2.3908160608742257,11.424999999999999,1.1500000000000021
2.3918160608742256,11.424999999999999,1.1500000000000021
2.3928160608742255,11.424999999999999,1.1500000000000021
2.3938160608742254,11.424999999999999,1.1500000000000021
2.3948160608742253,11.424999999999999,1.1500000000000021
2.395816060874225,11.424999999999999,1.1500000000000021
2.396816060874225,11.424999999999999,1.1500000000000021
2.397816060874225,11.424999999999999,1.1500000000000021
2.398816060874225,11.424999999999999,1.1500000000000021
2.3998160608742247,11.424999999999999,1.1500000000000021
2.4008160608742246,11.424999999999999,1.1500000000000021
2.4018160608742245,11.424999999999999,1.1500000000000021
2.4028160608742244,11.424999999999999,1.1500000000000021
2.4038160608742243,11.424999999999999,1.1500000000000021
2.404816060874224,11.424999999999999,1.1500000000000021
2.405816060874224,11.424999999999999,1.1500000000000021
2.406816060874224,11.424999999999999,1.1500000000000021
2.407816060874224,11.424999999999999,1.1500000000000021
2.4088160608742237,11.424999999999999,1.1500000000000021
2.4098160608742236,11.424999999999999,1.1500000000000021
2.4108160608742235,11.424999999999999,1.1500000000000021
2.4118160608742234,11.424999999999999,1.1500000000000021
2.4128160608742233,11.424999999999999,1.1500000000000021
2.413816060874223,11.424999999999999,1.1500000000000021
2.414816060874223,11.424999999999999,1.1500000000000021
2.415816060874223,11.424999999999999,1.1500000000000021
2.416816060874223,11.424999999999999,1.1500000000000021
2.4178160608742227,11.424999999999999,1.1500000000000021
2.4188160608742226,11.424999999999999,1.1500000000000021
2.4198160608742225,11.424999999999999,1.1500000000000021
2.4208160608742224,11.424999999999999,1.1500000000000021
2.4218160608742223,11.424999999999999,1.1500000000000021
2.422816060874222,11.424999999999999,1.1500000000000021
2.423816060874222,11.424999999999999,1.1500000000000021
2.424816060874222,11.424999999999999,1.1500000000000021
2.425816060874222,11.424999999999999,1.1500000000000021
2.4268160608742217,11.424999999999999,1.1500000000000021
2.4278160608742216,11.424999999999999,1.1500000000000021
2.4288160608742215,11.424999999999999,1.1500000000000021
2.4298160608742214,11.424999999999999,1.1500000000000021
2.4308160608742213,11.424999999999999,1.1500000000000021
2.431816060874221,11.424999999999999,1.1500000000000021
2.432816060874221,11.424999999999999,1.1500000000000021
2.433816060874221,11.424999999999999,1.1500000000000021
2.434816060874221,11.424999999999999,1.1500000000000021
2.4358160608742208,11.424999999999999,1.1500000000000021
2.4368160608742206,11.424999999999999,1.1500000000000021
2.4378160608742205,11.424999999999999,1.1500000000000021
2.4388160608742204,11.424999999999999,1.1500000000000021
2.4398160608742203,11.424999999999999,1.1500000000000021
2.44081606087422,11.424999999999999,1.1500000000000021
2.44181606087422,11.424999999999999,1.1500000000000021
2.44281606087422,11.424999999999999,1.1500000000000021
2.44381606087422,11.424999999999999,1.1500000000000021
2.4448160608742198,11.424999999999999,1.1500000000000021
2.4458160608742197,11.424999999999999,1.1500000000000021
2.4468160608742195,11.424999999999999,1.1500000000000021
2.4478160608742194,11.424999999999999,1.1500000000000021
2.4488160608742193,11.424999999999999,1.1500000000000021
2.449816060874219,11.424999999999999,1.1500000000000021
2.450816060874219,11.424999999999999,1.1500000000000021
2.451816060874219,11.424999999999999,1.1500000000000021
2.452816060874219,11.424999999999999,1.1500000000000021
2.4538160608742188,11.424999999999999,1.1500000000000021
2.4548160608742187,11.424999999999999,1.1500000000000021
2.4558160608742186,11.424999999999999,1.1500000000000021
2.4568160608742184,11.424999999999999,1.1500000000000021
2.4578160608742183,11.424999999999999,1.1500000000000021
2.4588160608742182,11.424999999999999,1.1500000000000021
2.459816060874218,11.424999999999999,1.1500000000000021
2.460816060874218,11.424999999999999,1.1500000000000021
2.461816060874218,11.424999999999999,1.1500000000000021
2.462816060874218,11.424999999999999,1.1500000000000021
2.4638160608742177,11.424999999999999,1.1500000000000021
2.4648160608742176,11.424999999999999,1.1500000000000021
2.4658160608742175,11.424999999999999,1.1500000000000021
2.4668160608742173,11.424999999999999,1.1500000000000021
2.4678160608742172,11.424999999999999,1.1500000000000021
2.468816060874217,11.424999999999999,1.1500000000000021
2.469816060874217,11.424999999999999,1.1500000000000021
2.470816060874217,11.424999999999999,1.1500000000000021
2.471816060874217,11.424999999999999,1.1500000000000021
2.4728160608742167,11.424999999999999,1.1500000000000021
2.4738160608742166,11.424999999999999,1.1500000000000021
2.4748160608742165,11.424999999999999,1.1500000000000021
2.4758160608742164,11.424999999999999,1.1500000000000021
2.4768160608742162,11.424999999999999,1.1500000000000021
2.477816060874216,11.424999999999999,1.1500000000000021
2.478816060874216,11.424999999999999,1.1500000000000021
2.479816060874216,11.424999999999999,1.1500000000000021
2.480816060874216,11.424999999999999,1.1500000000000021
2.4818160608742157,11.424999999999999,1.1500000000000021
2.4828160608742156,11.424999999999999,1.1500000000000021
2.4838160608742155,11.424999999999999,1.1500000000000021
2.4848160608742154,11.424999999999999,1.1500000000000021
2.4858160608742152,11.424999999999999,1.1500000000000021
2.486816060874215,11.424999999999999,1.1500000000000021
2.487816060874215,11.424999999999999,1.1500000000000021
2.488816060874215,11.424999999999999,1.1500000000000021
2.489816060874215,11.424999999999999,1.1500000000000021
2.4908160608742147,11.424999999999999,1.1500000000000021
2.4918160608742146,11.424999999999999,1.1500000000000021
2.4928160608742145,11.424999999999999,1.1500000000000021
2.4938160608742144,11.424999999999999,1.1500000000000021
2.4948160608742143,11.424999999999999,1.1500000000000021
2.495816060874214,11.424999999999999,1.1500000000000021
2.496816060874214,11.424999999999999,1.1500000000000021
2.497816060874214,11.424999999999999,1.1500000000000021
2.498816060874214,11.424999999999999,1.1500000000000021
2.4998160608742137,11.424999999999999,1.1500000000000021
2.5008160608742136,11.424999999999999,1.1500000000000021
2.5018160608742135,11.424999999999999,1.1500000000000021
2.5028160608742134,11.424999999999999,1.1500000000000021
2.5038160608742133,11.424999999999999,1.1500000000000021
2.504816060874213,11.424999999999999,1.1500000000000021
2.505816060874213,11.424999999999999,1.1500000000000021
2.506816060874213,11.424999999999999,1.1500000000000021
2.507816060874213,11.424999999999999,1.1500000000000021
2.5088160608742127,11.424999999999999,1.1500000000000021
2.5098160608742126,11.424999999999999,1.1500000000000021
2.5108160608742125,11.424999999999999,1.1500000000000021
2.5118160608742124,11.424999999999999,1.1500000000000021
2.5128160608742123,11.424999999999999,1.1500000000000021
2.513816060874212,11.424999999999999,1.1500000000000021
2.514816060874212,11.424999999999999,1.1500000000000021
2.515816060874212,11.424999999999999,1.1500000000000021
2.516816060874212,11.424999999999999,1.1500000000000021
2.5178160608742117,11.424999999999999,1.1500000000000021
2.5188160608742116,11.424999999999999,1.1500000000000021
2.5198160608742115,11.424999999999999,1.1500000000000021
2.5208160608742114,11.424999999999999,1.1500000000000021
2.5218160608742113,11.424999999999999,1.1500000000000021
2.522816060874211,11.424999999999999,1.1500000000000021
2.523816060874211,11.424999999999999,1.1500000000000021
2.524816060874211,11.424999999999999,1.1500000000000021
2.525816060874211,11.424999999999999,1.1500000000000021
2.5268160608742107,11.424999999999999,1.1500000000000021
2.5278160608742106,11.424999999999999,1.1500000000000021
2.5288160608742105,11.424999999999999,1.1500000000000021
2.5298160608742104,11.424999999999999,1.1500000000000021
2.5308160608742103,11.424999999999999,1.1500000000000021
2.53181606087421,11.424999999999999,1.1500000000000021
2.53281606087421,11.424999999999999,1.1500000000000021
2.53381606087421,11.424999999999999,1.1500000000000021
2.53481606087421,11.424999999999999,1.1500000000000021
2.5358160608742097,11.424999999999999,1.1500000000000021
2.5368160608742096,11.424999999999999,1.1500000000000021
2.5378160608742095,11.424999999999999,1.1500000000000021
2.5388160608742094,11.424999999999999,1.1500000000000021
2.5398160608742093,11.424999999999999,1.1500000000000021
2.540816060874209,11.424999999999999,1.1500000000000021
2.541816060874209,11.424999999999999,1.1500000000000021
2.542816060874209,11.424999999999999,1.1500000000000021
2.543816060874209,11.424999999999999,1.1500000000000021
2.5448160608742088,11.424999999999999,1.1500000000000021
2.5458160608742086,11.424999999999999,1.1500000000000021
2.5468160608742085,11.424999999999999,1.1500000000000021
2.5478160608742084,11.424999999999999,1.1500000000000021
2.5488160608742083,11.424999999999999,1.1500000000000021
2.549816060874208,11.424999999999999,1.1500000000000021
2.550816060874208,11.424999999999999,1.1500000000000021
2.551816060874208,11.424999999999999,1.1500000000000021
2.552816060874208,11.424999999999999,1.1500000000000021
2.5538160608742078,11.424999999999999,1.1500000000000021
2.5548160608742077,11.424999999999999,1.1500000000000021
2.5558160608742075,11.424999999999999,1.1500000000000021
2.5568160608742074,11.424999999999999,1.1500000000000021
2.5578160608742073,11.424999999999999,1.1500000000000021
2.558816060874207,11.424999999999999,1.1500000000000021
2.559816060874207,11.424999999999999,1.1500000000000021
2.560816060874207,11.424999999999999,1.1500000000000021
2.561816060874207,11.424999999999999,1.1500000000000021
2.5628160608742068,11.424999999999999,1.1500000000000021
2.5638160608742067,11.424999999999999,1.1500000000000021
2.5648160608742065,11.424999999999999,1.1500000000000021
2.5658160608742064,11.424999999999999,1.1500000000000021
2.5668160608742063,11.424999999999999,1.1500000000000021
2.567816060874206,11.424999999999999,1.1500000000000021
2.568816060874206,11.424999999999999,1.1500000000000021
2.569816060874206,11.424999999999999,1.1500000000000021
2.570816060874206,11.424999999999999,1.1500000000000021
2.571816060874206,11.424999999999999,1.1500000000000021
2.5728160608742057,11.424999999999999,1.1500000000000021
2.5738160608742056,11.424999999999999,1.1500000000000021
2.5748160608742054,11.424999999999999,1.1500000000000021
2.5758160608742053,11.424999999999999,1.1500000000000021
2.5768160608742052,11.424999999999999,1.1500000000000021
2.577816060874205,11.424999999999999,1.1500000000000021
2.578816060874205,11.424999999999999,1.1500000000000021
2.579816060874205,11.424999999999999,1.1500000000000021
2.580816060874205,11.424999999999999,1.1500000000000021
2.5818160608742047,11.424999999999999,1.1500000000000021
2.5828160608742046,11.424999999999999,1.1500000000000021
2.5838160608742045,11.424999999999999,1.1500000000000021
2.5848160608742043,11.424999999999999,1.1500000000000021
2.5858160608742042,11.424999999999999,1.1500000000000021
2.586816060874204,11.424999999999999,1.1500000000000021
2.587816060874204,11.424999999999999,1.1500000000000021
2.588816060874204,11.424999999999999,1.1500000000000021
2.589816060874204,11.424999999999999,1.1500000000000021
2.5908160608742037,11.424999999999999,1.1500000000000021
2.5918160608742036,11.424999999999999,1.1500000000000021
2.5928160608742035,11.424999999999999,1.1500000000000021
2.5938160608742034,11.424999999999999,1.1500000000000021
2.5948160608742032,11.424999999999999,1.1500000000000021
2.595816060874203,11.424999999999999,1.1500000000000021
2.596816060874203,11.424999999999999,1.1500000000000021
2.597816060874203,11.424999999999999,1.1500000000000021
2.598816060874203,11.424999999999999,1.1500000000000021
2.5998160608742027,11.424999999999999,1.1500000000000021
2.6008160608742026,11.424999999999999,1.1500000000000021
2.6018160608742025,11.424999999999999,1.1500000000000021
2.6028160608742024,11.424999999999999,1.1500000000000021
2.6038160608742023,11.424999999999999,1.1500000000000021
2.604816060874202,11.424999999999999,1.1500000000000021
2.605816060874202,11.424999999999999,1.1500000000000021
2.606816060874202,11.424999999999999,1.1500000000000021
2.607816060874202,11.424999999999999,1.1500000000000021
2.6088160608742017,11.424999999999999,1.1500000000000021
2.6098160608742016,11.424999999999999,1.1500000000000021
2.6108160608742015,11.424999999999999,1.1500000000000021
2.6118160608742014,11.424999999999999,1.1500000000000021
2.6128160608742013,11.424999999999999,1.1500000000000021
2.613816060874201,11.424999999999999,1.1500000000000021
2.614816060874201,11.424999999999999,1.1500000000000021
2.615816060874201,11.424999999999999,1.1500000000000021
2.616816060874201,11.424999999999999,1.1500000000000021
2.6178160608742007,11.424999999999999,1.1500000000000021
2.6188160608742006,11.424999999999999,1.1500000000000021
2.6198160608742005,11.424999999999999,1.1500000000000021
2.6208160608742004,11.424999999999999,1.1500000000000021
2.6218160608742003,11.424999999999999,1.1500000000000021
2.6228160608742,11.424999999999999,1.1500000000000021
2.6238160608742,11.424999999999999,1.1500000000000021
2.6248160608742,11.424999999999999,1.1500000000000021
2.6258160608742,11.424999999999999,1.1500000000000021
2.6268160608741997,11.424999999999999,1.1500000000000021
2.6278160608741996,11.424999999999999,1.1500000000000021
2.6288160608741995,11.424999999999999,1.1500000000000021
2.6298160608741994,11.424999999999999,1.1500000000000021
2.6308160608741993,11.424999999999999,1.1500000000000021
2.631816060874199,11.424999999999999,1.1500000000000021
2.632816060874199,11.424999999999999,1.1500000000000021
2.633816060874199,11.424999999999999,1.1500000000000021
2.634816060874199,11.424999999999999,1.1500000000000021
2.6358160608741987,11.424999999999999,1.1500000000000021
2.6368160608741986,11.424999999999999,1.1500000000000021
2.6378160608741985,11.424999999999999,1.1500000000000021
2.6388160608741984,11.424999999999999,1.1500000000000021
2.6398160608741983,11.424999999999999,1.1500000000000021
2.640816060874198,11.424999999999999,1.1500000000000021
2.641816060874198,11.424999999999999,1.1500000000000021
2.642816060874198,11.424999999999999,1.1500000000000021
2.643816060874198,11.424999999999999,1.1500000000000021
2.6448160608741977,11.424999999999999,1.1500000000000021
2.6458160608741976,11.424999999999999,1.1500000000000021
2.6468160608741975,11.424999999999999,1.1500000000000021
2.6478160608741974,11.424999999999999,1.1500000000000021
2.6488160608741973,11.424999999999999,1.1500000000000021
2.649816060874197,11.424999999999999,1.1500000000000021
2.650816060874197,11.424999999999999,1.1500000000000021
2.651816060874197,11.424999999999999,1.1500000000000021
2.652816060874197,11.424999999999999,1.1500000000000021
2.6538160608741967,11.424999999999999,1.1500000000000021
2.6548160608741966,11.424999999999999,1.1500000000000021
2.6558160608741965,11.424999999999999,1.1500000000000021
2.6568160608741964,11.424999999999999,1.1500000000000021
2.6578160608741963,11.424999999999999,1.1500000000000021
2.658816060874196,11.424999999999999,1.1500000000000021
2.659816060874196,11.424999999999999,1.1500000000000021
2.660816060874196,11.424999999999999,1.1500000000000021
2.661816060874196,11.424999999999999,1.1500000000000021
2.6628160608741958,11.424999999999999,1.1500000000000021
2.6638160608741956,11.424999999999999,1.1500000000000021
2.6648160608741955,11.424999999999999,1.1500000000000021
2.6658160608741954,11.424999999999999,1.1500000000000021
2.6668160608741953,11.424999999999999,1.1500000000000021
2.667816060874195,11.424999999999999,1.1500000000000021
2.668816060874195,11.424999999999999,1.1500000000000021
2.669816060874195,11.424999999999999,1.1500000000000021
2.670816060874195,11.424999999999999,1.1500000000000021
2.6718160608741948,11.424999999999999,1.1500000000000021
2.6728160608741947,11.424999999999999,1.1500000000000021
2.6738160608741945,11.424999999999999,1.1500000000000021
2.6748160608741944,11.424999999999999,1.1500000000000021
2.6758160608741943,11.424999999999999,1.1500000000000021
2.676816060874194,11.424999999999999,1.1500000000000021
2.677816060874194,11.424999999999999,1.1500000000000021
2.678816060874194,11.424999999999999,1.1500000000000021
2.679816060874194,11.424999999999999,1.1500000000000021
2.6808160608741938,11.424999999999999,1.1500000000000021
2.6818160608741937,11.424999999999999,1.1500000000000021
2.6828160608741936,11.424999999999999,1.1500000000000021
2.6838160608741934,11.424999999999999,1.1500000000000021
2.6848160608741933,11.424999999999999,1.1500000000000021
2.6858160608741932,11.424999999999999,1.1500000000000021
2.686816060874193,11.424999999999999,1.1500000000000021
2.687816060874193,11.424999999999999,1.1500000000000021
2.688816060874193,11.424999999999999,1.1500000000000021
2.689816060874193,11.424999999999999,1.1500000000000021
2.6908160608741927,11.424999999999999,1.1500000000000021
2.6918160608741926,11.424999999999999,1.1500000000000021
2.6928160608741925,11.424999999999999,1.1500000000000021
2.6938160608741923,11.424999999999999,1.1500000000000021
2.6948160608741922,11.424999999999999,1.1500000000000021
2.695816060874192,11.424999999999999,1.1500000000000021
2.696816060874192,11.424999999999999,1.1500000000000021
2.697816060874192,11.424999999999999,1.1500000000000021
2.698816060874192,11.424999999999999,1.1500000000000021
2.6998160608741917,11.424999999999999,1.1500000000000021
2.7008160608741916,11.424999999999999,1.1500000000000021
2.7018160608741915,11.424999999999999,1.1500000000000021
2.7028160608741914,11.424999999999999,1.1500000000000021
2.7038160608741912,11.424999999999999,1.1500000000000021
2.704816060874191,11.424999999999999,1.1500000000000021
2.705816060874191,11.424999999999999,1.1500000000000021
2.706816060874191,11.424999999999999,1.1500000000000021
2.707816060874191,11.424999999999999,1.1500000000000021
2.7088160608741907,11.424999999999999,1.1500000000000021
2.7098160608741906,11.424999999999999,1.1500000000000021
2.7108160608741905,11.424999999999999,1.1500000000000021
2.7118160608741904,11.424999999999999,1.1500000000000021
2.7128160608741902,11.424999999999999,1.1500000000000021
2.71381606087419,11.424999999999999,1.1500000000000021
2.71481606087419,11.424999999999999,1.1500000000000021
2.71581606087419,11.424999999999999,1.1500000000000021
2.71681606087419,11.424999999999999,1.1500000000000021
2.7178160608741897,11.424999999999999,1.1500000000000021
2.7188160608741896,11.424999999999999,1.1500000000000021
2.7198160608741895,11.424999999999999,1.1500000000000021
2.7208160608741894,11.424999999999999,1.1500000000000021
2.7218160608741893,11.424999999999999,1.1500000000000021
2.722816060874189,11.424999999999999,1.1500000000000021
2.723816060874189,11.424999999999999,1.1500000000000021
2.724816060874189,11.424999999999999,1.1500000000000021
2.725816060874189,11.424999999999999,1.1500000000000021
2.7268160608741887,11.424999999999999,1.1500000000000021
2.7278160608741886,11.424999999999999,1.1500000000000021
2.7288160608741885,11.424999999999999,1.1500000000000021
2.7298160608741884,11.424999999999999,1.1500000000000021
2.7308160608741883,11.424999999999999,1.1500000000000021
2.731816060874188,11.424999999999999,1.1500000000000021
2.732816060874188,11.424999999999999,1.1500000000000021
2.733816060874188,11.424999999999999,1.1500000000000021
2.734816060874188,11.424999999999999,1.1500000000000021
2.7358160608741877,11.424999999999999,1.1500000000000021
2.7368160608741876,11.424999999999999,1.1500000000000021
2.7378160608741875,11.424999999999999,1.1500000000000021
2.7388160608741874,11.424999999999999,1.1500000000000021
2.7398160608741873,11.424999999999999,1.1500000000000021
2.740816060874187,11.424999999999999,1.1500000000000021
2.741816060874187,11.424999999999999,1.1500000000000021
2.742816060874187,11.424999999999999,1.1500000000000021
2.743816060874187,11.424999999999999,1.1500000000000021
2.7448160608741867,11.424999999999999,1.1500000000000021
2.7458160608741866,11.424999999999999,1.1500000000000021
2.7468160608741865,11.424999999999999,1.1500000000000021
2.7478160608741864,11.424999999999999,1.1500000000000021
2.7488160608741863,11.424999999999999,1.1500000000000021
2.749816060874186,11.424999999999999,1.1500000000000021
2.750816060874186,11.424999999999999,1.1500000000000021
2.751816060874186,11.424999999999999,1.1500000000000021
2.752816060874186,11.424999999999999,1.1500000000000021
2.7538160608741857,11.424999999999999,1.1500000000000021
2.7548160608741856,11.424999999999999,1.1500000000000021
2.7558160608741855,11.424999999999999,1.1500000000000021
2.7568160608741854,11.424999999999999,1.1500000000000021
2.7578160608741853,11.424999999999999,1.1500000000000021
2.758816060874185,11.424999999999999,1.1500000000000021
2.759816060874185,11.424999999999999,1.1500000000000021
2.760816060874185,11.424999999999999,1.1500000000000021
2.761816060874185,11.424999999999999,1.1500000000000021
2.7628160608741847,11.424999999999999,1.1500000000000021
2.7638160608741846,11.424999999999999,1.1500000000000021
2.7648160608741845,11.424999999999999,1.1500000000000021
2.7658160608741844,11.424999999999999,1.1500000000000021
2.7668160608741843,11.424999999999999,1.1500000000000021
2.767816060874184,11.424999999999999,1.1500000000000021
2.768816060874184,11.424999999999999,1.1500000000000021
2.769816060874184,11.424999999999999,1.1500000000000021
2.770816060874184,11.424999999999999,1.1500000000000021
2.7718160608741838,11.424999999999999,1.1500000000000021
2.7728160608741836,11.424999999999999,1.1500000000000021
2.7738160608741835,11.424999999999999,1.1500000000000021
2.7748160608741834,11.424999999999999,1.1500000000000021
2.7758160608741833,11.424999999999999,1.1500000000000021
2.776816060874183,11.424999999999999,1.1500000000000021
2.777816060874183,11.424999999999999,1.1500000000000021
2.778816060874183,11.424999999999999,1.1500000000000021
2.779816060874183,11.424999999999999,1.1500000000000021
2.7808160608741828,11.424999999999999,1.1500000000000021
2.7818160608741827,11.424999999999999,1.1500000000000021
2.7828160608741825,11.424999999999999,1.1500000000000021
2.7838160608741824,11.424999999999999,1.1500000000000021
2.7848160608741823,11.424999999999999,1.1500000000000021
2.785816060874182,11.424999999999999,1.1500000000000021
2.786816060874182,11.424999999999999,1.1500000000000021
2.787816060874182,11.424999999999999,1.1500000000000021
2.788816060874182,11.424999999999999,1.1500000000000021
2.7898160608741818,11.424999999999999,1.1500000000000021
2.7908160608741817,11.424999999999999,1.1500000000000021
2.7918160608741815,11.424999999999999,1.1500000000000021
2.7928160608741814,11.424999999999999,1.1500000000000021
2.7938160608741813,11.424999999999999,1.1500000000000021
2.794816060874181,11.424999999999999,1.1500000000000021
2.795816060874181,11.424999999999999,1.1500000000000021
2.796816060874181,11.424999999999999,1.1500000000000021
2.797816060874181,11.424999999999999,1.1500000000000021
2.7988160608741808,11.424999999999999,1.1500000000000021
2.7998160608741807,11.424999999999999,1.1500000000000021
2.8008160608741806,11.424999999999999,1.1500000000000021
2.8018160608741804,11.424999999999999,1.1500000000000021
2.8028160608741803,11.424999999999999,1.1500000000000021
2.8038160608741802,11.424999999999999,1.1500000000000021
2.80481606087418,11.424999999999999,1.1500000000000021
2.80581606087418,11.424999999999999,1.1500000000000021
2.80681606087418,11.424999999999999,1.1500000000000021
2.80781606087418,11.424999999999999,1.1500000000000021
2.8088160608741797,11.424999999999999,1.1500000000000021
2.8098160608741796,11.424999999999999,1.1500000000000021
2.8108160608741795,11.424999999999999,1.1500000000000021
2.8118160608741793,11.424999999999999,1.1500000000000021
2.8128160608741792,11.424999999999999,1.1500000000000021
2.813816060874179,11.424999999999999,1.1500000000000021
2.814816060874179,11.424999999999999,1.1500000000000021
2.815816060874179,11.424999999999999,1.1500000000000021
2.816816060874179,11.424999999999999,1.1500000000000021
2.8178160608741787,11.424999999999999,1.1500000000000021
2.8188160608741786,11.424999999999999,1.1500000000000021
2.8198160608741785,11.424999999999999,1.1500000000000021
2.8208160608741784,11.424999999999999,1.1500000000000021
2.8218160608741782,11.424999999999999,1.1500000000000021
2.822816060874178,11.424999999999999,1.1500000000000021
2.823816060874178,11.424999999999999,1.1500000000000021
2.824816060874178,11.424999999999999,1.1500000000000021
2.825816060874178,11.424999999999999,1.1500000000000021
2.8268160608741777,11.424999999999999,1.1500000000000021
2.8278160608741776,11.424999999999999,1.1500000000000021
2.8288160608741775,11.424999999999999,1.1500000000000021
2.8298160608741774,11.424999999999999,1.1500000000000021
2.8308160608741773,11.424999999999999,1.1500000000000021
2.831816060874177,11.424999999999999,1.1500000000000021
2.832816060874177,11.424999999999999,1.1500000000000021
2.833816060874177,11.424999999999999,1.1500000000000021
2.834816060874177,11.424999999999999,1.1500000000000021
2.8358160608741767,11.424999999999999,1.1500000000000021
2.8368160608741766,11.424999999999999,1.1500000000000021
2.8378160608741765,11.424999999999999,1.1500000000000021
2.8388160608741764,11.424999999999999,1.1500000000000021
2.8398160608741763,11.424999999999999,1.1500000000000021
2.840816060874176,11.424999999999999,1.1500000000000021
2.841816060874176,11.424999999999999,1.1500000000000021
2.842816060874176,11.424999999999999,1.1500000000000021
2.843816060874176,11.424999999999999,1.1500000000000021
2.8448160608741757,11.424999999999999,1.1500000000000021
2.8458160608741756,11.424999999999999,1.1500000000000021
2.8468160608741755,11.424999999999999,1.1500000000000021
2.8478160608741754,11.424999999999999,1.1500000000000021
2.8488160608741753,11.424999999999999,1.1500000000000021
2.849816060874175,11.424999999999999,1.1500000000000021
2.850816060874175,11.424999999999999,1.1500000000000021
2.851816060874175,11.424999999999999,1.1500000000000021
2.852816060874175,11.424999999999999,1.1500000000000021
2.8538160608741747,11.424999999999999,1.1500000000000021
2.8548160608741746,11.424999999999999,1.1500000000000021
2.8558160608741745,11.424999999999999,1.1500000000000021
2.8568160608741744,11.424999999999999,1.1500000000000021
2.8578160608741743,11.424999999999999,1.1500000000000021
2.858816060874174,11.424999999999999,1.1500000000000021
2.859816060874174,11.424999999999999,1.1500000000000021
2.860816060874174,11.424999999999999,1.1500000000000021
2.861816060874174,11.424999999999999,1.1500000000000021
2.8628160608741737,11.424999999999999,1.1500000000000021
2.8638160608741736,11.424999999999999,1.1500000000000021
2.8648160608741735,11.424999999999999,1.1500000000000021
2.8658160608741734,11.424999999999999,1.1500000000000021
2.8668160608741733,11.424999999999999,1.1500000000000021
2.867816060874173,11.424999999999999,1.1500000000000021
2.868816060874173,11.424999999999999,1.1500000000000021
2.869816060874173,11.424999999999999,1.1500000000000021
2.870816060874173,11.424999999999999,1.1500000000000021
2.8718160608741727,11.424999999999999,1.1500000000000021
2.8728160608741726,11.424999999999999,1.1500000000000021
2.8738160608741725,11.424999999999999,1.1500000000000021
2.8748160608741724,11.424999999999999,1.1500000000000021
2.8758160608741723,11.424999999999999,1.1500000000000021
2.876816060874172,11.424999999999999,1.1500000000000021
2.877816060874172,11.424999999999999,1.1500000000000021
2.878816060874172,11.424999999999999,1.1500000000000021
2.879816060874172,11.424999999999999,1.1500000000000021
2.8808160608741717,11.424999999999999,1.1500000000000021
2.8818160608741716,11.424999999999999,1.1500000000000021
2.8828160608741715,11.424999999999999,1.1500000000000021
2.8838160608741714,11.424999999999999,1.1500000000000021
2.8848160608741713,11.424999999999999,1.1500000000000021
2.885816060874171,11.424999999999999,1.1500000000000021
2.886816060874171,11.424999999999999,1.1500000000000021
2.887816060874171,11.424999999999999,1.1500000000000021
2.888816060874171,11.424999999999999,1.1500000000000021
2.8898160608741708,11.424999999999999,1.1500000000000021
2.8908160608741706,11.424999999999999,1.1500000000000021
2.8918160608741705,11.424999999999999,1.1500000000000021
2.8928160608741704,11.424999999999999,1.1500000000000021
2.8938160608741703,11.424999999999999,1.1500000000000021
2.89481606087417,11.424999999999999,1.1500000000000021
2.89581606087417,11.424999999999999,1.1500000000000021
2.89681606087417,11.424999999999999,1.1500000000000021
2.89781606087417,11.424999999999999,1.1500000000000021
2.8988160608741698,11.424999999999999,1.1500000000000021
2.8998160608741697,11.424999999999999,1.1500000000000021
2.9008160608741695,11.424999999999999,1.1500000000000021
2.9018160608741694,11.424999999999999,1.1500000000000021
2.9028160608741693,11.424999999999999,1.1500000000000021
2.903816060874169,11.424999999999999,1.1500000000000021
2.904816060874169,11.424999999999999,1.1500000000000021
2.905816060874169,11.424999999999999,1.1500000000000021
2.906816060874169,11.424999999999999,1.1500000000000021
2.9078160608741688,11.424999999999999,1.1500000000000021
2.9088160608741687,11.424999999999999,1.1500000000000021
2.9098160608741686,11.424999999999999,1.1500000000000021
2.9108160608741684,11.424999999999999,1.1500000000000021
2.9118160608741683,11.424999999999999,1.1500000000000021
2.9128160608741682,11.424999999999999,1.1500000000000021
2.913816060874168,11.424999999999999,1.1500000000000021
2.914816060874168,11.424999999999999,1.1500000000000021
2.915816060874168,11.424999999999999,1.1500000000000021
2.916816060874168,11.424999999999999,1.1500000000000021
2.9178160608741677,11.424999999999999,1.1500000000000021
2.9188160608741676,11.424999999999999,1.1500000000000021
2.9198160608741675,11.424999999999999,1.1500000000000021
2.9208160608741673,11.424999999999999,1.1500000000000021
2.9218160608741672,11.424999999999999,1.1500000000000021
2.922816060874167,11.424999999999999,1.1500000000000021
2.923816060874167,11.424999999999999,1.1500000000000021
2.924816060874167,11.424999999999999,1.1500000000000021
2.925816060874167,11.424999999999999,1.1500000000000021
2.9268160608741667,11.424999999999999,1.1500000000000021
2.9278160608741666,11.424999999999999,1.1500000000000021
2.9288160608741665,11.424999999999999,1.1500000000000021
2.9298160608741664,11.424999999999999,1.1500000000000021
2.9308160608741662,11.424999999999999,1.1500000000000021
2.931816060874166,11.424999999999999,1.1500000000000021
2.932816060874166,11.424999999999999,1.1500000000000021
2.933816060874166,11.424999999999999,1.1500000000000021
2.934816060874166,11.424999999999999,1.1500000000000021
2.9358160608741657,11.424999999999999,1.1500000000000021
2.9368160608741656,11.424999999999999,1.1500000000000021
2.9378160608741655,11.424999999999999,1.1500000000000021
2.9388160608741654,11.424999999999999,1.1500000000000021
2.9398160608741652,11.424999999999999,1.1500000000000021
2.940816060874165,11.424999999999999,1.1500000000000021
2.941816060874165,11.424999999999999,1.1500000000000021
2.942816060874165,11.424999999999999,1.1500000000000021
2.943816060874165,11.424999999999999,1.1500000000000021
2.9448160608741647,11.424999999999999,1.1500000000000021
2.9458160608741646,11.424999999999999,1.1500000000000021
2.9468160608741645,11.424999999999999,1.1500000000000021
2.9478160608741644,11.424999999999999,1.1500000000000021
2.9488160608741643,11.424999999999999,1.1500000000000021
2.949816060874164,11.424999999999999,1.1500000000000021
2.950816060874164,11.424999999999999,1.1500000000000021
2.951816060874164,11.424999999999999,1.1500000000000021
2.952816060874164,11.424999999999999,1.1500000000000021
2.9538160608741637,11.424999999999999,1.1500000000000021
2.9548160608741636,11.424999999999999,1.1500000000000021
2.9558160608741635,11.424999999999999,1.1500000000000021
2.9568160608741634,11.424999999999999,1.1500000000000021
2.9578160608741633,11.424999999999999,1.1500000000000021
2.958816060874163,11.424999999999999,1.1500000000000021
2.959816060874163,11.424999999999999,1.1500000000000021
2.960816060874163,11.424999999999999,1.1500000000000021
2.961816060874163,11.424999999999999,1.1500000000000021
2.9628160608741627,11.424999999999999,1.1500000000000021
2.9638160608741626,11.424999999999999,1.1500000000000021
2.9648160608741625,11.424999999999999,1.1500000000000021
2.9658160608741624,11.424999999999999,1.1500000000000021
2.9668160608741623,11.424999999999999,1.1500000000000021
2.967816060874162,11.424999999999999,1.1500000000000021
2.968816060874162,11.424999999999999,1.1500000000000021
2.969816060874162,11.424999999999999,1.1500000000000021
2.970816060874162,11.424999999999999,1.1500000000000021
2.9718160608741617,11.424999999999999,1.1500000000000021
2.9728160608741616,11.424999999999999,1.1500000000000021
2.9738160608741615,11.424999999999999,1.1500000000000021
2.9748160608741614,11.424999999999999,1.1500000000000021
2.9758160608741613,11.424999999999999,1.1500000000000021
2.976816060874161,11.424999999999999,1.1500000000000021
2.977816060874161,11.424999999999999,1.1500000000000021
2.978816060874161,11.424999999999999,1.1500000000000021
2.979816060874161,11.424999999999999,1.1500000000000021
2.9808160608741607,11.424999999999999,1.1500000000000021
2.9818160608741606,11.424999999999999,1.1500000000000021
2.9828160608741605,11.424999999999999,1.1500000000000021
2.9838160608741604,11.424999999999999,1.1500000000000021
2.9848160608741603,11.424999999999999,1.1500000000000021
2.98581606087416,11.424999999999999,1.1500000000000021
2.98681606087416,11.424999999999999,1.1500000000000021
2.98781606087416,11.424999999999999,1.1500000000000021
2.98881606087416,11.424999999999999,1.1500000000000021
2.9898160608741597,11.424999999999999,1.1500000000000021
2.9908160608741596,11.424999999999999,1.1500000000000021
2.9918160608741595,11.424999999999999,1.1500000000000021
2.9928160608741594,11.424999999999999,1.1500000000000021
2.9938160608741593,11.424999999999999,1.1500000000000021
2.994816060874159,11.424999999999999,1.1500000000000021
2.995816060874159,11.424999999999999,1.1500000000000021
2.996816060874159,11.424999999999999,1.1500000000000021
2.997816060874159,11.424999999999999,1.1500000000000021
2.9988160608741588,11.424999999999999,1.1500000000000021
2.9998160608741586,11.424999999999999,1.1500000000000021
3.0008160608741585,11.424999999999999,1.1500000000000021
3.0018160608741584,11.424999999999999,1.1500000000000021
3.0028160608741583,11.424999999999999,1.1500000000000021
3.003816060874158,11.424999999999999,1.1500000000000021
3.004816060874158,11.424999999999999,1.1500000000000021
3.005816060874158,11.424999999999999,1.1500000000000021
3.006816060874158,11.424999999999999,1.1500000000000021
3.0078160608741578,11.424999999999999,1.1500000000000021
3.0088160608741576,11.424999999999999,1.1500000000000021
3.0098160608741575,11.424999999999999,1.1500000000000021
3.0108160608741574,11.424999999999999,1.1500000000000021
3.0118160608741573,11.424999999999999,1.1500000000000021
3.012816060874157,11.424999999999999,1.1500000000000021
3.013816060874157,11.424999999999999,1.1500000000000021
3.014816060874157,11.424999999999999,1.1500000000000021
3.015816060874157,11.424999999999999,1.1500000000000021
3.0168160608741568,11.424999999999999,1.1500000000000021
3.0178160608741567,11.424999999999999,1.1500000000000021
3.0188160608741565,11.424999999999999,1.1500000000000021
3.0198160608741564,11.424999999999999,1.1500000000000021
3.0208160608741563,11.424999999999999,1.1500000000000021
3.021816060874156,11.424999999999999,1.1500000000000021
3.022816060874156,11.424999999999999,1.1500000000000021
3.023816060874156,11.424999999999999,1.1500000000000021
3.024816060874156,11.424999999999999,1.1500000000000021
3.0258160608741558,11.424999999999999,1.1500000000000021
3.0268160608741557,11.424999999999999,1.1500000000000021
3.0278160608741556,11.424999999999999,1.1500000000000021
3.0288160608741554,11.424999999999999,1.1500000000000021
3.0298160608741553,11.424999999999999,1.1500000000000021
3.0308160608741552,11.424999999999999,1.1500000000000021
3.031816060874155,11.424999999999999,1.1500000000000021
3.032816060874155,11.424999999999999,1.1500000000000021
3.033816060874155,11.424999999999999,1.1500000000000021
3.034816060874155,11.424999999999999,1.1500000000000021
3.0358160608741547,11.424999999999999,1.1500000000000021
3.0368160608741546,11.424999999999999,1.1500000000000021
3.0378160608741545,11.424999999999999,1.1500000000000021
3.0388160608741543,11.424999999999999,1.1500000000000021
3.0398160608741542,11.424999999999999,1.1500000000000021
3.040816060874154,11.424999999999999,1.1500000000000021
3.041816060874154,11.424999999999999,1.1500000000000021
3.042816060874154,11.424999999999999,1.1500000000000021
3.043816060874154,11.424999999999999,1.1500000000000021
3.0448160608741537,11.424999999999999,1.1500000000000021
3.0458160608741536,11.424999999999999,1.1500000000000021
3.0468160608741535,11.424999999999999,1.1500000000000021
3.0478160608741534,11.424999999999999,1.1500000000000021
3.0488160608741532,11.424999999999999,1.1500000000000021
3.049816060874153,11.424999999999999,1.1500000000000021
3.050816060874153,11.424999999999999,1.1500000000000021
3.051816060874153,11.424999999999999,1.1500000000000021
3.052816060874153,11.424999999999999,1.1500000000000021
3.0538160608741527,11.424999999999999,1.1500000000000021
3.0548160608741526,11.424999999999999,1.1500000000000021
3.0558160608741525,11.424999999999999,1.1500000000000021
3.0568160608741524,11.424999999999999,1.1500000000000021
3.0578160608741523,11.424999999999999,1.1500000000000021
3.058816060874152,11.424999999999999,1.1500000000000021
3.059816060874152,11.424999999999999,1.1500000000000021
3.060816060874152,11.424999999999999,1.1500000000000021
3.061816060874152,11.424999999999999,1.1500000000000021
3.0628160608741517,11.424999999999999,1.1500000000000021
3.0638160608741516,11.424999999999999,1.1500000000000021
3.0648160608741515,11.424999999999999,1.1500000000000021
3.0658160608741514,11.424999999999999,1.1500000000000021
3.0668160608741513,11.424999999999999,1.1500000000000021
3.067816060874151,11.424999999999999,1.1500000000000021
3.068816060874151,11.424999999999999,1.1500000000000021
3.069816060874151,11.424999999999999,1.1500000000000021
3.070816060874151,11.424999999999999,1.1500000000000021
3.0718160608741507,11.424999999999999,1.1500000000000021
3.0728160608741506,11.424999999999999,1.1500000000000021
3.0738160608741505,11.424999999999999,1.1500000000000021
3.0748160608741504,11.424999999999999,1.1500000000000021
3.0758160608741503,11.424999999999999,1.1500000000000021
3.07681606087415,11.424999999999999,1.1500000000000021
3.07781606087415,11.424999999999999,1.1500000000000021
3.07881606087415,11.424999999999999,1.1500000000000021
3.07981606087415,11.424999999999999,1.1500000000000021
3.0808160608741497,11.424999999999999,1.1500000000000021
3.0818160608741496,11.424999999999999,1.1500000000000021
3.0828160608741495,11.424999999999999,1.1500000000000021
3.0838160608741494,11.424999999999999,1.1500000000000021
3.0848160608741493,11.424999999999999,1.1500000000000021
3.085816060874149,11.424999999999999,1.1500000000000021
3.086816060874149,11.424999999999999,1.1500000000000021
3.087816060874149,11.424999999999999,1.1500000000000021
3.088816060874149,11.424999999999999,1.1500000000000021
3.0898160608741487,11.424999999999999,1.1500000000000021
3.0908160608741486,11.424999999999999,1.1500000000000021
3.0918160608741485,11.424999999999999,1.1500000000000021
3.0928160608741484,11.424999999999999,1.1500000000000021
3.0938160608741483,11.424999999999999,1.1500000000000021
3.094816060874148,11.424999999999999,1.1500000000000021
3.095816060874148,11.424999999999999,1.1500000000000021
3.096816060874148,11.424999999999999,1.1500000000000021
3.097816060874148,11.424999999999999,1.1500000000000021
3.0988160608741477,11.424999999999999,1.1500000000000021
3.0998160608741476,11.424999999999999,1.1500000000000021
3.1008160608741475,11.424999999999999,1.1500000000000021
3.1018160608741474,11.424999999999999,1.1500000000000021
3.1028160608741473,11.424999999999999,1.1500000000000021
3.103816060874147,11.424999999999999,1.1500000000000021
3.104816060874147,11.424999999999999,1.1500000000000021
3.105816060874147,11.424999999999999,1.1500000000000021
3.106816060874147,11.424999999999999,1.1500000000000021
3.1078160608741467,11.424999999999999,1.1500000000000021
3.1088160608741466,11.424999999999999,1.1500000000000021
3.1098160608741465,11.424999999999999,1.1500000000000021
3.1108160608741464,11.424999999999999,1.1500000000000021
3.1118160608741463,11.424999999999999,1.1500000000000021
3.112816060874146,11.424999999999999,1.1500000000000021
3.113816060874146,11.424999999999999,1.1500000000000021
3.114816060874146,11.424999999999999,1.1500000000000021
3.115816060874146,11.424999999999999,1.1500000000000021
3.1168160608741458,11.424999999999999,1.1500000000000021
3.1178160608741456,11.424999999999999,1.1500000000000021
3.1188160608741455,11.424999999999999,1.1500000000000021
3.1198160608741454,11.424999999999999,1.1500000000000021
3.1208160608741453,11.424999999999999,1.1500000000000021
3.121816060874145,11.424999999999999,1.1500000000000021
3.122816060874145,11.424999999999999,1.1500000000000021
3.123816060874145,11.424999999999999,1.1500000000000021
3.124816060874145,11.424999999999999,1.1500000000000021
3.1258160608741448,11.424999999999999,1.1500000000000021
3.1268160608741447,11.424999999999999,1.1500000000000021
3.1278160608741445,11.424999999999999,1.1500000000000021
3.1288160608741444,11.424999999999999,1.1500000000000021
3.1298160608741443,11.424999999999999,1.1500000000000021
3.130816060874144,11.424999999999999,1.1500000000000021
3.131816060874144,11.424999999999999,1.1500000000000021
3.132816060874144,11.424999999999999,1.1500000000000021
3.133816060874144,11.424999999999999,1.1500000000000021
3.1348160608741438,11.424999999999999,1.1500000000000021
3.1358160608741437,11.424999999999999,1.1500000000000021
3.1368160608741436,11.424999999999999,1.1500000000000021
3.1378160608741434,11.424999999999999,1.1500000000000021
3.1388160608741433,11.424999999999999,1.1500000000000021
3.139816060874143,11.424999999999999,1.1500000000000021
3.140816060874143,11.424999999999999,1.1500000000000021
3.141816060874143,11.424999999999999,1.1500000000000021
3.142816060874143,11.424999999999999,1.1500000000000021
3.143816060874143,11.424999999999999,1.1500000000000021
3.1448160608741427,11.424999999999999,1.1500000000000021
3.1458160608741426,11.424999999999999,1.1500000000000021
3.1468160608741425,11.424999999999999,1.1500000000000021
3.1478160608741423,11.424999999999999,1.1500000000000021
3.1488160608741422,11.424999999999999,1.1500000000000021
3.149816060874142,11.424999999999999,1.1500000000000021
3.150816060874142,11.424999999999999,1.1500000000000021
3.151816060874142,11.424999999999999,1.1500000000000021
3.152816060874142,11.424999999999999,1.1500000000000021
3.1538160608741417,11.424999999999999,1.1500000000000021
3.1548160608741416,11.424999999999999,1.1500000000000021
3.1558160608741415,11.424999999999999,1.1500000000000021
3.1568160608741413,11.424999999999999,1.1500000000000021
3.1578160608741412,11.424999999999999,1.1500000000000021
3.158816060874141,11.424999999999999,1.1500000000000021
3.159816060874141,11.424999999999999,1.1500000000000021
3.160816060874141,11.424999999999999,1.1500000000000021
3.161816060874141,11.424999999999999,1.1500000000000021
3.1628160608741407,11.424999999999999,1.1500000000000021
3.1638160608741406,11.424999999999999,1.1500000000000021
3.1648160608741405,11.424999999999999,1.1500000000000021
3.1658160608741404,11.424999999999999,1.1500000000000021
3.1668160608741402,11.424999999999999,1.1500000000000021
3.16781606087414,11.424999999999999,1.1500000000000021
3.16881606087414,11.424999999999999,1.1500000000000021
3.16981606087414,11.424999999999999,1.1500000000000021
3.17081606087414,11.424999999999999,1.1500000000000021
3.1718160608741397,11.424999999999999,1.1500000000000021
3.1728160608741396,11.424999999999999,1.1500000000000021
3.1738160608741395,11.424999999999999,1.1500000000000021
3.1748160608741394,11.424999999999999,1.1500000000000021
3.1758160608741393,11.424999999999999,1.1500000000000021
3.176816060874139,11.424999999999999,1.1500000000000021
3.177816060874139,11.424999999999999,1.1500000000000021
3.178816060874139,11.424999999999999,1.1500000000000021
3.179816060874139,11.424999999999999,1.1500000000000021
3.1808160608741387,11.424999999999999,1.1500000000000021
3.1818160608741386,11.424999999999999,1.1500000000000021
3.1828160608741385,11.424999999999999,1.1500000000000021
3.1838160608741384,11.424999999999999,1.1500000000000021
3.1848160608741383,11.424999999999999,1.1500000000000021
3.185816060874138,11.424999999999999,1.1500000000000021
3.186816060874138,11.424999999999999,1.1500000000000021
3.187816060874138,11.424999999999999,1.1500000000000021
3.188816060874138,11.424999999999999,1.1500000000000021
3.1898160608741377,11.424999999999999,1.1500000000000021
3.1908160608741376,11.424999999999999,1.1500000000000021
3.1918160608741375,11.424999999999999,1.1500000000000021
3.1928160608741374,11.424999999999999,1.1500000000000021
3.1938160608741373,11.424999999999999,1.1500000000000021
3.194816060874137,11.424999999999999,1.1500000000000021
3.195816060874137,11.424999999999999,1.1500000000000021
3.196816060874137,11.424999999999999,1.1500000000000021
3.197816060874137,11.424999999999999,1.1500000000000021
3.1988160608741367,11.424999999999999,1.1500000000000021
3.1998160608741366,11.424999999999999,1.1500000000000021
3.2008160608741365,11.424999999999999,1.1500000000000021
3.2018160608741364,11.424999999999999,1.1500000000000021
3.2028160608741363,11.424999999999999,1.1500000000000021
3.203816060874136,11.424999999999999,1.1500000000000021
3.204816060874136,11.424999999999999,1.1500000000000021
3.205816060874136,11.424999999999999,1.1500000000000021
3.206816060874136,11.424999999999999,1.1500000000000021
3.2078160608741357,11.424999999999999,1.1500000000000021
3.2088160608741356,11.424999999999999,1.1500000000000021
3.2098160608741355,11.424999999999999,1.1500000000000021
3.2108160608741354,11.424999999999999,1.1500000000000021
3.2118160608741353,11.424999999999999,1.1500000000000021
3.212816060874135,11.424999999999999,1.1500000000000021
3.213816060874135,11.424999999999999,1.1500000000000021
3.214816060874135,11.424999999999999,1.1500000000000021
3.215816060874135,11.424999999999999,1.1500000000000021
3.2168160608741347,11.424999999999999,1.1500000000000021
3.2178160608741346,11.424999999999999,1.1500000000000021
3.2188160608741345,11.424999999999999,1.1500000000000021
3.2198160608741344,11.424999999999999,1.1500000000000021
3.2208160608741343,11.424999999999999,1.1500000000000021
3.221816060874134,11.424999999999999,1.1500000000000021
3.222816060874134,11.424999999999999,1.1500000000000021
3.223816060874134,11.424999999999999,1.1500000000000021
3.224816060874134,11.424999999999999,1.1500000000000021
3.2258160608741338,11.424999999999999,1.1500000000000021
3.2268160608741336,11.424999999999999,1.1500000000000021
3.2278160608741335,11.424999999999999,1.1500000000000021
3.2288160608741334,11.424999999999999,1.1500000000000021
3.2298160608741333,11.424999999999999,1.1500000000000021
3.230816060874133,11.424999999999999,1.1500000000000021
3.231816060874133,11.424999999999999,1.1500000000000021
3.232816060874133,11.424999999999999,1.1500000000000021
3.233816060874133,11.424999999999999,1.1500000000000021
3.2348160608741328,11.424999999999999,1.1500000000000021
3.2358160608741326,11.424999999999999,1.1500000000000021
3.2368160608741325,11.424999999999999,1.1500000000000021
3.2378160608741324,11.424999999999999,1.1500000000000021
3.2388160608741323,11.424999999999999,1.1500000000000021
3.239816060874132,11.424999999999999,1.1500000000000021
3.240816060874132,11.424999999999999,1.1500000000000021
3.241816060874132,11.424999999999999,1.1500000000000021
3.242816060874132,11.424999999999999,1.1500000000000021
3.2438160608741318,11.424999999999999,1.1500000000000021
3.2448160608741317,11.424999999999999,1.1500000000000021
3.2458160608741315,11.424999999999999,1.1500000000000021
3.2468160608741314,11.424999999999999,1.1500000000000021
3.2478160608741313,11.424999999999999,1.1500000000000021
3.248816060874131,11.424999999999999,1.1500000000000021
3.249816060874131,11.424999999999999,1.1500000000000021
3.250816060874131,11.424999999999999,1.1500000000000021
3.251816060874131,11.424999999999999,1.1500000000000021
3.2528160608741308,11.424999999999999,1.1500000000000021
3.2538160608741307,11.424999999999999,1.1500000000000021
3.2548160608741306,11.424999999999999,1.1500000000000021
3.2558160608741304,11.424999999999999,1.1500000000000021
3.2568160608741303,11.424999999999999,1.1500000000000021
3.2578160608741302,11.424999999999999,1.1500000000000021
3.25881606087413,11.424999999999999,1.1500000000000021
3.25981606087413,11.424999999999999,1.1500000000000021
3.26081606087413,11.424999999999999,1.1500000000000021
3.26181606087413,11.424999999999999,1.1500000000000021
3.2628160608741297,11.424999999999999,1.1500000000000021
3.2638160608741296,11.424999999999999,1.1500000000000021
3.2648160608741295,11.424999999999999,1.1500000000000021
3.2658160608741293,11.424999999999999,1.1500000000000021
3.2668160608741292,11.424999999999999,1.1500000000000021
3.267816060874129,11.424999999999999,1.1500000000000021
3.268816060874129,11.424999999999999,1.1500000000000021
3.269816060874129,11.424999999999999,1.1500000000000021
3.270816060874129,11.424999999999999,1.1500000000000021
3.2718160608741287,11.424999999999999,1.1500000000000021
3.2728160608741286,11.424999999999999,1.1500000000000021
3.2738160608741285,11.424999999999999,1.1500000000000021
3.2748160608741284,11.424999999999999,1.1500000000000021
3.2758160608741282,11.424999999999999,1.1500000000000021
3.276816060874128,11.424999999999999,1.1500000000000021
3.277816060874128,11.424999999999999,1.1500000000000021
3.278816060874128,11.424999999999999,1.1500000000000021
3.279816060874128,11.424999999999999,1.1500000000000021
3.2808160608741277,11.424999999999999,1.1500000000000021
3.2818160608741276,11.424999999999999,1.1500000000000021
3.2828160608741275,11.424999999999999,1.1500000000000021
3.2838160608741274,11.424999999999999,1.1500000000000021
3.2848160608741273,11.424999999999999,1.1500000000000021
3.285816060874127,11.424999999999999,1.1500000000000021
3.286816060874127,11.424999999999999,1.1500000000000021
3.287816060874127,11.424999999999999,1.1500000000000021
3.288816060874127,11.424999999999999,1.1500000000000021
3.2898160608741267,11.424999999999999,1.1500000000000021
3.2908160608741266,11.424999999999999,1.1500000000000021
3.2918160608741265,11.424999999999999,1.1500000000000021
3.2928160608741264,11.424999999999999,1.1500000000000021
3.2938160608741263,11.424999999999999,1.1500000000000021
3.294816060874126,11.424999999999999,1.1500000000000021
3.295816060874126,11.424999999999999,1.1500000000000021
3.296816060874126,11.424999999999999,1.1500000000000021
3.297816060874126,11.424999999999999,1.1500000000000021
3.2988160608741257,11.424999999999999,1.1500000000000021
3.2998160608741256,11.424999999999999,1.1500000000000021
3.3008160608741255,11.424999999999999,1.1500000000000021
3.3018160608741254,11.424999999999999,1.1500000000000021
3.3028160608741253,11.424999999999999,1.1500000000000021
3.303816060874125,11.424999999999999,1.1500000000000021
3.304816060874125,11.424999999999999,1.1500000000000021
3.305816060874125,11.424999999999999,1.1500000000000021
3.306816060874125,11.424999999999999,1.1500000000000021
3.3078160608741247,11.424999999999999,1.1500000000000021
3.3088160608741246,11.424999999999999,1.1500000000000021
3.3098160608741245,11.424999999999999,1.1500000000000021
3.3108160608741244,11.424999999999999,1.1500000000000021
3.3118160608741243,11.424999999999999,1.1500000000000021
3.312816060874124,11.424999999999999,1.1500000000000021
3.313816060874124,11.424999999999999,1.1500000000000021
3.314816060874124,11.424999999999999,1.1500000000000021
3.315816060874124,11.424999999999999,1.1500000000000021
3.3168160608741237,11.424999999999999,1.1500000000000021
3.3178160608741236,11.424999999999999,1.1500000000000021
3.3188160608741235,11.424999999999999,1.1500000000000021
3.3198160608741234,11.424999999999999,1.1500000000000021
3.3208160608741233,11.424999999999999,1.1500000000000021
3.321816060874123,11.424999999999999,1.1500000000000021
3.322816060874123,11.424999999999999,1.1500000000000021
3.323816060874123,11.424999999999999,1.1500000000000021
3.324816060874123,11.424999999999999,1.1500000000000021
3.3258160608741227,11.424999999999999,1.1500000000000021
3.3268160608741226,11.424999999999999,1.1500000000000021
3.3278160608741225,11.424999999999999,1.1500000000000021
3.3288160608741224,11.424999999999999,1.1500000000000021
3.3298160608741223,11.424999999999999,1.1500000000000021
3.330816060874122,11.424999999999999,1.1500000000000021
3.331816060874122,11.424999999999999,1.1500000000000021
3.332816060874122,11.424999999999999,1.1500000000000021
3.333816060874122,11.424999999999999,1.1500000000000021
3.3348160608741217,11.424999999999999,1.1500000000000021
3.3358160608741216,11.424999999999999,1.1500000000000021
3.3368160608741215,11.424999999999999,1.1500000000000021
3.3378160608741214,11.424999999999999,1.1500000000000021
3.3388160608741213,11.424999999999999,1.1500000000000021
3.339816060874121,11.424999999999999,1.1500000000000021
3.340816060874121,11.424999999999999,1.1500000000000021
3.341816060874121,11.424999999999999,1.1500000000000021
3.342816060874121,11.424999999999999,1.1500000000000021
3.3438160608741208,11.424999999999999,1.1500000000000021
3.3448160608741206,11.424999999999999,1.1500000000000021
3.3458160608741205,11.424999999999999,1.1500000000000021
3.3468160608741204,11.424999999999999,1.1500000000000021
3.3478160608741203,11.424999999999999,1.1500000000000021
3.34881606087412,11.424999999999999,1.1500000000000021
3.34981606087412,11.424999999999999,1.1500000000000021
3.35081606087412,11.424999999999999,1.1500000000000021
3.35181606087412,11.424999999999999,1.1500000000000021
3.3528160608741198,11.424999999999999,1.1500000000000021
3.3538160608741197,11.424999999999999,1.1500000000000021
3.3548160608741195,11.424999999999999,1.1500000000000021
3.3558160608741194,11.424999999999999,1.1500000000000021
3.3568160608741193,11.424999999999999,1.1500000000000021
3.357816060874119,11.424999999999999,1.1500000000000021
3.358816060874119,11.424999999999999,1.1500000000000021
3.359816060874119,11.424999999999999,1.1500000000000021
3.360816060874119,11.424999999999999,1.1500000000000021
3.3618160608741188,11.424999999999999,1.1500000000000021
3.3628160608741187,11.424999999999999,1.1500000000000021
3.3638160608741186,11.424999999999999,1.1500000000000021
3.3648160608741184,11.424999999999999,1.1500000000000021
3.3658160608741183,11.424999999999999,1.1500000000000021
3.366816060874118,11.424999999999999,1.1500000000000021
3.367816060874118,11.424999999999999,1.1500000000000021
3.368816060874118,11.424999999999999,1.1500000000000021
3.369816060874118,11.424999999999999,1.1500000000000021
3.370816060874118,11.424999999999999,1.1500000000000021
3.3718160608741177,11.424999999999999,1.1500000000000021
3.3728160608741176,11.424999999999999,1.1500000000000021
3.3738160608741175,11.424999999999999,1.1500000000000021
3.3748160608741173,11.424999999999999,1.1500000000000021
3.3758160608741172,11.424999999999999,1.1500000000000021
3.376816060874117,11.424999999999999,1.1500000000000021
3.377816060874117,11.424999999999999,1.1500000000000021
3.378816060874117,11.424999999999999,1.1500000000000021
3.379816060874117,11.424999999999999,1.1500000000000021
3.3808160608741167,11.424999999999999,1.1500000000000021
3.3818160608741166,11.424999999999999,1.1500000000000021
3.3828160608741165,11.424999999999999,1.1500000000000021
3.3838160608741163,11.424999999999999,1.1500000000000021
3.3848160608741162,11.424999999999999,1.1500000000000021
3.385816060874116,11.424999999999999,1.1500000000000021
3.386816060874116,11.424999999999999,1.1500000000000021
3.387816060874116,11.424999999999999,1.1500000000000021
3.388816060874116,11.424999999999999,1.1500000000000021
3.3898160608741157,11.424999999999999,1.1500000000000021
3.3908160608741156,11.424999999999999,1.1500000000000021
3.3918160608741155,11.424999999999999,1.1500000000000021
3.3928160608741154,11.424999999999999,1.1500000000000021
3.3938160608741152,11.424999999999999,1.1500000000000021
3.394816060874115,11.424999999999999,1.1500000000000021
3.395816060874115,11.424999999999999,1.1500000000000021
3.396816060874115,11.424999999999999,1.1500000000000021
3.397816060874115,11.424999999999999,1.1500000000000021
3.3988160608741147,11.424999999999999,1.1500000000000021
3.3998160608741146,11.424999999999999,1.1500000000000021
3.4008160608741145,11.424999999999999,1.1500000000000021
3.4018160608741144,11.424999999999999,1.1500000000000021
3.4028160608741143,11.424999999999999,1.1500000000000021
3.403816060874114,11.424999999999999,1.1500000000000021
3.404816060874114,11.424999999999999,1.1500000000000021
3.405816060874114,11.424999999999999,1.1500000000000021
3.406816060874114,11.424999999999999,1.1500000000000021
3.4078160608741137,11.424999999999999,1.1500000000000021
3.4088160608741136,11.424999999999999,1.1500000000000021
3.4098160608741135,11.424999999999999,1.1500000000000021
3.4108160608741134,11.424999999999999,1.1500000000000021
3.4118160608741133,11.424999999999999,1.1500000000000021
3.412816060874113,11.424999999999999,1.1500000000000021
3.413816060874113,11.424999999999999,1.1500000000000021
3.414816060874113,11.424999999999999,1.1500000000000021
3.415816060874113,11.424999999999999,1.1500000000000021
3.4168160608741127,11.424999999999999,1.1500000000000021
3.4178160608741126,11.424999999999999,1.1500000000000021
3.4188160608741125,11.424999999999999,1.1500000000000021
3.4198160608741124,11.424999999999999,1.1500000000000021
3.4208160608741123,11.424999999999999,1.1500000000000021
3.421816060874112,11.424999999999999,1.1500000000000021
3.422816060874112,11.424999999999999,1.1500000000000021
3.423816060874112,11.424999999999999,1.1500000000000021
3.424816060874112,11.424999999999999,1.1500000000000021
3.4258160608741117,11.424999999999999,1.1500000000000021
3.4268160608741116,11.424999999999999,1.1500000000000021
3.4278160608741115,11.424999999999999,1.1500000000000021
3.4288160608741114,11.424999999999999,1.1500000000000021
3.4298160608741113,11.424999999999999,1.1500000000000021
3.430816060874111,11.424999999999999,1.1500000000000021
3.431816060874111,11.424999999999999,1.1500000000000021
3.432816060874111,11.424999999999999,1.1500000000000021
3.433816060874111,11.424999999999999,1.1500000000000021
3.4348160608741107,11.424999999999999,1.1500000000000021
3.4358160608741106,11.424999999999999,1.1500000000000021
3.4368160608741105,11.424999999999999,1.1500000000000021
3.4378160608741104,11.424999999999999,1.1500000000000021
3.4388160608741103,11.424999999999999,1.1500000000000021
3.43981606087411,11.424999999999999,1.1500000000000021
3.44081606087411,11.424999999999999,1.1500000000000021
3.44181606087411,11.424999999999999,1.1500000000000021
3.44281606087411,11.424999999999999,1.1500000000000021
3.4438160608741097,11.424999999999999,1.1500000000000021
3.4448160608741096,11.424999999999999,1.1500000000000021
3.4458160608741095,11.424999999999999,1.1500000000000021
3.4468160608741094,11.424999999999999,1.1500000000000021
3.4478160608741093,11.424999999999999,1.1500000000000021
3.448816060874109,11.424999999999999,1.1500000000000021
3.449816060874109,11.424999999999999,1.1500000000000021
3.450816060874109,11.424999999999999,1.1500000000000021
3.451816060874109,11.424999999999999,1.1500000000000021
3.4528160608741088,11.424999999999999,1.1500000000000021
3.4538160608741086,11.424999999999999,1.1500000000000021
3.4548160608741085,11.424999999999999,1.1500000000000021
3.4558160608741084,11.424999999999999,1.1500000000000021
3.4568160608741083,11.424999999999999,1.1500000000000021
3.457816060874108,11.424999999999999,1.1500000000000021
3.458816060874108,11.424999999999999,1.1500000000000021
3.459816060874108,11.424999999999999,1.1500000000000021
3.460816060874108,11.424999999999999,1.1500000000000021
3.4618160608741078,11.424999999999999,1.1500000000000021
3.4628160608741076,11.424999999999999,1.1500000000000021
3.4638160608741075,11.424999999999999,1.1500000000000021
3.4648160608741074,11.424999999999999,1.1500000000000021
3.4658160608741073,11.424999999999999,1.1500000000000021
3.466816060874107,11.424999999999999,1.1500000000000021
3.467816060874107,11.424999999999999,1.1500000000000021
3.468816060874107,11.424999999999999,1.1500000000000021
3.469816060874107,11.424999999999999,1.1500000000000021
3.4708160608741068,11.424999999999999,1.1500000000000021
3.4718160608741067,11.424999999999999,1.1500000000000021
3.4728160608741065,11.424999999999999,1.1500000000000021
3.4738160608741064,11.424999999999999,1.1500000000000021
3.4748160608741063,11.424999999999999,1.1500000000000021
3.475816060874106,11.424999999999999,1.1500000000000021
3.476816060874106,11.424999999999999,1.1500000000000021
3.477816060874106,11.424999999999999,1.1500000000000021
3.478816060874106,11.424999999999999,1.1500000000000021
3.4798160608741058,11.424999999999999,1.1500000000000021
3.4808160608741057,11.424999999999999,1.1500000000000021
3.4818160608741056,11.424999999999999,1.1500000000000021
3.4828160608741054,11.424999999999999,1.1500000000000021
3.4838160608741053,11.424999999999999,1.1500000000000021
3.4848160608741052,11.424999999999999,1.1500000000000021
3.485816060874105,11.424999999999999,1.1500000000000021
3.486816060874105,11.424999999999999,1.1500000000000021
3.487816060874105,11.424999999999999,1.1500000000000021
3.488816060874105,11.424999999999999,1.1500000000000021
3.4898160608741047,11.424999999999999,1.1500000000000021
3.4908160608741046,11.424999999999999,1.1500000000000021
3.4918160608741045,11.424999999999999,1.1500000000000021
3.4928160608741043,11.424999999999999,1.1500000000000021
3.4938160608741042,11.424999999999999,1.1500000000000021
3.494816060874104,11.424999999999999,1.1500000000000021
3.495816060874104,11.424999999999999,1.1500000000000021
3.496816060874104,11.424999999999999,1.1500000000000021
3.497816060874104,11.424999999999999,1.1500000000000021
3.4988160608741037,11.424999999999999,1.1500000000000021
3.4998160608741036,11.424999999999999,1.1500000000000021
3.5008160608741035,11.424999999999999,1.1500000000000021
3.5018160608741034,11.424999999999999,1.1500000000000021
3.5028160608741032,11.424999999999999,1.1500000000000021
3.503816060874103,11.424999999999999,1.1500000000000021
3.504816060874103,11.424999999999999,1.1500000000000021
3.505816060874103,11.424999999999999,1.1500000000000021
3.506816060874103,11.424999999999999,1.1500000000000021
3.5078160608741027,11.424999999999999,1.1500000000000021
3.5088160608741026,11.424999999999999,1.1500000000000021
3.5098160608741025,11.424999999999999,1.1500000000000021
3.5108160608741024,11.424999999999999,1.1500000000000021
3.5118160608741023,11.424999999999999,1.1500000000000021
3.512816060874102,11.424999999999999,1.1500000000000021
3.513816060874102,11.424999999999999,1.1500000000000021
3.514816060874102,11.424999999999999,1.1500000000000021
3.515816060874102,11.424999999999999,1.1500000000000021
3.5168160608741017,11.424999999999999,1.1500000000000021
3.5178160608741016,11.424999999999999,1.1500000000000021
3.5188160608741015,11.424999999999999,1.1500000000000021
3.5198160608741014,11.424999999999999,1.1500000000000021
3.5208160608741013,11.424999999999999,1.1500000000000021
3.521816060874101,11.424999999999999,1.1500000000000021
3.522816060874101,11.424999999999999,1.1500000000000021
3.523816060874101,11.424999999999999,1.1500000000000021
3.524816060874101,11.424999999999999,1.1500000000000021
3.5258160608741007,11.424999999999999,1.1500000000000021
3.5268160608741006,11.424999999999999,1.1500000000000021
3.5278160608741005,11.424999999999999,1.1500000000000021
3.5288160608741004,11.424999999999999,1.1500000000000021
3.5298160608741003,11.424999999999999,1.1500000000000021
3.5308160608741,11.424999999999999,1.1500000000000021
3.5318160608741,11.424999999999999,1.1500000000000021
3.5328160608741,11.424999999999999,1.1500000000000021
3.5338160608741,11.424999999999999,1.1500000000000021
3.5348160608740997,11.424999999999999,1.1500000000000021
3.5358160608740996,11.424999999999999,1.1500000000000021
3.5368160608740995,11.424999999999999,1.1500000000000021
3.5378160608740994,11.424999999999999,1.1500000000000021
3.5388160608740993,11.424999999999999,1.1500000000000021
3.539816060874099,11.424999999999999,1.1500000000000021
3.540816060874099,11.424999999999999,1.1500000000000021
3.541816060874099,11.424999999999999,1.1500000000000021
3.542816060874099,11.424999999999999,1.1500000000000021
3.5438160608740987,11.424999999999999,1.1500000000000021
3.5448160608740986,11.424999999999999,1.1500000000000021
3.5458160608740985,11.424999999999999,1.1500000000000021
3.5468160608740984,11.424999999999999,1.1500000000000021
3.5478160608740983,11.424999999999999,1.1500000000000021
3.548816060874098,11.424999999999999,1.1500000000000021
3.549816060874098,11.424999999999999,1.1500000000000021
3.550816060874098,11.424999999999999,1.1500000000000021
3.551816060874098,11.424999999999999,1.1500000000000021
3.5528160608740977,11.424999999999999,1.1500000000000021
3.5538160608740976,11.424999999999999,1.1500000000000021
3.5548160608740975,11.424999999999999,1.1500000000000021
3.5558160608740974,11.424999999999999,1.1500000000000021
3.5568160608740973,11.424999999999999,1.1500000000000021
3.557816060874097,11.424999999999999,1.1500000000000021
3.558816060874097,11.424999999999999,1.1500000000000021
3.559816060874097,11.424999999999999,1.1500000000000021
3.560816060874097,11.424999999999999,1.1500000000000021
3.5618160608740967,11.424999999999999,1.1500000000000021
3.5628160608740966,11.424999999999999,1.1500000000000021
3.5638160608740965,11.424999999999999,1.1500000000000021
3.5648160608740964,11.424999999999999,1.1500000000000021
3.5658160608740963,11.424999999999999,1.1500000000000021
3.566816060874096,11.424999999999999,1.1500000000000021
3.567816060874096,11.424999999999999,1.1500000000000021
3.568816060874096,11.424999999999999,1.1500000000000021
3.569816060874096,11.424999999999999,1.1500000000000021
3.5708160608740958,11.424999999999999,1.1500000000000021
3.5718160608740956,11.424999999999999,1.1500000000000021
3.5728160608740955,11.424999999999999,1.1500000000000021
3.5738160608740954,11.424999999999999,1.1500000000000021
3.5748160608740953,11.424999999999999,1.1500000000000021
3.575816060874095,11.424999999999999,1.1500000000000021
3.576816060874095,11.424999999999999,1.1500000000000021
3.577816060874095,11.424999999999999,1.1500000000000021
3.578816060874095,11.424999999999999,1.1500000000000021
3.5798160608740948,11.424999999999999,1.1500000000000021
3.5808160608740947,11.424999999999999,1.1500000000000021
3.5818160608740945,11.424999999999999,1.1500000000000021
3.5828160608740944,11.424999999999999,1.1500000000000021
3.5838160608740943,11.424999999999999,1.1500000000000021
3.584816060874094,11.424999999999999,1.1500000000000021
3.585816060874094,11.424999999999999,1.1500000000000021
3.586816060874094,11.424999999999999,1.1500000000000021
3.587816060874094,11.424999999999999,1.1500000000000021
3.5888160608740938,11.424999999999999,1.1500000000000021
3.5898160608740937,11.424999999999999,1.1500000000000021
3.5908160608740936,11.424999999999999,1.1500000000000021
3.5918160608740934,11.424999999999999,1.1500000000000021
3.5928160608740933,11.424999999999999,1.1500000000000021
3.593816060874093,11.424999999999999,1.1500000000000021
3.594816060874093,11.424999999999999,1.1500000000000021
3.595816060874093,11.424999999999999,1.1500000000000021
3.596816060874093,11.424999999999999,1.1500000000000021
3.597816060874093,11.424999999999999,1.1500000000000021
3.5988160608740927,11.424999999999999,1.1500000000000021
3.5998160608740926,11.424999999999999,1.1500000000000021
3.6008160608740925,11.424999999999999,1.1500000000000021
3.6018160608740923,11.424999999999999,1.1500000000000021
3.6028160608740922,11.424999999999999,1.1500000000000021
3.603816060874092,11.424999999999999,1.1500000000000021
3.604816060874092,11.424999999999999,1.1500000000000021
3.605816060874092,11.424999999999999,1.1500000000000021
3.606816060874092,11.424999999999999,1.1500000000000021
3.6078160608740917,11.424999999999999,1.1500000000000021
3.6088160608740916,11.424999999999999,1.1500000000000021
3.6098160608740915,11.424999999999999,1.1500000000000021
3.6108160608740913,11.424999999999999,1.1500000000000021
3.6118160608740912,11.424999999999999,1.1500000000000021
3.612816060874091,11.424999999999999,1.1500000000000021
3.613816060874091,11.424999999999999,1.1500000000000021
3.614816060874091,11.424999999999999,1.1500000000000021
3.615816060874091,11.424999999999999,1.1500000000000021
3.6168160608740907,11.424999999999999,1.1500000000000021
3.6178160608740906,11.424999999999999,1.1500000000000021
3.6188160608740905,11.424999999999999,1.1500000000000021
3.6198160608740904,11.424999999999999,1.1500000000000021
3.6208160608740902,11.424999999999999,1.1500000000000021
3.62181606087409,11.424999999999999,1.1500000000000021
3.62281606087409,11.424999999999999,1.1500000000000021
3.62381606087409,11.424999999999999,1.1500000000000021
3.62481606087409,11.424999999999999,1.1500000000000021
3.6258160608740897,11.424999999999999,1.1500000000000021
3.6268160608740896,11.424999999999999,1.1500000000000021
3.6278160608740895,11.424999999999999,1.1500000000000021
3.6288160608740894,11.424999999999999,1.1500000000000021
3.6298160608740893,11.424999999999999,1.1500000000000021
3.630816060874089,11.424999999999999,1.1500000000000021
3.631816060874089,11.424999999999999,1.1500000000000021
3.632816060874089,11.424999999999999,1.1500000000000021
3.633816060874089,11.424999999999999,1.1500000000000021
3.6348160608740887,11.424999999999999,1.1500000000000021
3.6358160608740886,11.424999999999999,1.1500000000000021
3.6368160608740885,11.424999999999999,1.1500000000000021
3.6378160608740884,11.424999999999999,1.1500000000000021
3.6388160608740883,11.424999999999999,1.1500000000000021
3.639816060874088,11.424999999999999,1.1500000000000021
3.640816060874088,11.424999999999999,1.1500000000000021
3.641816060874088,11.424999999999999,1.1500000000000021
3.642816060874088,11.424999999999999,1.1500000000000021
3.6438160608740877,11.424999999999999,1.1500000000000021
3.6448160608740876,11.424999999999999,1.1500000000000021
3.6458160608740875,11.424999999999999,1.1500000000000021
3.6468160608740874,11.424999999999999,1.1500000000000021
3.6478160608740873,11.424999999999999,1.1500000000000021
3.648816060874087,11.424999999999999,1.1500000000000021
3.649816060874087,11.424999999999999,1.1500000000000021
3.650816060874087,11.424999999999999,1.1500000000000021
3.651816060874087,11.424999999999999,1.1500000000000021
3.6528160608740867,11.424999999999999,1.1500000000000021
3.6538160608740866,11.424999999999999,1.1500000000000021
3.6548160608740865,11.424999999999999,1.1500000000000021
3.6558160608740864,11.424999999999999,1.1500000000000021
3.6568160608740863,11.424999999999999,1.1500000000000021
3.657816060874086,11.424999999999999,1.1500000000000021
3.658816060874086,11.424999999999999,1.1500000000000021
3.659816060874086,11.424999999999999,1.1500000000000021
3.660816060874086,11.424999999999999,1.1500000000000021
3.6618160608740857,11.424999999999999,1.1500000000000021
3.6628160608740856,11.424999999999999,1.1500000000000021
3.6638160608740855,11.424999999999999,1.1500000000000021
3.6648160608740854,11.424999999999999,1.1500000000000021
3.6658160608740853,11.424999999999999,1.1500000000000021
3.666816060874085,11.424999999999999,1.1500000000000021
3.667816060874085,11.424999999999999,1.1500000000000021
3.668816060874085,11.424999999999999,1.1500000000000021
3.669816060874085,11.424999999999999,1.1500000000000021
3.6708160608740847,11.424999999999999,1.1500000000000021
3.6718160608740846,11.424999999999999,1.1500000000000021
3.6728160608740845,11.424999999999999,1.1500000000000021
3.6738160608740844,11.424999999999999,1.1500000000000021
3.6748160608740843,11.424999999999999,1.1500000000000021
3.675816060874084,11.424999999999999,1.1500000000000021
3.676816060874084,11.424999999999999,1.1500000000000021
3.677816060874084,11.424999999999999,1.1500000000000021
3.678816060874084,11.424999999999999,1.1500000000000021
3.6798160608740837,11.424999999999999,1.1500000000000021
3.6808160608740836,11.424999999999999,1.1500000000000021
3.6818160608740835,11.424999999999999,1.1500000000000021
3.6828160608740834,11.424999999999999,1.1500000000000021
3.6838160608740833,11.424999999999999,1.1500000000000021
3.684816060874083,11.424999999999999,1.1500000000000021
3.685816060874083,11.424999999999999,1.1500000000000021
3.686816060874083,11.424999999999999,1.1500000000000021
3.687816060874083,11.424999999999999,1.1500000000000021
3.6888160608740828,11.424999999999999,1.1500000000000021
3.6898160608740826,11.424999999999999,1.1500000000000021
3.6908160608740825,11.424999999999999,1.1500000000000021
3.6918160608740824,11.424999999999999,1.1500000000000021
3.6928160608740823,11.424999999999999,1.1500000000000021
3.693816060874082,11.424999999999999,1.1500000000000021
3.694816060874082,11.424999999999999,1.1500000000000021
3.695816060874082,11.424999999999999,1.1500000000000021
3.696816060874082,11.424999999999999,1.1500000000000021
3.6978160608740818,11.424999999999999,1.1500000000000021
3.6988160608740817,11.424999999999999,1.1500000000000021
3.6998160608740815,11.424999999999999,1.1500000000000021
3.7008160608740814,11.424999999999999,1.1500000000000021
3.7018160608740813,11.424999999999999,1.1500000000000021
3.702816060874081,11.424999999999999,1.1500000000000021
3.703816060874081,11.424999999999999,1.1500000000000021
3.704816060874081,11.424999999999999,1.1500000000000021
3.705816060874081,11.424999999999999,1.1500000000000021
3.7068160608740808,11.424999999999999,1.1500000000000021
3.7078160608740807,11.424999999999999,1.1500000000000021
3.7088160608740806,11.424999999999999,1.1500000000000021
3.7098160608740804,11.424999999999999,1.1500000000000021
3.7108160608740803,11.424999999999999,1.1500000000000021
3.7118160608740802,11.424999999999999,1.1500000000000021
3.71281606087408,11.424999999999999,1.1500000000000021
3.71381606087408,11.424999999999999,1.1500000000000021
3.71481606087408,11.424999999999999,1.1500000000000021
3.71581606087408,11.424999999999999,1.1500000000000021
3.7168160608740797,11.424999999999999,1.1500000000000021
3.7178160608740796,11.424999999999999,1.1500000000000021
3.7188160608740795,11.424999999999999,1.1500000000000021
3.7198160608740793,11.424999999999999,1.1500000000000021
3.7208160608740792,11.424999999999999,1.1500000000000021
3.721816060874079,11.424999999999999,1.1500000000000021
3.722816060874079,11.424999999999999,1.1500000000000021
3.723816060874079,11.424999999999999,1.1500000000000021
3.724816060874079,11.424999999999999,1.1500000000000021
3.7258160608740787,11.424999999999999,1.1500000000000021
3.7268160608740786,11.424999999999999,1.1500000000000021
3.7278160608740785,11.424999999999999,1.1500000000000021
3.7288160608740784,11.424999999999999,1.1500000000000021
3.7298160608740782,11.424999999999999,1.1500000000000021
3.730816060874078,11.424999999999999,1.1500000000000021
3.731816060874078,11.424999999999999,1.1500000000000021
3.732816060874078,11.424999999999999,1.1500000000000021
3.733816060874078,11.424999999999999,1.1500000000000021
3.7348160608740777,11.424999999999999,1.1500000000000021
3.7358160608740776,11.424999999999999,1.1500000000000021
3.7368160608740775,11.424999999999999,1.1500000000000021
3.7378160608740774,11.424999999999999,1.1500000000000021
3.7388160608740773,11.424999999999999,1.1500000000000021
3.739816060874077,11.424999999999999,1.1500000000000021
3.740816060874077,11.424999999999999,1.1500000000000021
3.741816060874077,11.424999999999999,1.1500000000000021
3.742816060874077,11.424999999999999,1.1500000000000021
3.7438160608740767,11.424999999999999,1.1500000000000021
3.7448160608740766,11.424999999999999,1.1500000000000021
3.7458160608740765,11.424999999999999,1.1500000000000021
3.7468160608740764,11.424999999999999,1.1500000000000021
3.7478160608740763,11.424999999999999,1.1500000000000021
3.748816060874076,11.424999999999999,1.1500000000000021
3.749816060874076,11.424999999999999,1.1500000000000021
3.750816060874076,11.424999999999999,1.1500000000000021
3.751816060874076,11.424999999999999,1.1500000000000021
3.7528160608740757,11.424999999999999,1.1500000000000021
3.7538160608740756,11.424999999999999,1.1500000000000021
3.7548160608740755,11.424999999999999,1.1500000000000021
3.7558160608740754,11.424999999999999,1.1500000000000021
3.7568160608740753,11.424999999999999,1.1500000000000021
3.757816060874075,11.424999999999999,1.1500000000000021
3.758816060874075,11.424999999999999,1.1500000000000021
3.759816060874075,11.424999999999999,1.1500000000000021
3.760816060874075,11.424999999999999,1.1500000000000021
3.7618160608740747,11.424999999999999,1.1500000000000021
3.7628160608740746,11.424999999999999,1.1500000000000021
3.7638160608740745,11.424999999999999,1.1500000000000021
3.7648160608740744,11.424999999999999,1.1500000000000021
3.7658160608740743,11.424999999999999,1.1500000000000021
3.766816060874074,11.424999999999999,1.1500000000000021
3.767816060874074,11.424999999999999,1.1500000000000021
3.768816060874074,11.424999999999999,1.1500000000000021
3.769816060874074,11.424999999999999,1.1500000000000021
3.7708160608740737,11.424999999999999,1.1500000000000021
3.7718160608740736,11.424999999999999,1.1500000000000021
3.7728160608740735,11.424999999999999,1.1500000000000021
3.7738160608740734,11.424999999999999,1.1500000000000021
3.7748160608740733,11.424999999999999,1.1500000000000021
3.775816060874073,11.424999999999999,1.1500000000000021
3.776816060874073,11.424999999999999,1.1500000000000021
3.777816060874073,11.424999999999999,1.1500000000000021
3.778816060874073,11.424999999999999,1.1500000000000021
3.7798160608740727,11.424999999999999,1.1500000000000021
3.7808160608740726,11.424999999999999,1.1500000000000021
3.7818160608740725,11.424999999999999,1.1500000000000021
3.7828160608740724,11.424999999999999,1.1500000000000021
3.7838160608740723,11.424999999999999,1.1500000000000021
3.784816060874072,11.424999999999999,1.1500000000000021
3.785816060874072,11.424999999999999,1.1500000000000021
3.786816060874072,11.424999999999999,1.1500000000000021
3.787816060874072,11.424999999999999,1.1500000000000021
3.7888160608740717,11.424999999999999,1.1500000000000021
3.7898160608740716,11.424999999999999,1.1500000000000021
3.7908160608740715,11.424999999999999,1.1500000000000021
3.7918160608740714,11.424999999999999,1.1500000000000021
3.7928160608740713,11.424999999999999,1.1500000000000021
3.793816060874071,11.424999999999999,1.1500000000000021
3.794816060874071,11.424999999999999,1.1500000000000021
3.795816060874071,11.424999999999999,1.1500000000000021
3.796816060874071,11.424999999999999,1.1500000000000021
3.7978160608740708,11.424999999999999,1.1500000000000021
3.7988160608740706,11.424999999999999,1.1500000000000021
3.7998160608740705,11.424999999999999,1.1500000000000021
3.8008160608740704,11.424999999999999,1.1500000000000021
3.8018160608740703,11.424999999999999,1.1500000000000021
3.80281606087407,11.424999999999999,1.1500000000000021
3.80381606087407,11.424999999999999,1.1500000000000021
3.80481606087407,11.424999999999999,1.1500000000000021
3.80581606087407,11.424999999999999,1.1500000000000021
3.8068160608740698,11.424999999999999,1.1500000000000021
3.8078160608740697,11.424999999999999,1.1500000000000021
3.8088160608740695,11.424999999999999,1.1500000000000021
3.8098160608740694,11.424999999999999,1.1500000000000021
3.8108160608740693,11.424999999999999,1.1500000000000021
3.811816060874069,11.424999999999999,1.1500000000000021
3.812816060874069,11.424999999999999,1.1500000000000021
3.813816060874069,11.424999999999999,1.1500000000000021
3.814816060874069,11.424999999999999,1.1500000000000021
3.8158160608740688,11.424999999999999,1.1500000000000021
3.8168160608740687,11.424999999999999,1.1500000000000021
3.8178160608740686,11.424999999999999,1.1500000000000021
3.8188160608740684,11.424999999999999,1.1500000000000021
3.8198160608740683,11.424999999999999,1.1500000000000021
3.820816060874068,11.424999999999999,1.1500000000000021
3.821816060874068,11.424999999999999,1.1500000000000021
3.822816060874068,11.424999999999999,1.1500000000000021
3.823816060874068,11.424999999999999,1.1500000000000021
3.824816060874068,11.424999999999999,1.1500000000000021
3.8258160608740677,11.424999999999999,1.1500000000000021
3.8268160608740676,11.424999999999999,1.1500000000000021
3.8278160608740674,11.424999999999999,1.1500000000000021
3.8288160608740673,11.424999999999999,1.1500000000000021
3.8298160608740672,11.424999999999999,1.1500000000000021
3.830816060874067,11.424999999999999,1.1500000000000021
3.831816060874067,11.424999999999999,1.1500000000000021
3.832816060874067,11.424999999999999,1.1500000000000021
3.833816060874067,11.424999999999999,1.1500000000000021
3.8348160608740667,11.424999999999999,1.1500000000000021
3.8358160608740666,11.424999999999999,1.1500000000000021
3.8368160608740665,11.424999999999999,1.1500000000000021
3.8378160608740663,11.424999999999999,1.1500000000000021
3.8388160608740662,11.424999999999999,1.1500000000000021
3.839816060874066,11.424999999999999,1.1500000000000021
3.840816060874066,11.424999999999999,1.1500000000000021
3.841816060874066,11.424999999999999,1.1500000000000021
3.842816060874066,11.424999999999999,1.1500000000000021
3.8438160608740657,11.424999999999999,1.1500000000000021
3.8448160608740656,11.424999999999999,1.1500000000000021
3.8458160608740655,11.424999999999999,1.1500000000000021
3.8468160608740654,11.424999999999999,1.1500000000000021
3.8478160608740652,11.424999999999999,1.1500000000000021
3.848816060874065,11.424999999999999,1.1500000000000021
3.849816060874065,11.424999999999999,1.1500000000000021
3.850816060874065,11.424999999999999,1.1500000000000021
3.851816060874065,11.424999999999999,1.1500000000000021
3.8528160608740647,11.424999999999999,1.1500000000000021
3.8538160608740646,11.424999999999999,1.1500000000000021
3.8548160608740645,11.424999999999999,1.1500000000000021
3.8558160608740644,11.424999999999999,1.1500000000000021
3.8568160608740643,11.424999999999999,1.1500000000000021
3.857816060874064,11.424999999999999,1.1500000000000021
3.858816060874064,11.424999999999999,1.1500000000000021
3.859816060874064,11.424999999999999,1.1500000000000021
3.860816060874064,11.424999999999999,1.1500000000000021
3.8618160608740637,11.424999999999999,1.1500000000000021
3.8628160608740636,11.424999999999999,1.1500000000000021
3.8638160608740635,11.424999999999999,1.1500000000000021
3.8648160608740634,11.424999999999999,1.1500000000000021
3.8658160608740633,11.424999999999999,1.1500000000000021
3.866816060874063,11.424999999999999,1.1500000000000021
3.867816060874063,11.424999999999999,1.1500000000000021
3.868816060874063,11.424999999999999,1.1500000000000021
3.869816060874063,11.424999999999999,1.1500000000000021
3.8708160608740627,11.424999999999999,1.1500000000000021
3.8718160608740626,11.424999999999999,1.1500000000000021
3.8728160608740625,11.424999999999999,1.1500000000000021
3.8738160608740624,11.424999999999999,1.1500000000000021
3.8748160608740623,11.424999999999999,1.1500000000000021
3.875816060874062,11.424999999999999,1.1500000000000021
3.876816060874062,11.424999999999999,1.1500000000000021
3.877816060874062,11.424999999999999,1.1500000000000021
3.878816060874062,11.424999999999999,1.1500000000000021
3.8798160608740617,11.424999999999999,1.1500000000000021
3.8808160608740616,11.424999999999999,1.1500000000000021
3.8818160608740615,11.424999999999999,1.1500000000000021
3.8828160608740614,11.424999999999999,1.1500000000000021
3.8838160608740613,11.424999999999999,1.1500000000000021
3.884816060874061,11.424999999999999,1.1500000000000021
3.885816060874061,11.424999999999999,1.1500000000000021
3.886816060874061,11.424999999999999,1.1500000000000021
3.887816060874061,11.424999999999999,1.1500000000000021
3.8888160608740607,11.424999999999999,1.1500000000000021
3.8898160608740606,11.424999999999999,1.1500000000000021
3.8908160608740605,11.424999999999999,1.1500000000000021
3.8918160608740604,11.424999999999999,1.1500000000000021
3.8928160608740603,11.424999999999999,1.1500000000000021
3.89381606087406,11.424999999999999,1.1500000000000021
3.89481606087406,11.424999999999999,1.1500000000000021
3.89581606087406,11.424999999999999,1.1500000000000021
3.89681606087406,11.424999999999999,1.1500000000000021
3.8978160608740597,11.424999999999999,1.1500000000000021
3.8988160608740596,11.424999999999999,1.1500000000000021
3.8998160608740595,11.424999999999999,1.1500000000000021
3.9008160608740594,11.424999999999999,1.1500000000000021
3.9018160608740593,11.424999999999999,1.1500000000000021
3.902816060874059,11.424999999999999,1.1500000000000021
3.903816060874059,11.424999999999999,1.1500000000000021
3.904816060874059,11.424999999999999,1.1500000000000021
3.905816060874059,11.424999999999999,1.1500000000000021
3.9068160608740587,11.424999999999999,1.1500000000000021
3.9078160608740586,11.424999999999999,1.1500000000000021
3.9088160608740585,11.424999999999999,1.1500000000000021
3.9098160608740584,11.424999999999999,1.1500000000000021
3.9108160608740583,11.424999999999999,1.1500000000000021
3.911816060874058,11.424999999999999,1.1500000000000021
3.912816060874058,11.424999999999999,1.1500000000000021
3.913816060874058,11.424999999999999,1.1500000000000021
3.914816060874058,11.424999999999999,1.1500000000000021
3.9158160608740578,11.424999999999999,1.1500000000000021
3.9168160608740576,11.424999999999999,1.1500000000000021
3.9178160608740575,11.424999999999999,1.1500000000000021
3.9188160608740574,11.424999999999999,1.1500000000000021
3.9198160608740573,11.424999999999999,1.1500000000000021
3.920816060874057,11.424999999999999,1.1500000000000021
3.921816060874057,11.424999999999999,1.1500000000000021
3.922816060874057,11.424999999999999,1.1500000000000021
3.923816060874057,11.424999999999999,1.1500000000000021
3.9248160608740568,11.424999999999999,1.1500000000000021
3.9258160608740567,11.424999999999999,1.1500000000000021
3.9268160608740565,11.424999999999999,1.1500000000000021
3.9278160608740564,11.424999999999999,1.1500000000000021
3.9288160608740563,11.424999999999999,1.1500000000000021
3.929816060874056,11.424999999999999,1.1500000000000021
3.930816060874056,11.424999999999999,1.1500000000000021
3.931816060874056,11.424999999999999,1.1500000000000021
3.932816060874056,11.424999999999999,1.1500000000000021
3.9338160608740558,11.424999999999999,1.1500000000000021
3.9348160608740557,11.424999999999999,1.1500000000000021
3.9358160608740556,11.424999999999999,1.1500000000000021
3.9368160608740554,11.424999999999999,1.1500000000000021
3.9378160608740553,11.424999999999999,1.1500000000000021
3.9388160608740552,11.424999999999999,1.1500000000000021
3.939816060874055,11.424999999999999,1.1500000000000021
3.940816060874055,11.424999999999999,1.1500000000000021
3.941816060874055,11.424999999999999,1.1500000000000021
3.942816060874055,11.424999999999999,1.1500000000000021
3.9438160608740547,11.424999999999999,1.1500000000000021
3.9448160608740546,11.424999999999999,1.1500000000000021
3.9458160608740545,11.424999999999999,1.1500000000000021
3.9468160608740543,11.424999999999999,1.1500000000000021
3.9478160608740542,11.424999999999999,1.1500000000000021
3.948816060874054,11.424999999999999,1.1500000000000021
3.949816060874054,11.424999999999999,1.1500000000000021
3.950816060874054,11.424999999999999,1.1500000000000021
3.951816060874054,11.424999999999999,1.1500000000000021
3.9528160608740537,11.424999999999999,1.1500000000000021
3.9538160608740536,11.424999999999999,1.1500000000000021
3.9548160608740535,11.424999999999999,1.1500000000000021
3.9558160608740534,11.424999999999999,1.1500000000000021
3.9568160608740532,11.424999999999999,1.1500000000000021
3.957816060874053,11.424999999999999,1.1500000000000021
3.958816060874053,11.424999999999999,1.1500000000000021
3.959816060874053,11.424999999999999,1.1500000000000021
3.960816060874053,11.424999999999999,1.1500000000000021
3.9618160608740527,11.424999999999999,1.1500000000000021
3.9628160608740526,11.424999999999999,1.1500000000000021
3.9638160608740525,11.424999999999999,1.1500000000000021
3.9648160608740524,11.424999999999999,1.1500000000000021
3.9658160608740523,11.424999999999999,1.1500000000000021
3.966816060874052,11.424999999999999,1.1500000000000021
3.967816060874052,11.424999999999999,1.1500000000000021
3.968816060874052,11.424999999999999,1.1500000000000021
3.969816060874052,11.424999999999999,1.1500000000000021
3.9708160608740517,11.424999999999999,1.1500000000000021
3.9718160608740516,11.424999999999999,1.1500000000000021
3.9728160608740515,11.424999999999999,1.1500000000000021
3.9738160608740514,11.424999999999999,1.1500000000000021
3.9748160608740513,11.424999999999999,1.1500000000000021
3.975816060874051,11.424999999999999,1.1500000000000021
3.976816060874051,11.424999999999999,1.1500000000000021
3.977816060874051,11.424999999999999,1.1500000000000021
3.978816060874051,11.424999999999999,1.1500000000000021
3.9798160608740507,11.424999999999999,1.1500000000000021
3.9808160608740506,11.424999999999999,1.1500000000000021
3.9818160608740505,11.424999999999999,1.1500000000000021
3.9828160608740504,11.424999999999999,1.1500000000000021
3.9838160608740503,11.424999999999999,1.1500000000000021
3.98481606087405,11.424999999999999,1.1500000000000021
3.98581606087405,11.424999999999999,1.1500000000000021
3.98681606087405,11.424999999999999,1.1500000000000021
3.98781606087405,11.424999999999999,1.1500000000000021
3.9888160608740497,11.424999999999999,1.1500000000000021
3.9898160608740496,11.424999999999999,1.1500000000000021
3.9908160608740495,11.424999999999999,1.1500000000000021
3.9918160608740494,11.424999999999999,1.1500000000000021
3.9928160608740493,11.424999999999999,1.1500000000000021
3.993816060874049,11.424999999999999,1.1500000000000021
3.994816060874049,11.424999999999999,1.1500000000000021
3.995816060874049,11.424999999999999,1.1500000000000021
3.996816060874049,11.424999999999999,1.1500000000000021
3.9978160608740487,11.424999999999999,1.1500000000000021
3.9988160608740486,11.424999999999999,1.1500000000000021
3.9998160608740485,11.424999999999999,1.1500000000000021
4.000816060874048,11.424999999999999,1.1500000000000021
4.001816060874049,11.424999999999999,1.1500000000000021
4.002816060874049,11.424999999999999,1.1500000000000021
4.003816060874049,11.424999999999999,1.1500000000000021
4.00481606087405,11.424999999999999,1.1500000000000021
4.00581606087405,11.424999999999999,1.1500000000000021
4.00681606087405,11.424999999999999,1.1500000000000021
4.007816060874051,11.424999999999999,1.1500000000000021
4.008816060874051,11.424999999999999,1.1500000000000021
4.009816060874051,11.424999999999999,1.1500000000000021
4.010816060874052,11.424999999999999,1.1500000000000021
4.011816060874052,11.424999999999999,1.1500000000000021
4.012816060874052,11.424999999999999,1.1500000000000021
4.013816060874053,11.424999999999999,1.1500000000000021
4.014816060874053,11.424999999999999,1.1500000000000021
4.015816060874053,11.424999999999999,1.1500000000000021
4.016816060874054,11.424999999999999,1.1500000000000021
4.017816060874054,11.424999999999999,1.1500000000000021
4.018816060874054,11.424999999999999,1.1500000000000021
4.019816060874055,11.424999999999999,1.1500000000000021
4.020816060874055,11.424999999999999,1.1500000000000021
4.021816060874055,11.424999999999999,1.1500000000000021
4.022816060874056,11.424999999999999,1.1500000000000021
4.023816060874056,11.424999999999999,1.1500000000000021
4.024816060874056,11.424999999999999,1.1500000000000021
4.025816060874057,11.424999999999999,1.1500000000000021
4.026816060874057,11.424999999999999,1.1500000000000021
4.027816060874057,11.424999999999999,1.1500000000000021
4.028816060874058,11.424999999999999,1.1500000000000021
4.029816060874058,11.424999999999999,1.1500000000000021
4.030816060874058,11.424999999999999,1.1500000000000021
4.031816060874059,11.424999999999999,1.1500000000000021
4.032816060874059,11.424999999999999,1.1500000000000021
4.033816060874059,11.424999999999999,1.1500000000000021
4.03481606087406,11.424999999999999,1.1500000000000021
4.03581606087406,11.424999999999999,1.1500000000000021
4.03681606087406,11.424999999999999,1.1500000000000021
4.037816060874061,11.424999999999999,1.1500000000000021
4.038816060874061,11.424999999999999,1.1500000000000021
4.039816060874061,11.424999999999999,1.1500000000000021
4.040816060874062,11.424999999999999,1.1500000000000021
4.041816060874062,11.424999999999999,1.1500000000000021
4.042816060874062,11.424999999999999,1.1500000000000021
4.043816060874063,11.424999999999999,1.1500000000000021
4.044816060874063,11.424999999999999,1.1500000000000021
4.045816060874063,11.424999999999999,1.1500000000000021
4.046816060874064,11.424999999999999,1.1500000000000021
4.047816060874064,11.424999999999999,1.1500000000000021
4.048816060874064,11.424999999999999,1.1500000000000021
4.049816060874065,11.424999999999999,1.1500000000000021
4.050816060874065,11.424999999999999,1.1500000000000021
4.051816060874065,11.424999999999999,1.1500000000000021
4.052816060874066,11.424999999999999,1.1500000000000021
4.053816060874066,11.424999999999999,1.1500000000000021
4.054816060874066,11.424999999999999,1.1500000000000021
4.055816060874067,11.424999999999999,1.1500000000000021
4.056816060874067,11.424999999999999,1.1500000000000021
4.057816060874067,11.424999999999999,1.1500000000000021
4.058816060874068,11.424999999999999,1.1500000000000021
4.059816060874068,11.424999999999999,1.1500000000000021
4.060816060874068,11.424999999999999,1.1500000000000021
4.061816060874069,11.424999999999999,1.1500000000000021
4.062816060874069,11.424999999999999,1.1500000000000021
4.063816060874069,11.424999999999999,1.1500000000000021
4.06481606087407,11.424999999999999,1.1500000000000021
4.06581606087407,11.424999999999999,1.1500000000000021
4.06681606087407,11.424999999999999,1.1500000000000021
4.067816060874071,11.424999999999999,1.1500000000000021
4.068816060874071,11.424999999999999,1.1500000000000021
4.069816060874071,11.424999999999999,1.1500000000000021
4.070816060874072,11.424999999999999,1.1500000000000021
4.071816060874072,11.424999999999999,1.1500000000000021
4.072816060874072,11.424999999999999,1.1500000000000021
4.073816060874073,11.424999999999999,1.1500000000000021
4.074816060874073,11.424999999999999,1.1500000000000021
4.075816060874073,11.424999999999999,1.1500000000000021
4.076816060874074,11.424999999999999,1.1500000000000021
4.077816060874074,11.424999999999999,1.1500000000000021
4.0788160608740744,11.424999999999999,1.1500000000000021
4.079816060874075,11.424999999999999,1.1500000000000021
4.080816060874075,11.424999999999999,1.1500000000000021
4.0818160608740754,11.424999999999999,1.1500000000000021
4.082816060874076,11.424999999999999,1.1500000000000021
4.083816060874076,11.424999999999999,1.1500000000000021
4.0848160608740764,11.424999999999999,1.1500000000000021
4.085816060874077,11.424999999999999,1.1500000000000021
4.086816060874077,11.424999999999999,1.1500000000000021
4.0878160608740775,11.424999999999999,1.1500000000000021
4.088816060874078,11.424999999999999,1.1500000000000021
4.089816060874078,11.424999999999999,1.1500000000000021
4.0908160608740785,11.424999999999999,1.1500000000000021
4.091816060874079,11.424999999999999,1.1500000000000021
4.092816060874079,11.424999999999999,1.1500000000000021
4.0938160608740795,11.424999999999999,1.1500000000000021
4.09481606087408,11.424999999999999,1.1500000000000021
4.09581606087408,11.424999999999999,1.1500000000000021
4.0968160608740805,11.424999999999999,1.1500000000000021
4.097816060874081,11.424999999999999,1.1500000000000021
4.098816060874081,11.424999999999999,1.1500000000000021
4.0998160608740815,11.424999999999999,1.1500000000000021
4.100816060874082,11.424999999999999,1.1500000000000021
4.101816060874082,11.424999999999999,1.1500000000000021
4.1028160608740825,11.424999999999999,1.1500000000000021
4.103816060874083,11.424999999999999,1.1500000000000021
4.104816060874083,11.424999999999999,1.1500000000000021
4.1058160608740835,11.424999999999999,1.1500000000000021
4.106816060874084,11.424999999999999,1.1500000000000021
4.107816060874084,11.424999999999999,1.1500000000000021
4.1088160608740845,11.424999999999999,1.1500000000000021
4.109816060874085,11.424999999999999,1.1500000000000021
4.110816060874085,11.424999999999999,1.1500000000000021
4.1118160608740855,11.424999999999999,1.1500000000000021
4.112816060874086,11.424999999999999,1.1500000000000021
4.113816060874086,11.424999999999999,1.1500000000000021
4.1148160608740865,11.424999999999999,1.1500000000000021
4.115816060874087,11.424999999999999,1.1500000000000021
4.116816060874087,11.424999999999999,1.1500000000000021
4.1178160608740875,11.424999999999999,1.1500000000000021
4.118816060874088,11.424999999999999,1.1500000000000021
4.119816060874088,11.424999999999999,1.1500000000000021
4.1208160608740885,11.424999999999999,1.1500000000000021
4.121816060874089,11.424999999999999,1.1500000000000021
4.122816060874089,11.424999999999999,1.1500000000000021
4.1238160608740895,11.424999999999999,1.1500000000000021
4.12481606087409,11.424999999999999,1.1500000000000021
4.12581606087409,11.424999999999999,1.1500000000000021
4.1268160608740905,11.424999999999999,1.1500000000000021
4.127816060874091,11.424999999999999,1.1500000000000021
4.128816060874091,11.424999999999999,1.1500000000000021
4.1298160608740915,11.424999999999999,1.1500000000000021
4.130816060874092,11.424999999999999,1.1500000000000021
4.131816060874092,11.424999999999999,1.1500000000000021
4.1328160608740925,11.424999999999999,1.1500000000000021
4.133816060874093,11.424999999999999,1.1500000000000021
4.134816060874093,11.424999999999999,1.1500000000000021
4.1358160608740935,11.424999999999999,1.1500000000000021
4.136816060874094,11.424999999999999,1.1500000000000021
4.137816060874094,11.424999999999999,1.1500000000000021
4.1388160608740945,11.424999999999999,1.1500000000000021
4.139816060874095,11.424999999999999,1.1500000000000021
4.140816060874095,11.424999999999999,1.1500000000000021
4.1418160608740955,11.424999999999999,1.1500000000000021
4.142816060874096,11.424999999999999,1.1500000000000021
4.143816060874096,11.424999999999999,1.1500000000000021
4.1448160608740965,11.424999999999999,1.1500000000000021
4.145816060874097,11.424999999999999,1.1500000000000021
4.146816060874097,11.424999999999999,1.1500000000000021
4.1478160608740975,11.424999999999999,1.1500000000000021
4.148816060874098,11.424999999999999,1.1500000000000021
4.149816060874098,11.424999999999999,1.1500000000000021
4.1508160608740985,11.424999999999999,1.1500000000000021
4.151816060874099,11.424999999999999,1.1500000000000021
4.152816060874099,11.424999999999999,1.1500000000000021
4.1538160608740995,11.424999999999999,1.1500000000000021
4.1548160608741,11.424999999999999,1.1500000000000021
4.1558160608741,11.424999999999999,1.1500000000000021
4.1568160608741005,11.424999999999999,1.1500000000000021
4.157816060874101,11.424999999999999,1.1500000000000021
4.158816060874101,11.424999999999999,1.1500000000000021
4.1598160608741015,11.424999999999999,1.1500000000000021
4.160816060874102,11.424999999999999,1.1500000000000021
4.161816060874102,11.424999999999999,1.1500000000000021
4.1628160608741025,11.424999999999999,1.1500000000000021
4.163816060874103,11.424999999999999,1.1500000000000021
4.164816060874103,11.424999999999999,1.1500000000000021
4.1658160608741035,11.424999999999999,1.1500000000000021
4.166816060874104,11.424999999999999,1.1500000000000021
4.167816060874104,11.424999999999999,1.1500000000000021
4.1688160608741045,11.424999999999999,1.1500000000000021
4.169816060874105,11.424999999999999,1.1500000000000021
4.170816060874105,11.424999999999999,1.1500000000000021
4.1718160608741055,11.424999999999999,1.1500000000000021
4.172816060874106,11.424999999999999,1.1500000000000021
4.173816060874106,11.424999999999999,1.1500000000000021
4.1748160608741065,11.424999999999999,1.1500000000000021
4.175816060874107,11.424999999999999,1.1500000000000021
4.176816060874107,11.424999999999999,1.1500000000000021
4.1778160608741075,11.424999999999999,1.1500000000000021
4.178816060874108,11.424999999999999,1.1500000000000021
4.179816060874108,11.424999999999999,1.1500000000000021
4.1808160608741085,11.424999999999999,1.1500000000000021
4.181816060874109,11.424999999999999,1.1500000000000021
4.182816060874109,11.424999999999999,1.1500000000000021
4.1838160608741095,11.424999999999999,1.1500000000000021
4.18481606087411,11.424999999999999,1.1500000000000021
4.18581606087411,11.424999999999999,1.1500000000000021
4.1868160608741105,11.424999999999999,1.1500000000000021
4.187816060874111,11.424999999999999,1.1500000000000021
4.188816060874111,11.424999999999999,1.1500000000000021
4.1898160608741115,11.424999999999999,1.1500000000000021
4.190816060874112,11.424999999999999,1.1500000000000021
4.191816060874112,11.424999999999999,1.1500000000000021
4.1928160608741125,11.424999999999999,1.1500000000000021
4.193816060874113,11.424999999999999,1.1500000000000021
4.194816060874113,11.424999999999999,1.1500000000000021
4.1958160608741135,11.424999999999999,1.1500000000000021
4.196816060874114,11.424999999999999,1.1500000000000021
4.197816060874114,11.424999999999999,1.1500000000000021
4.1988160608741145,11.424999999999999,1.1500000000000021
4.199816060874115,11.424999999999999,1.1500000000000021
4.200816060874115,11.424999999999999,1.1500000000000021
4.2018160608741155,11.424999999999999,1.1500000000000021
4.202816060874116,11.424999999999999,1.1500000000000021
4.203816060874116,11.424999999999999,1.1500000000000021
4.2048160608741165,11.424999999999999,1.1500000000000021
4.205816060874117,11.424999999999999,1.1500000000000021
4.206816060874117,11.424999999999999,1.1500000000000021
4.2078160608741175,11.424999999999999,1.1500000000000021
4.208816060874118,11.424999999999999,1.1500000000000021
4.209816060874118,11.424999999999999,1.1500000000000021
4.2108160608741185,11.424999999999999,1.1500000000000021
4.211816060874119,11.424999999999999,1.1500000000000021
4.212816060874119,11.424999999999999,1.1500000000000021
4.2138160608741195,11.424999999999999,1.1500000000000021
4.21481606087412,11.424999999999999,1.1500000000000021
4.21581606087412,11.424999999999999,1.1500000000000021
4.2168160608741205,11.424999999999999,1.1500000000000021
4.217816060874121,11.424999999999999,1.1500000000000021
4.218816060874121,11.424999999999999,1.1500000000000021
4.2198160608741215,11.424999999999999,1.1500000000000021
4.220816060874122,11.424999999999999,1.1500000000000021
4.221816060874122,11.424999999999999,1.1500000000000021
4.2228160608741225,11.424999999999999,1.1500000000000021
4.223816060874123,11.424999999999999,1.1500000000000021
4.224816060874123,11.424999999999999,1.1500000000000021
4.2258160608741235,11.424999999999999,1.1500000000000021
4.226816060874124,11.424999999999999,1.1500000000000021
4.227816060874124,11.424999999999999,1.1500000000000021
4.2288160608741245,11.424999999999999,1.1500000000000021
4.229816060874125,11.424999999999999,1.1500000000000021
4.230816060874125,11.424999999999999,1.1500000000000021
4.2318160608741255,11.424999999999999,1.1500000000000021
4.232816060874126,11.424999999999999,1.1500000000000021
4.233816060874126,11.424999999999999,1.1500000000000021
4.2348160608741265,11.424999999999999,1.1500000000000021
4.235816060874127,11.424999999999999,1.1500000000000021
4.236816060874127,11.424999999999999,1.1500000000000021
4.2378160608741275,11.424999999999999,1.1500000000000021
4.238816060874128,11.424999999999999,1.1500000000000021
4.239816060874128,11.424999999999999,1.1500000000000021
4.2408160608741285,11.424999999999999,1.1500000000000021
4.241816060874129,11.424999999999999,1.1500000000000021
4.242816060874129,11.424999999999999,1.1500000000000021
4.2438160608741295,11.424999999999999,1.1500000000000021
4.24481606087413,11.424999999999999,1.1500000000000021
4.24581606087413,11.424999999999999,1.1500000000000021
4.2468160608741305,11.424999999999999,1.1500000000000021
4.247816060874131,11.424999999999999,1.1500000000000021
4.248816060874131,11.424999999999999,1.1500000000000021
4.2498160608741316,11.424999999999999,1.1500000000000021
4.250816060874132,11.424999999999999,1.1500000000000021
4.251816060874132,11.424999999999999,1.1500000000000021
4.2528160608741326,11.424999999999999,1.1500000000000021
4.253816060874133,11.424999999999999,1.1500000000000021
4.254816060874133,11.424999999999999,1.1500000000000021
4.2558160608741336,11.424999999999999,1.1500000000000021
4.256816060874134,11.424999999999999,1.1500000000000021
4.257816060874134,11.424999999999999,1.1500000000000021
4.258816060874135,11.424999999999999,1.1500000000000021
4.259816060874135,11.424999999999999,1.1500000000000021
4.260816060874135,11.424999999999999,1.1500000000000021
4.261816060874136,11.424999999999999,1.1500000000000021
4.262816060874136,11.424999999999999,1.1500000000000021
4.263816060874136,11.424999999999999,1.1500000000000021
4.264816060874137,11.424999999999999,1.1500000000000021
4.265816060874137,11.424999999999999,1.1500000000000021
4.266816060874137,11.424999999999999,1.1500000000000021
4.267816060874138,11.424999999999999,1.1500000000000021
4.268816060874138,11.424999999999999,1.1500000000000021
4.269816060874138,11.424999999999999,1.1500000000000021
4.270816060874139,11.424999999999999,1.1500000000000021
4.271816060874139,11.424999999999999,1.1500000000000021
4.272816060874139,11.424999999999999,1.1500000000000021
4.27381606087414,11.424999999999999,1.1500000000000021
4.27481606087414,11.424999999999999,1.1500000000000021
4.27581606087414,11.424999999999999,1.1500000000000021
4.276816060874141,11.424999999999999,1.1500000000000021
4.277816060874141,11.424999999999999,1.1500000000000021
4.278816060874141,11.424999999999999,1.1500000000000021
4.279816060874142,11.424999999999999,1.1500000000000021
4.280816060874142,11.424999999999999,1.1500000000000021
4.281816060874142,11.424999999999999,1.1500000000000021
4.282816060874143,11.424999999999999,1.1500000000000021
4.283816060874143,11.424999999999999,1.1500000000000021
4.284816060874143,11.424999999999999,1.1500000000000021
4.285816060874144,11.424999999999999,1.1500000000000021
4.286816060874144,11.424999999999999,1.1500000000000021
4.287816060874144,11.424999999999999,1.1500000000000021
4.288816060874145,11.424999999999999,1.1500000000000021
4.289816060874145,11.424999999999999,1.1500000000000021
4.290816060874145,11.424999999999999,1.1500000000000021
4.291816060874146,11.424999999999999,1.1500000000000021
4.292816060874146,11.424999999999999,1.1500000000000021
4.293816060874146,11.424999999999999,1.1500000000000021
4.294816060874147,11.424999999999999,1.1500000000000021
4.295816060874147,11.424999999999999,1.1500000000000021
4.296816060874147,11.424999999999999,1.1500000000000021
4.297816060874148,11.424999999999999,1.1500000000000021
4.298816060874148,11.424999999999999,1.1500000000000021
4.299816060874148,11.424999999999999,1.1500000000000021
4.300816060874149,11.424999999999999,1.1500000000000021
4.301816060874149,11.424999999999999,1.1500000000000021
4.302816060874149,11.424999999999999,1.1500000000000021
4.30381606087415,11.424999999999999,1.1500000000000021
4.30481606087415,11.424999999999999,1.1500000000000021
4.30581606087415,11.424999999999999,1.1500000000000021
4.306816060874151,11.424999999999999,1.1500000000000021
4.307816060874151,11.424999999999999,1.1500000000000021
4.308816060874151,11.424999999999999,1.1500000000000021
4.309816060874152,11.424999999999999,1.1500000000000021
4.310816060874152,11.424999999999999,1.1500000000000021
4.311816060874152,11.424999999999999,1.1500000000000021
4.312816060874153,11.424999999999999,1.1500000000000021
4.313816060874153,11.424999999999999,1.1500000000000021
4.314816060874153,11.424999999999999,1.1500000000000021
4.315816060874154,11.424999999999999,1.1500000000000021
4.316816060874154,11.424999999999999,1.1500000000000021
4.317816060874154,11.424999999999999,1.1500000000000021
4.318816060874155,11.424999999999999,1.1500000000000021
4.319816060874155,11.424999999999999,1.1500000000000021
4.320816060874155,11.424999999999999,1.1500000000000021
4.321816060874156,11.424999999999999,1.1500000000000021
4.322816060874156,11.424999999999999,1.1500000000000021
4.323816060874156,11.424999999999999,1.1500000000000021
4.324816060874157,11.424999999999999,1.1500000000000021
4.325816060874157,11.424999999999999,1.1500000000000021
4.326816060874157,11.424999999999999,1.1500000000000021
4.327816060874158,11.424999999999999,1.1500000000000021
4.328816060874158,11.424999999999999,1.1500000000000021
4.329816060874158,11.424999999999999,1.1500000000000021
4.330816060874159,11.424999999999999,1.1500000000000021
4.331816060874159,11.424999999999999,1.1500000000000021
4.332816060874159,11.424999999999999,1.1500000000000021
4.33381606087416,11.424999999999999,1.1500000000000021
4.33481606087416,11.424999999999999,1.1500000000000021
4.33581606087416,11.424999999999999,1.1500000000000021
4.336816060874161,11.424999999999999,1.1500000000000021
4.337816060874161,11.424999999999999,1.1500000000000021
4.338816060874161,11.424999999999999,1.1500000000000021
4.339816060874162,11.424999999999999,1.1500000000000021
4.340816060874162,11.424999999999999,1.1500000000000021
4.341816060874162,11.424999999999999,1.1500000000000021
4.342816060874163,11.424999999999999,1.1500000000000021
4.343816060874163,11.424999999999999,1.1500000000000021
4.344816060874163,11.424999999999999,1.1500000000000021
4.345816060874164,11.424999999999999,1.1500000000000021
4.346816060874164,11.424999999999999,1.1500000000000021
4.347816060874164,11.424999999999999,1.1500000000000021
4.348816060874165,11.424999999999999,1.1500000000000021
4.349816060874165,11.424999999999999,1.1500000000000021
4.350816060874165,11.424999999999999,1.1500000000000021
4.351816060874166,11.424999999999999,1.1500000000000021
4.352816060874166,11.424999999999999,1.1500000000000021
4.353816060874166,11.424999999999999,1.1500000000000021
4.354816060874167,11.424999999999999,1.1500000000000021
4.355816060874167,11.424999999999999,1.1500000000000021
4.356816060874167,11.424999999999999,1.1500000000000021
4.357816060874168,11.424999999999999,1.1500000000000021
4.358816060874168,11.424999999999999,1.1500000000000021
4.359816060874168,11.424999999999999,1.1500000000000021
4.360816060874169,11.424999999999999,1.1500000000000021
4.361816060874169,11.424999999999999,1.1500000000000021
4.362816060874169,11.424999999999999,1.1500000000000021
4.36381606087417,11.424999999999999,1.1500000000000021
4.36481606087417,11.424999999999999,1.1500000000000021
4.36581606087417,11.424999999999999,1.1500000000000021
4.366816060874171,11.424999999999999,1.1500000000000021
4.367816060874171,11.424999999999999,1.1500000000000021
4.368816060874171,11.424999999999999,1.1500000000000021
4.369816060874172,11.424999999999999,1.1500000000000021
4.370816060874172,11.424999999999999,1.1500000000000021
4.371816060874172,11.424999999999999,1.1500000000000021
4.372816060874173,11.424999999999999,1.1500000000000021
4.373816060874173,11.424999999999999,1.1500000000000021
4.374816060874173,11.424999999999999,1.1500000000000021
4.375816060874174,11.424999999999999,1.1500000000000021
4.376816060874174,11.424999999999999,1.1500000000000021
4.377816060874174,11.424999999999999,1.1500000000000021
4.378816060874175,11.424999999999999,1.1500000000000021
4.379816060874175,11.424999999999999,1.1500000000000021
4.380816060874175,11.424999999999999,1.1500000000000021
4.381816060874176,11.424999999999999,1.1500000000000021
4.382816060874176,11.424999999999999,1.1500000000000021
4.383816060874176,11.424999999999999,1.1500000000000021
4.384816060874177,11.424999999999999,1.1500000000000021
4.385816060874177,11.424999999999999,1.1500000000000021
4.386816060874177,11.424999999999999,1.1500000000000021
4.387816060874178,11.424999999999999,1.1500000000000021
4.388816060874178,11.424999999999999,1.1500000000000021
4.389816060874178,11.424999999999999,1.1500000000000021
4.390816060874179,11.424999999999999,1.1500000000000021
4.391816060874179,11.424999999999999,1.1500000000000021
4.392816060874179,11.424999999999999,1.1500000000000021
4.39381606087418,11.424999999999999,1.1500000000000021
4.39481606087418,11.424999999999999,1.1500000000000021
4.39581606087418,11.424999999999999,1.1500000000000021
4.396816060874181,11.424999999999999,1.1500000000000021
4.397816060874181,11.424999999999999,1.1500000000000021
4.398816060874181,11.424999999999999,1.1500000000000021
4.399816060874182,11.424999999999999,1.1500000000000021
4.400816060874182,11.424999999999999,1.1500000000000021
4.401816060874182,11.424999999999999,1.1500000000000021
4.402816060874183,11.424999999999999,1.1500000000000021
4.403816060874183,11.424999999999999,1.1500000000000021
4.404816060874183,11.424999999999999,1.1500000000000021
4.405816060874184,11.424999999999999,1.1500000000000021
4.406816060874184,11.424999999999999,1.1500000000000021
4.407816060874184,11.424999999999999,1.1500000000000021
4.408816060874185,11.424999999999999,1.1500000000000021
4.409816060874185,11.424999999999999,1.1500000000000021
4.410816060874185,11.424999999999999,1.1500000000000021
4.411816060874186,11.424999999999999,1.1500000000000021
4.412816060874186,11.424999999999999,1.1500000000000021
4.413816060874186,11.424999999999999,1.1500000000000021
4.414816060874187,11.424999999999999,1.1500000000000021
4.415816060874187,11.424999999999999,1.1500000000000021
4.416816060874187,11.424999999999999,1.1500000000000021
4.417816060874188,11.424999999999999,1.1500000000000021
4.418816060874188,11.424999999999999,1.1500000000000021
4.419816060874188,11.424999999999999,1.1500000000000021
4.420816060874189,11.424999999999999,1.1500000000000021
4.421816060874189,11.424999999999999,1.1500000000000021
4.422816060874189,11.424999999999999,1.1500000000000021
4.42381606087419,11.424999999999999,1.1500000000000021
4.42481606087419,11.424999999999999,1.1500000000000021
4.42581606087419,11.424999999999999,1.1500000000000021
4.426816060874191,11.424999999999999,1.1500000000000021
4.427816060874191,11.424999999999999,1.1500000000000021
4.428816060874191,11.424999999999999,1.1500000000000021
4.429816060874192,11.424999999999999,1.1500000000000021
4.430816060874192,11.424999999999999,1.1500000000000021
4.431816060874192,11.424999999999999,1.1500000000000021
4.432816060874193,11.424999999999999,1.1500000000000021
4.433816060874193,11.424999999999999,1.1500000000000021
4.434816060874193,11.424999999999999,1.1500000000000021
4.435816060874194,11.424999999999999,1.1500000000000021
4.436816060874194,11.424999999999999,1.1500000000000021
4.437816060874194,11.424999999999999,1.1500000000000021
4.438816060874195,11.424999999999999,1.1500000000000021
4.439816060874195,11.424999999999999,1.1500000000000021
4.440816060874195,11.424999999999999,1.1500000000000021
4.441816060874196,11.424999999999999,1.1500000000000021
4.442816060874196,11.424999999999999,1.1500000000000021
4.443816060874196,11.424999999999999,1.1500000000000021
4.444816060874197,11.424999999999999,1.1500000000000021
4.445816060874197,11.424999999999999,1.1500000000000021
4.446816060874197,11.424999999999999,1.1500000000000021
4.447816060874198,11.424999999999999,1.1500000000000021
4.448816060874198,11.424999999999999,1.1500000000000021
4.449816060874198,11.424999999999999,1.1500000000000021
4.450816060874199,11.424999999999999,1.1500000000000021
4.451816060874199,11.424999999999999,1.1500000000000021
4.452816060874199,11.424999999999999,1.1500000000000021
4.4538160608742,11.424999999999999,1.1500000000000021
4.4548160608742,11.424999999999999,1.1500000000000021
4.4558160608742,11.424999999999999,1.1500000000000021
4.456816060874201,11.424999999999999,1.1500000000000021
4.457816060874201,11.424999999999999,1.1500000000000021
4.458816060874201,11.424999999999999,1.1500000000000021
4.459816060874202,11.424999999999999,1.1500000000000021
4.460816060874202,11.424999999999999,1.1500000000000021
4.461816060874202,11.424999999999999,1.1500000000000021
4.462816060874203,11.424999999999999,1.1500000000000021
4.463816060874203,11.424999999999999,1.1500000000000021
4.464816060874203,11.424999999999999,1.1500000000000021
4.465816060874204,11.424999999999999,1.1500000000000021
4.466816060874204,11.424999999999999,1.1500000000000021
4.467816060874204,11.424999999999999,1.1500000000000021
4.468816060874205,11.424999999999999,1.1500000000000021
4.469816060874205,11.424999999999999,1.1500000000000021
4.470816060874205,11.424999999999999,1.1500000000000021
4.471816060874206,11.424999999999999,1.1500000000000021
4.472816060874206,11.424999999999999,1.1500000000000021
4.473816060874206,11.424999999999999,1.1500000000000021
4.474816060874207,11.424999999999999,1.1500000000000021
4.475816060874207,11.424999999999999,1.1500000000000021
4.476816060874207,11.424999999999999,1.1500000000000021
4.477816060874208,11.424999999999999,1.1500000000000021
4.478816060874208,11.424999999999999,1.1500000000000021
4.479816060874208,11.424999999999999,1.1500000000000021
4.480816060874209,11.424999999999999,1.1500000000000021
4.481816060874209,11.424999999999999,1.1500000000000021
4.482816060874209,11.424999999999999,1.1500000000000021
4.48381606087421,11.424999999999999,1.1500000000000021
4.48481606087421,11.424999999999999,1.1500000000000021
4.48581606087421,11.424999999999999,1.1500000000000021
4.486816060874211,11.424999999999999,1.1500000000000021
4.487816060874211,11.424999999999999,1.1500000000000021
4.488816060874211,11.424999999999999,1.1500000000000021
4.489816060874212,11.424999999999999,1.1500000000000021
4.490816060874212,11.424999999999999,1.1500000000000021
4.491816060874212,11.424999999999999,1.1500000000000021
4.492816060874213,11.424999999999999,1.1500000000000021
4.493816060874213,11.424999999999999,1.1500000000000021
4.494816060874213,11.424999999999999,1.1500000000000021
4.495816060874214,11.424999999999999,1.1500000000000021
4.496816060874214,11.424999999999999,1.1500000000000021
4.497816060874214,11.424999999999999,1.1500000000000021
4.498816060874215,11.424999999999999,1.1500000000000021
4.499816060874215,11.424999999999999,1.1500000000000021
4.500816060874215,11.424999999999999,1.1500000000000021
4.501816060874216,11.424999999999999,1.1500000000000021
4.502816060874216,11.424999999999999,1.1500000000000021
4.503816060874216,11.424999999999999,1.1500000000000021
4.504816060874217,11.424999999999999,1.1500000000000021
4.505816060874217,11.424999999999999,1.1500000000000021
4.506816060874217,11.424999999999999,1.1500000000000021
4.507816060874218,11.424999999999999,1.1500000000000021
4.508816060874218,11.424999999999999,1.1500000000000021
4.509816060874218,11.424999999999999,1.1500000000000021
4.510816060874219,11.424999999999999,1.1500000000000021
4.511816060874219,11.424999999999999,1.1500000000000021
4.512816060874219,11.424999999999999,1.1500000000000021
4.51381606087422,11.424999999999999,1.1500000000000021
4.51481606087422,11.424999999999999,1.1500000000000021
4.51581606087422,11.424999999999999,1.1500000000000021
4.516816060874221,11.424999999999999,1.1500000000000021
4.517816060874221,11.424999999999999,1.1500000000000021
4.518816060874221,11.424999999999999,1.1500000000000021
4.519816060874222,11.424999999999999,1.1500000000000021
4.520816060874222,11.424999999999999,1.1500000000000021
4.521816060874222,11.424999999999999,1.1500000000000021
4.522816060874223,11.424999999999999,1.1500000000000021
4.523816060874223,11.424999999999999,1.1500000000000021
4.524816060874223,11.424999999999999,1.1500000000000021
4.525816060874224,11.424999999999999,1.1500000000000021
4.526816060874224,11.424999999999999,1.1500000000000021
4.527816060874224,11.424999999999999,1.1500000000000021
4.528816060874225,11.424999999999999,1.1500000000000021
4.529816060874225,11.424999999999999,1.1500000000000021
4.530816060874225,11.424999999999999,1.1500000000000021
4.531816060874226,11.424999999999999,1.1500000000000021
4.532816060874226,11.424999999999999,1.1500000000000021
4.533816060874226,11.424999999999999,1.1500000000000021
4.534816060874227,11.424999999999999,1.1500000000000021
4.535816060874227,11.424999999999999,1.1500000000000021
4.536816060874227,11.424999999999999,1.1500000000000021
4.537816060874228,11.424999999999999,1.1500000000000021
4.538816060874228,11.424999999999999,1.1500000000000021
4.539816060874228,11.424999999999999,1.1500000000000021
4.540816060874229,11.424999999999999,1.1500000000000021
4.541816060874229,11.424999999999999,1.1500000000000021
4.542816060874229,11.424999999999999,1.1500000000000021
4.54381606087423,11.424999999999999,1.1500000000000021
4.54481606087423,11.424999999999999,1.1500000000000021
4.54581606087423,11.424999999999999,1.1500000000000021
4.546816060874231,11.424999999999999,1.1500000000000021
4.547816060874231,11.424999999999999,1.1500000000000021
4.548816060874231,11.424999999999999,1.1500000000000021
4.549816060874232,11.424999999999999,1.1500000000000021
4.550816060874232,11.424999999999999,1.1500000000000021
4.551816060874232,11.424999999999999,1.1500000000000021
4.552816060874233,11.424999999999999,1.1500000000000021
4.553816060874233,11.424999999999999,1.1500000000000021
4.554816060874233,11.424999999999999,1.1500000000000021
4.555816060874234,11.424999999999999,1.1500000000000021
4.556816060874234,11.424999999999999,1.1500000000000021
4.557816060874234,11.424999999999999,1.1500000000000021
4.558816060874235,11.424999999999999,1.1500000000000021
4.559816060874235,11.424999999999999,1.1500000000000021
4.560816060874235,11.424999999999999,1.1500000000000021
4.561816060874236,11.424999999999999,1.1500000000000021
4.562816060874236,11.424999999999999,1.1500000000000021
4.563816060874236,11.424999999999999,1.1500000000000021
4.564816060874237,11.424999999999999,1.1500000000000021
4.565816060874237,11.424999999999999,1.1500000000000021
4.566816060874237,11.424999999999999,1.1500000000000021
4.567816060874238,11.424999999999999,1.1500000000000021
4.568816060874238,11.424999999999999,1.1500000000000021
4.569816060874238,11.424999999999999,1.1500000000000021
4.570816060874239,11.424999999999999,1.1500000000000021
4.571816060874239,11.424999999999999,1.1500000000000021
4.572816060874239,11.424999999999999,1.1500000000000021
4.57381606087424,11.424999999999999,1.1500000000000021
4.57481606087424,11.424999999999999,1.1500000000000021
4.57581606087424,11.424999999999999,1.1500000000000021
4.576816060874241,11.424999999999999,1.1500000000000021
4.577816060874241,11.424999999999999,1.1500000000000021
4.578816060874241,11.424999999999999,1.1500000000000021
4.579816060874242,11.424999999999999,1.1500000000000021
4.580816060874242,11.424999999999999,1.1500000000000021
4.581816060874242,11.424999999999999,1.1500000000000021
4.582816060874243,11.424999999999999,1.1500000000000021
4.583816060874243,11.424999999999999,1.1500000000000021
4.584816060874243,11.424999999999999,1.1500000000000021
4.585816060874244,11.424999999999999,1.1500000000000021
4.586816060874244,11.424999999999999,1.1500000000000021
4.587816060874244,11.424999999999999,1.1500000000000021
4.588816060874245,11.424999999999999,1.1500000000000021
4.589816060874245,11.424999999999999,1.1500000000000021
4.590816060874245,11.424999999999999,1.1500000000000021
4.591816060874246,11.424999999999999,1.1500000000000021
4.592816060874246,11.424999999999999,1.1500000000000021
4.593816060874246,11.424999999999999,1.1500000000000021
4.594816060874247,11.424999999999999,1.1500000000000021
4.595816060874247,11.424999999999999,1.1500000000000021
4.596816060874247,11.424999999999999,1.1500000000000021
4.597816060874248,11.424999999999999,1.1500000000000021
4.598816060874248,11.424999999999999,1.1500000000000021
4.599816060874248,11.424999999999999,1.1500000000000021
4.600816060874249,11.424999999999999,1.1500000000000021
4.601816060874249,11.424999999999999,1.1500000000000021
4.602816060874249,11.424999999999999,1.1500000000000021
4.60381606087425,11.424999999999999,1.1500000000000021
4.60481606087425,11.424999999999999,1.1500000000000021
4.60581606087425,11.424999999999999,1.1500000000000021
4.606816060874251,11.424999999999999,1.1500000000000021
4.607816060874251,11.424999999999999,1.1500000000000021
4.608816060874251,11.424999999999999,1.1500000000000021
4.609816060874252,11.424999999999999,1.1500000000000021
4.610816060874252,11.424999999999999,1.1500000000000021
4.611816060874252,11.424999999999999,1.1500000000000021
4.612816060874253,11.424999999999999,1.1500000000000021
4.613816060874253,11.424999999999999,1.1500000000000021
4.6148160608742534,11.424999999999999,1.1500000000000021
4.615816060874254,11.424999999999999,1.1500000000000021
4.616816060874254,11.424999999999999,1.1500000000000021
4.6178160608742544,11.424999999999999,1.1500000000000021
4.618816060874255,11.424999999999999,1.1500000000000021
4.619816060874255,11.424999999999999,1.1500000000000021
4.6208160608742554,11.424999999999999,1.1500000000000021
4.621816060874256,11.424999999999999,1.1500000000000021
4.622816060874256,11.424999999999999,1.1500000000000021
4.6238160608742565,11.424999999999999,1.1500000000000021
4.624816060874257,11.424999999999999,1.1500000000000021
4.625816060874257,11.424999999999999,1.1500000000000021
4.6268160608742575,11.424999999999999,1.1500000000000021
4.627816060874258,11.424999999999999,1.1500000000000021
4.628816060874258,11.424999999999999,1.1500000000000021
4.6298160608742585,11.424999999999999,1.1500000000000021
4.630816060874259,11.424999999999999,1.1500000000000021
4.631816060874259,11.424999999999999,1.1500000000000021
4.6328160608742595,11.424999999999999,1.1500000000000021
4.63381606087426,11.424999999999999,1.1500000000000021
4.63481606087426,11.424999999999999,1.1500000000000021
4.6358160608742605,11.424999999999999,1.1500000000000021
4.636816060874261,11.424999999999999,1.1500000000000021
4.637816060874261,11.424999999999999,1.1500000000000021
4.6388160608742615,11.424999999999999,1.1500000000000021
4.639816060874262,11.424999999999999,1.1500000000000021
4.640816060874262,11.424999999999999,1.1500000000000021
4.6418160608742625,11.424999999999999,1.1500000000000021
4.642816060874263,11.424999999999999,1.1500000000000021
4.643816060874263,11.424999999999999,1.1500000000000021
4.6448160608742635,11.424999999999999,1.1500000000000021
4.645816060874264,11.424999999999999,1.1500000000000021
4.646816060874264,11.424999999999999,1.1500000000000021
4.6478160608742645,11.424999999999999,1.1500000000000021
4.648816060874265,11.424999999999999,1.1500000000000021
4.649816060874265,11.424999999999999,1.1500000000000021
4.6508160608742655,11.424999999999999,1.1500000000000021
4.651816060874266,11.424999999999999,1.1500000000000021
4.652816060874266,11.424999999999999,1.1500000000000021
4.6538160608742665,11.424999999999999,1.1500000000000021
4.654816060874267,11.424999999999999,1.1500000000000021
4.655816060874267,11.424999999999999,1.1500000000000021
4.6568160608742675,11.424999999999999,1.1500000000000021
4.657816060874268,11.424999999999999,1.1500000000000021
4.658816060874268,11.424999999999999,1.1500000000000021
4.6598160608742685,11.424999999999999,1.1500000000000021
4.660816060874269,11.424999999999999,1.1500000000000021
4.661816060874269,11.424999999999999,1.1500000000000021
4.6628160608742695,11.424999999999999,1.1500000000000021
4.66381606087427,11.424999999999999,1.1500000000000021
4.66481606087427,11.424999999999999,1.1500000000000021
4.6658160608742705,11.424999999999999,1.1500000000000021
4.666816060874271,11.424999999999999,1.1500000000000021
4.667816060874271,11.424999999999999,1.1500000000000021
4.6688160608742715,11.424999999999999,1.1500000000000021
4.669816060874272,11.424999999999999,1.1500000000000021
4.670816060874272,11.424999999999999,1.1500000000000021
4.6718160608742725,11.424999999999999,1.1500000000000021
4.672816060874273,11.424999999999999,1.1500000000000021
4.673816060874273,11.424999999999999,1.1500000000000021
4.6748160608742735,11.424999999999999,1.1500000000000021
4.675816060874274,11.424999999999999,1.1500000000000021
4.676816060874274,11.424999999999999,1.1500000000000021
4.6778160608742745,11.424999999999999,1.1500000000000021
4.678816060874275,11.424999999999999,1.1500000000000021
4.679816060874275,11.424999999999999,1.1500000000000021
4.6808160608742755,11.424999999999999,1.1500000000000021
4.681816060874276,11.424999999999999,1.1500000000000021
4.682816060874276,11.424999999999999,1.1500000000000021
4.6838160608742765,11.424999999999999,1.1500000000000021
4.684816060874277,11.424999999999999,1.1500000000000021
4.685816060874277,11.424999999999999,1.1500000000000021
4.6868160608742775,11.424999999999999,1.1500000000000021
4.687816060874278,11.424999999999999,1.1500000000000021
4.688816060874278,11.424999999999999,1.1500000000000021
4.6898160608742785,11.424999999999999,1.1500000000000021
4.690816060874279,11.424999999999999,1.1500000000000021
4.691816060874279,11.424999999999999,1.1500000000000021
4.6928160608742795,11.424999999999999,1.1500000000000021
4.69381606087428,11.424999999999999,1.1500000000000021
4.69481606087428,11.424999999999999,1.1500000000000021
4.6958160608742805,11.424999999999999,1.1500000000000021
4.696816060874281,11.424999999999999,1.1500000000000021
4.697816060874281,11.424999999999999,1.1500000000000021
4.6988160608742815,11.424999999999999,1.1500000000000021
4.699816060874282,11.424999999999999,1.1500000000000021
4.700816060874282,11.424999999999999,1.1500000000000021
4.7018160608742825,11.424999999999999,1.1500000000000021
4.702816060874283,11.424999999999999,1.1500000000000021
4.703816060874283,11.424999999999999,1.1500000000000021
4.7048160608742835,11.424999999999999,1.1500000000000021
4.705816060874284,11.424999999999999,1.1500000000000021
4.706816060874284,11.424999999999999,1.1500000000000021
4.7078160608742845,11.424999999999999,1.1500000000000021
4.708816060874285,11.424999999999999,1.1500000000000021
4.709816060874285,11.424999999999999,1.1500000000000021
4.7108160608742855,11.424999999999999,1.1500000000000021
4.711816060874286,11.424999999999999,1.1500000000000021
4.712816060874286,11.424999999999999,1.1500000000000021
4.7138160608742865,11.424999999999999,1.1500000000000021
4.714816060874287,11.424999999999999,1.1500000000000021
4.715816060874287,11.424999999999999,1.1500000000000021
4.7168160608742875,11.424999999999999,1.1500000000000021
4.717816060874288,11.424999999999999,1.1500000000000021
4.718816060874288,11.424999999999999,1.1500000000000021
4.7198160608742885,11.424999999999999,1.1500000000000021
4.720816060874289,11.424999999999999,1.1500000000000021
4.721816060874289,11.424999999999999,1.1500000000000021
4.7228160608742895,11.424999999999999,1.1500000000000021
4.72381606087429,11.424999999999999,1.1500000000000021
4.72481606087429,11.424999999999999,1.1500000000000021
4.7258160608742905,11.424999999999999,1.1500000000000021
4.726816060874291,11.424999999999999,1.1500000000000021
4.727816060874291,11.424999999999999,1.1500000000000021
4.7288160608742915,11.424999999999999,1.1500000000000021
4.729816060874292,11.424999999999999,1.1500000000000021
4.730816060874292,11.424999999999999,1.1500000000000021
4.7318160608742925,11.424999999999999,1.1500000000000021
4.732816060874293,11.424999999999999,1.1500000000000021
4.733816060874293,11.424999999999999,1.1500000000000021
4.7348160608742935,11.424999999999999,1.1500000000000021
4.735816060874294,11.424999999999999,1.1500000000000021
4.736816060874294,11.424999999999999,1.1500000000000021
4.7378160608742945,11.424999999999999,1.1500000000000021
4.738816060874295,11.424999999999999,1.1500000000000021
4.739816060874295,11.424999999999999,1.1500000000000021
4.7408160608742955,11.424999999999999,1.1500000000000021
4.741816060874296,11.424999999999999,1.1500000000000021
4.742816060874296,11.424999999999999,1.1500000000000021
4.7438160608742965,11.424999999999999,1.1500000000000021
4.744816060874297,11.424999999999999,1.1500000000000021
4.745816060874297,11.424999999999999,1.1500000000000021
4.7468160608742975,11.424999999999999,1.1500000000000021
4.747816060874298,11.424999999999999,1.1500000000000021
4.748816060874298,11.424999999999999,1.1500000000000021
4.7498160608742985,11.424999999999999,1.1500000000000021
4.750816060874299,11.424999999999999,1.1500000000000021
4.751816060874299,11.424999999999999,1.1500000000000021
4.7528160608742995,11.424999999999999,1.1500000000000021
4.7538160608743,11.424999999999999,1.1500000000000021
4.7548160608743,11.424999999999999,1.1500000000000021
4.7558160608743005,11.424999999999999,1.1500000000000021
4.756816060874301,11.424999999999999,1.1500000000000021
4.757816060874301,11.424999999999999,1.1500000000000021
4.7588160608743015,11.424999999999999,1.1500000000000021
4.759816060874302,11.424999999999999,1.1500000000000021
4.760816060874302,11.424999999999999,1.1500000000000021
4.7618160608743025,11.424999999999999,1.1500000000000021
4.762816060874303,11.424999999999999,1.1500000000000021
4.763816060874303,11.424999999999999,1.1500000000000021
4.7648160608743035,11.424999999999999,1.1500000000000021
4.765816060874304,11.424999999999999,1.1500000000000021
4.766816060874304,11.424999999999999,1.1500000000000021
4.7678160608743045,11.424999999999999,1.1500000000000021
4.768816060874305,11.424999999999999,1.1500000000000021
4.769816060874305,11.424999999999999,1.1500000000000021
4.7708160608743055,11.424999999999999,1.1500000000000021
4.771816060874306,11.424999999999999,1.1500000000000021
4.772816060874306,11.424999999999999,1.1500000000000021
4.7738160608743065,11.424999999999999,1.1500000000000021
4.774816060874307,11.424999999999999,1.1500000000000021
4.775816060874307,11.424999999999999,1.1500000000000021
4.7768160608743075,11.424999999999999,1.1500000000000021
4.777816060874308,11.424999999999999,1.1500000000000021
4.778816060874308,11.424999999999999,1.1500000000000021
4.7798160608743085,11.424999999999999,1.1500000000000021
4.780816060874309,11.424999999999999,1.1500000000000021
4.781816060874309,11.424999999999999,1.1500000000000021
4.7828160608743095,11.424999999999999,1.1500000000000021
4.78381606087431,11.424999999999999,1.1500000000000021
4.78481606087431,11.424999999999999,1.1500000000000021
4.7858160608743106,11.424999999999999,1.1500000000000021
4.786816060874311,11.424999999999999,1.1500000000000021
4.787816060874311,11.424999999999999,1.1500000000000021
4.7888160608743116,11.424999999999999,1.1500000000000021
4.789816060874312,11.424999999999999,1.1500000000000021
4.790816060874312,11.424999999999999,1.1500000000000021
4.7918160608743126,11.424999999999999,1.1500000000000021
4.792816060874313,11.424999999999999,1.1500000000000021
4.793816060874313,11.424999999999999,1.1500000000000021
4.794816060874314,11.424999999999999,1.1500000000000021
4.795816060874314,11.424999999999999,1.1500000000000021
4.796816060874314,11.424999999999999,1.1500000000000021
4.797816060874315,11.424999999999999,1.1500000000000021
4.798816060874315,11.424999999999999,1.1500000000000021
4.799816060874315,11.424999999999999,1.1500000000000021
4.800816060874316,11.424999999999999,1.1500000000000021
4.801816060874316,11.424999999999999,1.1500000000000021
4.802816060874316,11.424999999999999,1.1500000000000021
4.803816060874317,11.424999999999999,1.1500000000000021
4.804816060874317,11.424999999999999,1.1500000000000021
4.805816060874317,11.424999999999999,1.1500000000000021
4.806816060874318,11.424999999999999,1.1500000000000021
4.807816060874318,11.424999999999999,1.1500000000000021
4.808816060874318,11.424999999999999,1.1500000000000021
4.809816060874319,11.424999999999999,1.1500000000000021
4.810816060874319,11.424999999999999,1.1500000000000021
4.811816060874319,11.424999999999999,1.1500000000000021
4.81281606087432,11.424999999999999,1.1500000000000021
4.81381606087432,11.424999999999999,1.1500000000000021
4.81481606087432,11.424999999999999,1.1500000000000021
4.815816060874321,11.424999999999999,1.1500000000000021
4.816816060874321,11.424999999999999,1.1500000000000021
4.817816060874321,11.424999999999999,1.1500000000000021
4.818816060874322,11.424999999999999,1.1500000000000021
4.819816060874322,11.424999999999999,1.1500000000000021
4.820816060874322,11.424999999999999,1.1500000000000021
4.821816060874323,11.424999999999999,1.1500000000000021
4.822816060874323,11.424999999999999,1.1500000000000021
4.823816060874323,11.424999999999999,1.1500000000000021
4.824816060874324,11.424999999999999,1.1500000000000021
4.825816060874324,11.424999999999999,1.1500000000000021
4.826816060874324,11.424999999999999,1.1500000000000021
4.827816060874325,11.424999999999999,1.1500000000000021
4.828816060874325,11.424999999999999,1.1500000000000021
4.829816060874325,11.424999999999999,1.1500000000000021
4.830816060874326,11.424999999999999,1.1500000000000021
4.831816060874326,11.424999999999999,1.1500000000000021
4.832816060874326,11.424999999999999,1.1500000000000021
4.833816060874327,11.424999999999999,1.1500000000000021
4.834816060874327,11.424999999999999,1.1500000000000021
4.835816060874327,11.424999999999999,1.1500000000000021
4.836816060874328,11.424999999999999,1.1500000000000021
4.837816060874328,11.424999999999999,1.1500000000000021
4.838816060874328,11.424999999999999,1.1500000000000021
4.839816060874329,11.424999999999999,1.1500000000000021
4.840816060874329,11.424999999999999,1.1500000000000021
4.841816060874329,11.424999999999999,1.1500000000000021
4.84281606087433,11.424999999999999,1.1500000000000021
4.84381606087433,11.424999999999999,1.1500000000000021
4.84481606087433,11.424999999999999,1.1500000000000021
4.845816060874331,11.424999999999999,1.1500000000000021
4.846816060874331,11.424999999999999,1.1500000000000021
4.847816060874331,11.424999999999999,1.1500000000000021
4.848816060874332,11.424999999999999,1.1500000000000021
4.849816060874332,11.424999999999999,1.1500000000000021
4.850816060874332,11.424999999999999,1.1500000000000021
4.851816060874333,11.424999999999999,1.1500000000000021
4.852816060874333,11.424999999999999,1.1500000000000021
4.853816060874333,11.424999999999999,1.1500000000000021
4.854816060874334,11.424999999999999,1.1500000000000021
4.855816060874334,11.424999999999999,1.1500000000000021
4.856816060874334,11.424999999999999,1.1500000000000021
4.857816060874335,11.424999999999999,1.1500000000000021
4.858816060874335,11.424999999999999,1.1500000000000021
4.859816060874335,11.424999999999999,1.1500000000000021
4.860816060874336,11.424999999999999,1.1500000000000021
4.861816060874336,11.424999999999999,1.1500000000000021
4.862816060874336,11.424999999999999,1.1500000000000021
4.863816060874337,11.424999999999999,1.1500000000000021
4.864816060874337,11.424999999999999,1.1500000000000021
4.865816060874337,11.424999999999999,1.1500000000000021
4.866816060874338,11.424999999999999,1.1500000000000021
4.867816060874338,11.424999999999999,1.1500000000000021
4.868816060874338,11.424999999999999,1.1500000000000021
4.869816060874339,11.424999999999999,1.1500000000000021
4.870816060874339,11.424999999999999,1.1500000000000021
4.871816060874339,11.424999999999999,1.1500000000000021
4.87281606087434,11.424999999999999,1.1500000000000021
4.87381606087434,11.424999999999999,1.1500000000000021
4.87481606087434,11.424999999999999,1.1500000000000021
4.875816060874341,11.424999999999999,1.1500000000000021
4.876816060874341,11.424999999999999,1.1500000000000021
4.877816060874341,11.424999999999999,1.1500000000000021
4.878816060874342,11.424999999999999,1.1500000000000021
4.879816060874342,11.424999999999999,1.1500000000000021
4.880816060874342,11.424999999999999,1.1500000000000021
4.881816060874343,11.424999999999999,1.1500000000000021
4.882816060874343,11.424999999999999,1.1500000000000021
4.883816060874343,11.424999999999999,1.1500000000000021
4.884816060874344,11.424999999999999,1.1500000000000021
4.885816060874344,11.424999999999999,1.1500000000000021
4.886816060874344,11.424999999999999,1.1500000000000021
4.887816060874345,11.424999999999999,1.1500000000000021
4.888816060874345,11.424999999999999,1.1500000000000021
4.889816060874345,11.424999999999999,1.1500000000000021
4.890816060874346,11.424999999999999,1.1500000000000021
4.891816060874346,11.424999999999999,1.1500000000000021
4.892816060874346,11.424999999999999,1.1500000000000021
4.893816060874347,11.424999999999999,1.1500000000000021
4.894816060874347,11.424999999999999,1.1500000000000021
4.895816060874347,11.424999999999999,1.1500000000000021
4.896816060874348,11.424999999999999,1.1500000000000021
4.897816060874348,11.424999999999999,1.1500000000000021
4.898816060874348,11.424999999999999,1.1500000000000021
4.899816060874349,11.424999999999999,1.1500000000000021
4.900816060874349,11.424999999999999,1.1500000000000021
4.901816060874349,11.424999999999999,1.1500000000000021
4.90281606087435,11.424999999999999,1.1500000000000021
4.90381606087435,11.424999999999999,1.1500000000000021
4.90481606087435,11.424999999999999,1.1500000000000021
4.905816060874351,11.424999999999999,1.1500000000000021
4.906816060874351,11.424999999999999,1.1500000000000021
4.907816060874351,11.424999999999999,1.1500000000000021
4.908816060874352,11.424999999999999,1.1500000000000021
4.909816060874352,11.424999999999999,1.1500000000000021
4.910816060874352,11.424999999999999,1.1500000000000021
4.911816060874353,11.424999999999999,1.1500000000000021
4.912816060874353,11.424999999999999,1.1500000000000021
4.913816060874353,11.424999999999999,1.1500000000000021
4.914816060874354,11.424999999999999,1.1500000000000021
4.915816060874354,11.424999999999999,1.1500000000000021
4.916816060874354,11.424999999999999,1.1500000000000021
4.917816060874355,11.424999999999999,1.1500000000000021
4.918816060874355,11.424999999999999,1.1500000000000021
4.919816060874355,11.424999999999999,1.1500000000000021
4.920816060874356,11.424999999999999,1.1500000000000021
4.921816060874356,11.424999999999999,1.1500000000000021
4.922816060874356,11.424999999999999,1.1500000000000021
4.923816060874357,11.424999999999999,1.1500000000000021
4.924816060874357,11.424999999999999,1.1500000000000021
4.925816060874357,11.424999999999999,1.1500000000000021
4.926816060874358,11.424999999999999,1.1500000000000021
4.927816060874358,11.424999999999999,1.1500000000000021
4.928816060874358,11.424999999999999,1.1500000000000021
4.929816060874359,11.424999999999999,1.1500000000000021
4.930816060874359,11.424999999999999,1.1500000000000021
4.931816060874359,11.424999999999999,1.1500000000000021
4.93281606087436,11.424999999999999,1.1500000000000021
4.93381606087436,11.424999999999999,1.1500000000000021
4.93481606087436,11.424999999999999,1.1500000000000021
4.935816060874361,11.424999999999999,1.1500000000000021
4.936816060874361,11.424999999999999,1.1500000000000021
4.937816060874361,11.424999999999999,1.1500000000000021
4.938816060874362,11.424999999999999,1.1500000000000021
4.939816060874362,11.424999999999999,1.1500000000000021
4.940816060874362,11.424999999999999,1.1500000000000021
4.941816060874363,11.424999999999999,1.1500000000000021
4.942816060874363,11.424999999999999,1.1500000000000021
4.943816060874363,11.424999999999999,1.1500000000000021
4.944816060874364,11.424999999999999,1.1500000000000021
4.945816060874364,11.424999999999999,1.1500000000000021
4.946816060874364,11.424999999999999,1.1500000000000021
4.947816060874365,11.424999999999999,1.1500000000000021
4.948816060874365,11.424999999999999,1.1500000000000021
4.949816060874365,11.424999999999999,1.1500000000000021
4.950816060874366,11.424999999999999,1.1500000000000021
4.951816060874366,11.424999999999999,1.1500000000000021
4.952816060874366,11.424999999999999,1.1500000000000021
4.953816060874367,11.424999999999999,1.1500000000000021
4.954816060874367,11.424999999999999,1.1500000000000021
4.955816060874367,11.424999999999999,1.1500000000000021
4.956816060874368,11.424999999999999,1.1500000000000021
4.957816060874368,11.424999999999999,1.1500000000000021
4.958816060874368,11.424999999999999,1.1500000000000021
4.959816060874369,11.424999999999999,1.1500000000000021
4.960816060874369,11.424999999999999,1.1500000000000021
4.961816060874369,11.424999999999999,1.1500000000000021
4.96281606087437,11.424999999999999,1.1500000000000021
4.96381606087437,11.424999999999999,1.1500000000000021
4.96481606087437,11.424999999999999,1.1500000000000021
4.965816060874371,11.424999999999999,1.1500000000000021
4.966816060874371,11.424999999999999,1.1500000000000021
4.967816060874371,11.424999999999999,1.1500000000000021
4.968816060874372,11.424999999999999,1.1500000000000021
4.969816060874372,11.424999999999999,1.1500000000000021
4.970816060874372,11.424999999999999,1.1500000000000021
4.971816060874373,11.424999999999999,1.1500000000000021
4.972816060874373,11.424999999999999,1.1500000000000021
4.973816060874373,11.424999999999999,1.1500000000000021
4.974816060874374,11.424999999999999,1.1500000000000021
4.975816060874374,11.424999999999999,1.1500000000000021
4.976816060874374,11.424999999999999,1.1500000000000021
4.977816060874375,11.424999999999999,1.1500000000000021
4.978816060874375,11.424999999999999,1.1500000000000021
4.979816060874375,11.424999999999999,1.1500000000000021
4.980816060874376,11.424999999999999,1.1500000000000021
4.981816060874376,11.424999999999999,1.1500000000000021
4.982816060874376,11.424999999999999,1.1500000000000021
4.983816060874377,11.424999999999999,1.1500000000000021
4.984816060874377,11.424999999999999,1.1500000000000021
4.985816060874377,11.424999999999999,1.1500000000000021
4.986816060874378,11.424999999999999,1.1500000000000021
4.987816060874378,11.424999999999999,1.1500000000000021
4.988816060874378,11.424999999999999,1.1500000000000021
4.989816060874379,11.424999999999999,1.1500000000000021
4.990816060874379,11.424999999999999,1.1500000000000021
4.991816060874379,11.424999999999999,1.1500000000000021
4.99281606087438,11.424999999999999,1.1500000000000021
4.99381606087438,11.424999999999999,1.1500000000000021
4.99481606087438,11.424999999999999,1.1500000000000021
4.995816060874381,11.424999999999999,1.1500000000000021
4.996816060874381,11.424999999999999,1.1500000000000021
4.997816060874381,11.424999999999999,1.1500000000000021
4.998816060874382,11.424999999999999,1.1500000000000021
4.999816060874382,11.424999999999999,1.1500000000000021
5.000816060874382,11.424999999999999,1.1500000000000021
5.001816060874383,11.424999999999999,1.1500000000000021
5.002816060874383,11.424999999999999,1.1500000000000021
5.003816060874383,11.424999999999999,1.1500000000000021
5.004816060874384,11.424999999999999,1.1500000000000021
5.005816060874384,11.424999999999999,1.1500000000000021
5.006816060874384,11.424999999999999,1.1500000000000021
5.007816060874385,11.424999999999999,1.1500000000000021
5.008816060874385,11.424999999999999,1.1500000000000021
5.009816060874385,11.424999999999999,1.1500000000000021
5.010816060874386,11.424999999999999,1.1500000000000021
5.011816060874386,11.424999999999999,1.1500000000000021
5.012816060874386,11.424999999999999,1.1500000000000021
5.013816060874387,11.424999999999999,1.1500000000000021
5.014816060874387,11.424999999999999,1.1500000000000021
5.015816060874387,11.424999999999999,1.1500000000000021
5.016816060874388,11.424999999999999,1.1500000000000021
5.017816060874388,11.424999999999999,1.1500000000000021
5.018816060874388,11.424999999999999,1.1500000000000021
5.019816060874389,11.424999999999999,1.1500000000000021
5.020816060874389,11.424999999999999,1.1500000000000021
5.021816060874389,11.424999999999999,1.1500000000000021
5.02281606087439,11.424999999999999,1.1500000000000021
5.02381606087439,11.424999999999999,1.1500000000000021
5.02481606087439,11.424999999999999,1.1500000000000021
5.025816060874391,11.424999999999999,1.1500000000000021
5.026816060874391,11.424999999999999,1.1500000000000021
5.027816060874391,11.424999999999999,1.1500000000000021
5.028816060874392,11.424999999999999,1.1500000000000021
5.029816060874392,11.424999999999999,1.1500000000000021
5.030816060874392,11.424999999999999,1.1500000000000021
5.031816060874393,11.424999999999999,1.1500000000000021
5.032816060874393,11.424999999999999,1.1500000000000021
5.033816060874393,11.424999999999999,1.1500000000000021
5.034816060874394,11.424999999999999,1.1500000000000021
5.035816060874394,11.424999999999999,1.1500000000000021
5.036816060874394,11.424999999999999,1.1500000000000021
5.037816060874395,11.424999999999999,1.1500000000000021
5.038816060874395,11.424999999999999,1.1500000000000021
5.039816060874395,11.424999999999999,1.1500000000000021
5.040816060874396,11.424999999999999,1.1500000000000021
5.041816060874396,11.424999999999999,1.1500000000000021
5.042816060874396,11.424999999999999,1.1500000000000021
5.043816060874397,11.424999999999999,1.1500000000000021
5.044816060874397,11.424999999999999,1.1500000000000021
5.045816060874397,11.424999999999999,1.1500000000000021
5.046816060874398,11.424999999999999,1.1500000000000021
5.047816060874398,11.424999999999999,1.1500000000000021
5.048816060874398,11.424999999999999,1.1500000000000021
5.049816060874399,11.424999999999999,1.1500000000000021
5.050816060874399,11.424999999999999,1.1500000000000021
5.051816060874399,11.424999999999999,1.1500000000000021
5.0528160608744,11.424999999999999,1.1500000000000021
5.0538160608744,11.424999999999999,1.1500000000000021
5.0548160608744,11.424999999999999,1.1500000000000021
5.055816060874401,11.424999999999999,1.1500000000000021
5.056816060874401,11.424999999999999,1.1500000000000021
5.057816060874401,11.424999999999999,1.1500000000000021
5.058816060874402,11.424999999999999,1.1500000000000021
5.059816060874402,11.424999999999999,1.1500000000000021
5.060816060874402,11.424999999999999,1.1500000000000021
5.061816060874403,11.424999999999999,1.1500000000000021
5.062816060874403,11.424999999999999,1.1500000000000021
5.063816060874403,11.424999999999999,1.1500000000000021
5.064816060874404,11.424999999999999,1.1500000000000021
5.065816060874404,11.424999999999999,1.1500000000000021
5.066816060874404,11.424999999999999,1.1500000000000021
5.067816060874405,11.424999999999999,1.1500000000000021
5.068816060874405,11.424999999999999,1.1500000000000021
5.069816060874405,11.424999999999999,1.1500000000000021
5.070816060874406,11.424999999999999,1.1500000000000021
5.071816060874406,11.424999999999999,1.1500000000000021
5.072816060874406,11.424999999999999,1.1500000000000021
5.073816060874407,11.424999999999999,1.1500000000000021
5.074816060874407,11.424999999999999,1.1500000000000021
5.075816060874407,11.424999999999999,1.1500000000000021
5.076816060874408,11.424999999999999,1.1500000000000021
5.077816060874408,11.424999999999999,1.1500000000000021
5.078816060874408,11.424999999999999,1.1500000000000021
5.079816060874409,11.424999999999999,1.1500000000000021
5.080816060874409,11.424999999999999,1.1500000000000021
5.081816060874409,11.424999999999999,1.1500000000000021
5.08281606087441,11.424999999999999,1.1500000000000021
5.08381606087441,11.424999999999999,1.1500000000000021
5.08481606087441,11.424999999999999,1.1500000000000021
5.085816060874411,11.424999999999999,1.1500000000000021
5.086816060874411,11.424999999999999,1.1500000000000021
5.087816060874411,11.424999999999999,1.1500000000000021
5.088816060874412,11.424999999999999,1.1500000000000021
5.089816060874412,11.424999999999999,1.1500000000000021
5.090816060874412,11.424999999999999,1.1500000000000021
5.091816060874413,11.424999999999999,1.1500000000000021
5.092816060874413,11.424999999999999,1.1500000000000021
5.093816060874413,11.424999999999999,1.1500000000000021
5.094816060874414,11.424999999999999,1.1500000000000021
5.095816060874414,11.424999999999999,1.1500000000000021
5.096816060874414,11.424999999999999,1.1500000000000021
5.097816060874415,11.424999999999999,1.1500000000000021
5.098816060874415,11.424999999999999,1.1500000000000021
5.099816060874415,11.424999999999999,1.1500000000000021
5.100816060874416,11.424999999999999,1.1500000000000021
5.101816060874416,11.424999999999999,1.1500000000000021
5.102816060874416,11.424999999999999,1.1500000000000021
5.103816060874417,11.424999999999999,1.1500000000000021
5.104816060874417,11.424999999999999,1.1500000000000021
5.105816060874417,11.424999999999999,1.1500000000000021
5.106816060874418,11.424999999999999,1.1500000000000021
5.107816060874418,11.424999999999999,1.1500000000000021
5.108816060874418,11.424999999999999,1.1500000000000021
5.109816060874419,11.424999999999999,1.1500000000000021
5.110816060874419,11.424999999999999,1.1500000000000021
5.111816060874419,11.424999999999999,1.1500000000000021
5.11281606087442,11.424999999999999,1.1500000000000021
5.11381606087442,11.424999999999999,1.1500000000000021
5.11481606087442,11.424999999999999,1.1500000000000021
5.115816060874421,11.424999999999999,1.1500000000000021
5.116816060874421,11.424999999999999,1.1500000000000021
5.117816060874421,11.424999999999999,1.1500000000000021
5.118816060874422,11.424999999999999,1.1500000000000021
5.119816060874422,11.424999999999999,1.1500000000000021
5.120816060874422,11.424999999999999,1.1500000000000021
5.121816060874423,11.424999999999999,1.1500000000000021
5.122816060874423,11.424999999999999,1.1500000000000021
5.123816060874423,11.424999999999999,1.1500000000000021
5.124816060874424,11.424999999999999,1.1500000000000021
5.125816060874424,11.424999999999999,1.1500000000000021
5.126816060874424,11.424999999999999,1.1500000000000021
5.127816060874425,11.424999999999999,1.1500000000000021
5.128816060874425,11.424999999999999,1.1500000000000021
5.129816060874425,11.424999999999999,1.1500000000000021
5.130816060874426,11.424999999999999,1.1500000000000021
5.131816060874426,11.424999999999999,1.1500000000000021
5.132816060874426,11.424999999999999,1.1500000000000021
5.133816060874427,11.424999999999999,1.1500000000000021
5.134816060874427,11.424999999999999,1.1500000000000021
5.135816060874427,11.424999999999999,1.1500000000000021
5.136816060874428,11.424999999999999,1.1500000000000021
5.137816060874428,11.424999999999999,1.1500000000000021
5.138816060874428,11.424999999999999,1.1500000000000021
5.139816060874429,11.424999999999999,1.1500000000000021
5.140816060874429,11.424999999999999,1.1500000000000021
5.141816060874429,11.424999999999999,1.1500000000000021
5.14281606087443,11.424999999999999,1.1500000000000021
5.14381606087443,11.424999999999999,1.1500000000000021
5.14481606087443,11.424999999999999,1.1500000000000021
5.145816060874431,11.424999999999999,1.1500000000000021
5.146816060874431,11.424999999999999,1.1500000000000021
5.147816060874431,11.424999999999999,1.1500000000000021
5.148816060874432,11.424999999999999,1.1500000000000021
5.149816060874432,11.424999999999999,1.1500000000000021
5.1508160608744324,11.424999999999999,1.1500000000000021
5.151816060874433,11.424999999999999,1.1500000000000021
5.152816060874433,11.424999999999999,1.1500000000000021
5.1538160608744334,11.424999999999999,1.1500000000000021
5.154816060874434,11.424999999999999,1.1500000000000021
5.155816060874434,11.424999999999999,1.1500000000000021
5.1568160608744344,11.424999999999999,1.1500000000000021
5.157816060874435,11.424999999999999,1.1500000000000021
5.158816060874435,11.424999999999999,1.1500000000000021
5.1598160608744355,11.424999999999999,1.1500000000000021
5.160816060874436,11.424999999999999,1.1500000000000021
5.161816060874436,11.424999999999999,1.1500000000000021
5.1628160608744365,11.424999999999999,1.1500000000000021
5.163816060874437,11.424999999999999,1.1500000000000021
5.164816060874437,11.424999999999999,1.1500000000000021
5.1658160608744375,11.424999999999999,1.1500000000000021
5.166816060874438,11.424999999999999,1.1500000000000021
5.167816060874438,11.424999999999999,1.1500000000000021
5.1688160608744385,11.424999999999999,1.1500000000000021
5.169816060874439,11.424999999999999,1.1500000000000021
5.170816060874439,11.424999999999999,1.1500000000000021
5.1718160608744395,11.424999999999999,1.1500000000000021
5.17281606087444,11.424999999999999,1.1500000000000021
5.17381606087444,11.424999999999999,1.1500000000000021
5.1748160608744405,11.424999999999999,1.1500000000000021
5.175816060874441,11.424999999999999,1.1500000000000021
5.176816060874441,11.424999999999999,1.1500000000000021
5.1778160608744415,11.424999999999999,1.1500000000000021
5.178816060874442,11.424999999999999,1.1500000000000021
5.179816060874442,11.424999999999999,1.1500000000000021
5.1808160608744425,11.424999999999999,1.1500000000000021
5.181816060874443,11.424999999999999,1.1500000000000021
5.182816060874443,11.424999999999999,1.1500000000000021
5.1838160608744435,11.424999999999999,1.1500000000000021
5.184816060874444,11.424999999999999,1.1500000000000021
5.185816060874444,11.424999999999999,1.1500000000000021
5.1868160608744445,11.424999999999999,1.1500000000000021
5.187816060874445,11.424999999999999,1.1500000000000021
5.188816060874445,11.424999999999999,1.1500000000000021
5.1898160608744455,11.424999999999999,1.1500000000000021
5.190816060874446,11.424999999999999,1.1500000000000021
5.191816060874446,11.424999999999999,1.1500000000000021
5.1928160608744465,11.424999999999999,1.1500000000000021
5.193816060874447,11.424999999999999,1.1500000000000021
5.194816060874447,11.424999999999999,1.1500000000000021
5.1958160608744475,11.424999999999999,1.1500000000000021
5.196816060874448,11.424999999999999,1.1500000000000021
5.197816060874448,11.424999999999999,1.1500000000000021
5.1988160608744485,11.424999999999999,1.1500000000000021
5.199816060874449,11.424999999999999,1.1500000000000021
5.200816060874449,11.424999999999999,1.1500000000000021
5.2018160608744495,11.424999999999999,1.1500000000000021
5.20281606087445,11.424999999999999,1.1500000000000021
5.20381606087445,11.424999999999999,1.1500000000000021
5.2048160608744505,11.424999999999999,1.1500000000000021
5.205816060874451,11.424999999999999,1.1500000000000021
5.206816060874451,11.424999999999999,1.1500000000000021
5.2078160608744515,11.424999999999999,1.1500000000000021
5.208816060874452,11.424999999999999,1.1500000000000021
5.209816060874452,11.424999999999999,1.1500000000000021
5.2108160608744525,11.424999999999999,1.1500000000000021
5.211816060874453,11.424999999999999,1.1500000000000021
5.212816060874453,11.424999999999999,1.1500000000000021
5.2138160608744535,11.424999999999999,1.1500000000000021
5.214816060874454,11.424999999999999,1.1500000000000021
5.215816060874454,11.424999999999999,1.1500000000000021
5.2168160608744545,11.424999999999999,1.1500000000000021
5.217816060874455,11.424999999999999,1.1500000000000021
5.218816060874455,11.424999999999999,1.1500000000000021
5.2198160608744555,11.424999999999999,1.1500000000000021
5.220816060874456,11.424999999999999,1.1500000000000021
5.221816060874456,11.424999999999999,1.1500000000000021
5.2228160608744565,11.424999999999999,1.1500000000000021
5.223816060874457,11.424999999999999,1.1500000000000021
5.224816060874457,11.424999999999999,1.1500000000000021
5.2258160608744575,11.424999999999999,1.1500000000000021
5.226816060874458,11.424999999999999,1.1500000000000021
5.227816060874458,11.424999999999999,1.1500000000000021
5.2288160608744585,11.424999999999999,1.1500000000000021
5.229816060874459,11.424999999999999,1.1500000000000021
5.230816060874459,11.424999999999999,1.1500000000000021
5.2318160608744595,11.424999999999999,1.1500000000000021
5.23281606087446,11.424999999999999,1.1500000000000021
5.23381606087446,11.424999999999999,1.1500000000000021
5.2348160608744605,11.424999999999999,1.1500000000000021
5.235816060874461,11.424999999999999,1.1500000000000021
5.236816060874461,11.424999999999999,1.1500000000000021
5.2378160608744615,11.424999999999999,1.1500000000000021
5.238816060874462,11.424999999999999,1.1500000000000021
5.239816060874462,11.424999999999999,1.1500000000000021
5.2408160608744625,11.424999999999999,1.1500000000000021
5.241816060874463,11.424999999999999,1.1500000000000021
5.242816060874463,11.424999999999999,1.1500000000000021
5.2438160608744635,11.424999999999999,1.1500000000000021
5.244816060874464,11.424999999999999,1.1500000000000021
5.245816060874464,11.424999999999999,1.1500000000000021
5.2468160608744645,11.424999999999999,1.1500000000000021
5.247816060874465,11.424999999999999,1.1500000000000021
5.248816060874465,11.424999999999999,1.1500000000000021
5.2498160608744655,11.424999999999999,1.1500000000000021
5.250816060874466,11.424999999999999,1.1500000000000021
5.251816060874466,11.424999999999999,1.1500000000000021
5.2528160608744665,11.424999999999999,1.1500000000000021
5.253816060874467,11.424999999999999,1.1500000000000021
5.254816060874467,11.424999999999999,1.1500000000000021
5.2558160608744675,11.424999999999999,1.1500000000000021
5.256816060874468,11.424999999999999,1.1500000000000021
5.257816060874468,11.424999999999999,1.1500000000000021
5.2588160608744685,11.424999999999999,1.1500000000000021
5.259816060874469,11.424999999999999,1.1500000000000021
5.260816060874469,11.424999999999999,1.1500000000000021
5.2618160608744695,11.424999999999999,1.1500000000000021
5.26281606087447,11.424999999999999,1.1500000000000021
5.26381606087447,11.424999999999999,1.1500000000000021
5.2648160608744705,11.424999999999999,1.1500000000000021
5.265816060874471,11.424999999999999,1.1500000000000021
5.266816060874471,11.424999999999999,1.1500000000000021
5.2678160608744715,11.424999999999999,1.1500000000000021
5.268816060874472,11.424999999999999,1.1500000000000021
5.269816060874472,11.424999999999999,1.1500000000000021
5.2708160608744725,11.424999999999999,1.1500000000000021
5.271816060874473,11.424999999999999,1.1500000000000021
5.272816060874473,11.424999999999999,1.1500000000000021
5.2738160608744735,11.424999999999999,1.1500000000000021
5.274816060874474,11.424999999999999,1.1500000000000021
5.275816060874474,11.424999999999999,1.1500000000000021
5.2768160608744745,11.424999999999999,1.1500000000000021
5.277816060874475,11.424999999999999,1.1500000000000021
5.278816060874475,11.424999999999999,1.1500000000000021
5.2798160608744755,11.424999999999999,1.1500000000000021
5.280816060874476,11.424999999999999,1.1500000000000021
5.281816060874476,11.424999999999999,1.1500000000000021
5.2828160608744765,11.424999999999999,1.1500000000000021
5.283816060874477,11.424999999999999,1.1500000000000021
5.284816060874477,11.424999999999999,1.1500000000000021
5.2858160608744775,11.424999999999999,1.1500000000000021
5.286816060874478,11.424999999999999,1.1500000000000021
5.287816060874478,11.424999999999999,1.1500000000000021
5.2888160608744785,11.424999999999999,1.1500000000000021
5.289816060874479,11.424999999999999,1.1500000000000021
5.290816060874479,11.424999999999999,1.1500000000000021
5.2918160608744795,11.424999999999999,1.1500000000000021
5.29281606087448,11.424999999999999,1.1500000000000021
5.29381606087448,11.424999999999999,1.1500000000000021
5.2948160608744805,11.424999999999999,1.1500000000000021
5.295816060874481,11.424999999999999,1.1500000000000021
5.296816060874481,11.424999999999999,1.1500000000000021
5.2978160608744815,11.424999999999999,1.1500000000000021
5.298816060874482,11.424999999999999,1.1500000000000021
5.299816060874482,11.424999999999999,1.1500000000000021
5.3008160608744825,11.424999999999999,1.1500000000000021
5.301816060874483,11.424999999999999,1.1500000000000021
5.302816060874483,11.424999999999999,1.1500000000000021
5.3038160608744835,11.424999999999999,1.1500000000000021
5.304816060874484,11.424999999999999,1.1500000000000021
5.305816060874484,11.424999999999999,1.1500000000000021
5.3068160608744845,11.424999999999999,1.1500000000000021
5.307816060874485,11.424999999999999,1.1500000000000021
5.308816060874485,11.424999999999999,1.1500000000000021
5.3098160608744855,11.424999999999999,1.1500000000000021
5.310816060874486,11.424999999999999,1.1500000000000021
5.311816060874486,11.424999999999999,1.1500000000000021
5.3128160608744865,11.424999999999999,1.1500000000000021
5.313816060874487,11.424999999999999,1.1500000000000021
5.314816060874487,11.424999999999999,1.1500000000000021
5.3158160608744875,11.424999999999999,1.1500000000000021
5.316816060874488,11.424999999999999,1.1500000000000021
5.317816060874488,11.424999999999999,1.1500000000000021
5.3188160608744885,11.424999999999999,1.1500000000000021
5.319816060874489,11.424999999999999,1.1500000000000021
5.320816060874489,11.424999999999999,1.1500000000000021
5.3218160608744896,11.424999999999999,1.1500000000000021
5.32281606087449,11.424999999999999,1.1500000000000021
5.32381606087449,11.424999999999999,1.1500000000000021
5.3248160608744906,11.424999999999999,1.1500000000000021
5.325816060874491,11.424999999999999,1.1500000000000021
5.326816060874491,11.424999999999999,1.1500000000000021
5.3278160608744916,11.424999999999999,1.1500000000000021
5.328816060874492,11.424999999999999,1.1500000000000021
5.329816060874492,11.424999999999999,1.1500000000000021
5.330816060874493,11.424999999999999,1.1500000000000021
5.331816060874493,11.424999999999999,1.1500000000000021
5.332816060874493,11.424999999999999,1.1500000000000021
5.333816060874494,11.424999999999999,1.1500000000000021
5.334816060874494,11.424999999999999,1.1500000000000021
5.335816060874494,11.424999999999999,1.1500000000000021
5.336816060874495,11.424999999999999,1.1500000000000021
5.337816060874495,11.424999999999999,1.1500000000000021
5.338816060874495,11.424999999999999,1.1500000000000021
5.339816060874496,11.424999999999999,1.1500000000000021
5.340816060874496,11.424999999999999,1.1500000000000021
5.341816060874496,11.424999999999999,1.1500000000000021
5.342816060874497,11.424999999999999,1.1500000000000021
5.343816060874497,11.424999999999999,1.1500000000000021
5.344816060874497,11.424999999999999,1.1500000000000021
5.345816060874498,11.424999999999999,1.1500000000000021
5.346816060874498,11.424999999999999,1.1500000000000021
5.347816060874498,11.424999999999999,1.1500000000000021
5.348816060874499,11.424999999999999,1.1500000000000021
5.349816060874499,11.424999999999999,1.1500000000000021
5.350816060874499,11.424999999999999,1.1500000000000021
5.3518160608745,11.424999999999999,1.1500000000000021
5.3528160608745,11.424999999999999,1.1500000000000021
5.3538160608745,11.424999999999999,1.1500000000000021
5.354816060874501,11.424999999999999,1.1500000000000021
5.355816060874501,11.424999999999999,1.1500000000000021
5.356816060874501,11.424999999999999,1.1500000000000021
5.357816060874502,11.424999999999999,1.1500000000000021
5.358816060874502,11.424999999999999,1.1500000000000021
5.359816060874502,11.424999999999999,1.1500000000000021
5.360816060874503,11.424999999999999,1.1500000000000021
5.361816060874503,11.424999999999999,1.1500000000000021
5.362816060874503,11.424999999999999,1.1500000000000021
5.363816060874504,11.424999999999999,1.1500000000000021
5.364816060874504,11.424999999999999,1.1500000000000021
5.365816060874504,11.424999999999999,1.1500000000000021
5.366816060874505,11.424999999999999,1.1500000000000021
5.367816060874505,11.424999999999999,1.1500000000000021
5.368816060874505,11.424999999999999,1.1500000000000021
5.369816060874506,11.424999999999999,1.1500000000000021
5.370816060874506,11.424999999999999,1.1500000000000021
5.371816060874506,11.424999999999999,1.1500000000000021
5.372816060874507,11.424999999999999,1.1500000000000021
5.373816060874507,11.424999999999999,1.1500000000000021
5.374816060874507,11.424999999999999,1.1500000000000021
5.375816060874508,11.424999999999999,1.1500000000000021
5.376816060874508,11.424999999999999,1.1500000000000021
5.377816060874508,11.424999999999999,1.1500000000000021
5.378816060874509,11.424999999999999,1.1500000000000021
5.379816060874509,11.424999999999999,1.1500000000000021
5.380816060874509,11.424999999999999,1.1500000000000021
5.38181606087451,11.424999999999999,1.1500000000000021
5.38281606087451,11.424999999999999,1.1500000000000021
5.38381606087451,11.424999999999999,1.1500000000000021
5.384816060874511,11.424999999999999,1.1500000000000021
5.385816060874511,11.424999999999999,1.1500000000000021
5.386816060874511,11.424999999999999,1.1500000000000021
5.387816060874512,11.424999999999999,1.1500000000000021
5.388816060874512,11.424999999999999,1.1500000000000021
5.389816060874512,11.424999999999999,1.1500000000000021
5.390816060874513,11.424999999999999,1.1500000000000021
5.391816060874513,11.424999999999999,1.1500000000000021
5.392816060874513,11.424999999999999,1.1500000000000021
5.393816060874514,11.424999999999999,1.1500000000000021
5.394816060874514,11.424999999999999,1.1500000000000021
5.395816060874514,11.424999999999999,1.1500000000000021
5.396816060874515,11.424999999999999,1.1500000000000021
5.397816060874515,11.424999999999999,1.1500000000000021
5.398816060874515,11.424999999999999,1.1500000000000021
5.399816060874516,11.424999999999999,1.1500000000000021
5.400816060874516,11.424999999999999,1.1500000000000021
5.401816060874516,11.424999999999999,1.1500000000000021
5.402816060874517,11.424999999999999,1.1500000000000021
5.403816060874517,11.424999999999999,1.1500000000000021
5.404816060874517,11.424999999999999,1.1500000000000021
5.405816060874518,11.424999999999999,1.1500000000000021
5.406816060874518,11.424999999999999,1.1500000000000021
5.407816060874518,11.424999999999999,1.1500000000000021
5.408816060874519,11.424999999999999,1.1500000000000021
5.409816060874519,11.424999999999999,1.1500000000000021
5.410816060874519,11.424999999999999,1.1500000000000021
5.41181606087452,11.424999999999999,1.1500000000000021
5.41281606087452,11.424999999999999,1.1500000000000021
5.41381606087452,11.424999999999999,1.1500000000000021
5.414816060874521,11.424999999999999,1.1500000000000021
5.415816060874521,11.424999999999999,1.1500000000000021
5.416816060874521,11.424999999999999,1.1500000000000021
5.417816060874522,11.424999999999999,1.1500000000000021
5.418816060874522,11.424999999999999,1.1500000000000021
5.419816060874522,11.424999999999999,1.1500000000000021
5.420816060874523,11.424999999999999,1.1500000000000021
5.421816060874523,11.424999999999999,1.1500000000000021
5.422816060874523,11.424999999999999,1.1500000000000021
5.423816060874524,11.424999999999999,1.1500000000000021
5.424816060874524,11.424999999999999,1.1500000000000021
5.425816060874524,11.424999999999999,1.1500000000000021
5.426816060874525,11.424999999999999,1.1500000000000021
5.427816060874525,11.424999999999999,1.1500000000000021
5.428816060874525,11.424999999999999,1.1500000000000021
5.429816060874526,11.424999999999999,1.1500000000000021
5.430816060874526,11.424999999999999,1.1500000000000021
5.431816060874526,11.424999999999999,1.1500000000000021
5.432816060874527,11.424999999999999,1.1500000000000021
5.433816060874527,11.424999999999999,1.1500000000000021
5.434816060874527,11.424999999999999,1.1500000000000021
5.435816060874528,11.424999999999999,1.1500000000000021
5.436816060874528,11.424999999999999,1.1500000000000021
5.437816060874528,11.424999999999999,1.1500000000000021
5.438816060874529,11.424999999999999,1.1500000000000021
5.439816060874529,11.424999999999999,1.1500000000000021
5.440816060874529,11.424999999999999,1.1500000000000021
5.44181606087453,11.424999999999999,1.1500000000000021
5.44281606087453,11.424999999999999,1.1500000000000021
5.44381606087453,11.424999999999999,1.1500000000000021
5.444816060874531,11.424999999999999,1.1500000000000021
5.445816060874531,11.424999999999999,1.1500000000000021
5.446816060874531,11.424999999999999,1.1500000000000021
5.447816060874532,11.424999999999999,1.1500000000000021
5.448816060874532,11.424999999999999,1.1500000000000021
5.449816060874532,11.424999999999999,1.1500000000000021
5.450816060874533,11.424999999999999,1.1500000000000021
5.451816060874533,11.424999999999999,1.1500000000000021
5.452816060874533,11.424999999999999,1.1500000000000021
5.453816060874534,11.424999999999999,1.1500000000000021
5.454816060874534,11.424999999999999,1.1500000000000021
5.455816060874534,11.424999999999999,1.1500000000000021
5.456816060874535,11.424999999999999,1.1500000000000021
5.457816060874535,11.424999999999999,1.1500000000000021
5.458816060874535,11.424999999999999,1.1500000000000021
5.459816060874536,11.424999999999999,1.1500000000000021
5.460816060874536,11.424999999999999,1.1500000000000021
5.461816060874536,11.424999999999999,1.1500000000000021
5.462816060874537,11.424999999999999,1.1500000000000021
5.463816060874537,11.424999999999999,1.1500000000000021
5.464816060874537,11.424999999999999,1.1500000000000021
5.465816060874538,11.424999999999999,1.1500000000000021
5.466816060874538,11.424999999999999,1.1500000000000021
5.467816060874538,11.424999999999999,1.1500000000000021
5.468816060874539,11.424999999999999,1.1500000000000021
5.469816060874539,11.424999999999999,1.1500000000000021
5.470816060874539,11.424999999999999,1.1500000000000021
5.47181606087454,11.424999999999999,1.1500000000000021
5.47281606087454,11.424999999999999,1.1500000000000021
5.47381606087454,11.424999999999999,1.1500000000000021
5.474816060874541,11.424999999999999,1.1500000000000021
5.475816060874541,11.424999999999999,1.1500000000000021
5.476816060874541,11.424999999999999,1.1500000000000021
5.477816060874542,11.424999999999999,1.1500000000000021
5.478816060874542,11.424999999999999,1.1500000000000021
5.479816060874542,11.424999999999999,1.1500000000000021
5.480816060874543,11.424999999999999,1.1500000000000021
5.481816060874543,11.424999999999999,1.1500000000000021
5.482816060874543,11.424999999999999,1.1500000000000021
5.483816060874544,11.424999999999999,1.1500000000000021
5.484816060874544,11.424999999999999,1.1500000000000021
5.485816060874544,11.424999999999999,1.1500000000000021
5.486816060874545,11.424999999999999,1.1500000000000021
5.487816060874545,11.424999999999999,1.1500000000000021
5.488816060874545,11.424999999999999,1.1500000000000021
5.489816060874546,11.424999999999999,1.1500000000000021
5.490816060874546,11.424999999999999,1.1500000000000021
5.491816060874546,11.424999999999999,1.1500000000000021
5.492816060874547,11.424999999999999,1.1500000000000021
5.493816060874547,11.424999999999999,1.1500000000000021
5.494816060874547,11.424999999999999,1.1500000000000021
5.495816060874548,11.424999999999999,1.1500000000000021
5.496816060874548,11.424999999999999,1.1500000000000021
5.497816060874548,11.424999999999999,1.1500000000000021
5.498816060874549,11.424999999999999,1.1500000000000021
5.499816060874549,11.424999999999999,1.1500000000000021
5.500816060874549,11.424999999999999,1.1500000000000021
5.50181606087455,11.424999999999999,1.1500000000000021
5.50281606087455,11.424999999999999,1.1500000000000021
5.50381606087455,11.424999999999999,1.1500000000000021
5.504816060874551,11.424999999999999,1.1500000000000021
5.505816060874551,11.424999999999999,1.1500000000000021
5.506816060874551,11.424999999999999,1.1500000000000021
5.507816060874552,11.424999999999999,1.1500000000000021
5.508816060874552,11.424999999999999,1.1500000000000021
5.509816060874552,11.424999999999999,1.1500000000000021
5.510816060874553,11.424999999999999,1.1500000000000021
5.511816060874553,11.424999999999999,1.1500000000000021
5.512816060874553,11.424999999999999,1.1500000000000021
5.513816060874554,11.424999999999999,1.1500000000000021
5.514816060874554,11.424999999999999,1.1500000000000021
5.515816060874554,11.424999999999999,1.1500000000000021
5.516816060874555,11.424999999999999,1.1500000000000021
5.517816060874555,11.424999999999999,1.1500000000000021
5.518816060874555,11.424999999999999,1.1500000000000021
5.519816060874556,11.424999999999999,1.1500000000000021
5.520816060874556,11.424999999999999,1.1500000000000021
5.521816060874556,11.424999999999999,1.1500000000000021
5.522816060874557,11.424999999999999,1.1500000000000021
5.523816060874557,11.424999999999999,1.1500000000000021
5.524816060874557,11.424999999999999,1.1500000000000021
5.525816060874558,11.424999999999999,1.1500000000000021
5.526816060874558,11.424999999999999,1.1500000000000021
5.527816060874558,11.424999999999999,1.1500000000000021
5.528816060874559,11.424999999999999,1.1500000000000021
5.529816060874559,11.424999999999999,1.1500000000000021
5.530816060874559,11.424999999999999,1.1500000000000021
5.53181606087456,11.424999999999999,1.1500000000000021
5.53281606087456,11.424999999999999,1.1500000000000021
5.53381606087456,11.424999999999999,1.1500000000000021
5.534816060874561,11.424999999999999,1.1500000000000021
5.535816060874561,11.424999999999999,1.1500000000000021
5.536816060874561,11.424999999999999,1.1500000000000021
5.537816060874562,11.424999999999999,1.1500000000000021
5.538816060874562,11.424999999999999,1.1500000000000021
5.539816060874562,11.424999999999999,1.1500000000000021
5.540816060874563,11.424999999999999,1.1500000000000021
5.541816060874563,11.424999999999999,1.1500000000000021
5.542816060874563,11.424999999999999,1.1500000000000021
5.543816060874564,11.424999999999999,1.1500000000000021
5.544816060874564,11.424999999999999,1.1500000000000021
5.545816060874564,11.424999999999999,1.1500000000000021
5.546816060874565,11.424999999999999,1.1500000000000021
5.547816060874565,11.424999999999999,1.1500000000000021
5.548816060874565,11.424999999999999,1.1500000000000021
5.549816060874566,11.424999999999999,1.1500000000000021
5.550816060874566,11.424999999999999,1.1500000000000021
5.551816060874566,11.424999999999999,1.1500000000000021
5.552816060874567,11.424999999999999,1.1500000000000021
5.553816060874567,11.424999999999999,1.1500000000000021
5.554816060874567,11.424999999999999,1.1500000000000021
5.555816060874568,11.424999999999999,1.1500000000000021
5.556816060874568,11.424999999999999,1.1500000000000021
5.557816060874568,11.424999999999999,1.1500000000000021
5.558816060874569,11.424999999999999,1.1500000000000021
5.559816060874569,11.424999999999999,1.1500000000000021
5.560816060874569,11.424999999999999,1.1500000000000021
5.56181606087457,11.424999999999999,1.1500000000000021
5.56281606087457,11.424999999999999,1.1500000000000021
5.56381606087457,11.424999999999999,1.1500000000000021
5.564816060874571,11.424999999999999,1.1500000000000021
5.565816060874571,11.424999999999999,1.1500000000000021
5.566816060874571,11.424999999999999,1.1500000000000021
5.567816060874572,11.424999999999999,1.1500000000000021
5.568816060874572,11.424999999999999,1.1500000000000021
5.569816060874572,11.424999999999999,1.1500000000000021
5.570816060874573,11.424999999999999,1.1500000000000021
5.571816060874573,11.424999999999999,1.1500000000000021
5.572816060874573,11.424999999999999,1.1500000000000021
5.573816060874574,11.424999999999999,1.1500000000000021
5.574816060874574,11.424999999999999,1.1500000000000021
5.575816060874574,11.424999999999999,1.1500000000000021
5.576816060874575,11.424999999999999,1.1500000000000021
5.577816060874575,11.424999999999999,1.1500000000000021
5.578816060874575,11.424999999999999,1.1500000000000021
5.579816060874576,11.424999999999999,1.1500000000000021
5.580816060874576,11.424999999999999,1.1500000000000021
5.581816060874576,11.424999999999999,1.1500000000000021
5.582816060874577,11.424999999999999,1.1500000000000021
5.583816060874577,11.424999999999999,1.1500000000000021
5.584816060874577,11.424999999999999,1.1500000000000021
5.585816060874578,11.424999999999999,1.1500000000000021
5.586816060874578,11.424999999999999,1.1500000000000021
5.587816060874578,11.424999999999999,1.1500000000000021
5.588816060874579,11.424999999999999,1.1500000000000021
5.589816060874579,11.424999999999999,1.1500000000000021
5.590816060874579,11.424999999999999,1.1500000000000021
5.59181606087458,11.424999999999999,1.1500000000000021
5.59281606087458,11.424999999999999,1.1500000000000021
5.59381606087458,11.424999999999999,1.1500000000000021
5.594816060874581,11.424999999999999,1.1500000000000021
5.595816060874581,11.424999999999999,1.1500000000000021
5.596816060874581,11.424999999999999,1.1500000000000021
5.597816060874582,11.424999999999999,1.1500000000000021
5.598816060874582,11.424999999999999,1.1500000000000021
5.599816060874582,11.424999999999999,1.1500000000000021
5.600816060874583,11.424999999999999,1.1500000000000021
5.601816060874583,11.424999999999999,1.1500000000000021
5.602816060874583,11.424999999999999,1.1500000000000021
5.603816060874584,11.424999999999999,1.1500000000000021
5.604816060874584,11.424999999999999,1.1500000000000021
5.605816060874584,11.424999999999999,1.1500000000000021
5.606816060874585,11.424999999999999,1.1500000000000021
5.607816060874585,11.424999999999999,1.1500000000000021
5.608816060874585,11.424999999999999,1.1500000000000021
5.609816060874586,11.424999999999999,1.1500000000000021
5.610816060874586,11.424999999999999,1.1500000000000021
5.611816060874586,11.424999999999999,1.1500000000000021
5.612816060874587,11.424999999999999,1.1500000000000021
5.613816060874587,11.424999999999999,1.1500000000000021
5.614816060874587,11.424999999999999,1.1500000000000021
5.615816060874588,11.424999999999999,1.1500000000000021
5.616816060874588,11.424999999999999,1.1500000000000021
5.617816060874588,11.424999999999999,1.1500000000000021
5.618816060874589,11.424999999999999,1.1500000000000021
5.619816060874589,11.424999999999999,1.1500000000000021
5.620816060874589,11.424999999999999,1.1500000000000021
5.62181606087459,11.424999999999999,1.1500000000000021
5.62281606087459,11.424999999999999,1.1500000000000021
5.62381606087459,11.424999999999999,1.1500000000000021
5.624816060874591,11.424999999999999,1.1500000000000021
5.625816060874591,11.424999999999999,1.1500000000000021
5.626816060874591,11.424999999999999,1.1500000000000021
5.627816060874592,11.424999999999999,1.1500000000000021
5.628816060874592,11.424999999999999,1.1500000000000021
5.629816060874592,11.424999999999999,1.1500000000000021
5.630816060874593,11.424999999999999,1.1500000000000021
5.631816060874593,11.424999999999999,1.1500000000000021
5.632816060874593,11.424999999999999,1.1500000000000021
5.633816060874594,11.424999999999999,1.1500000000000021
5.634816060874594,11.424999999999999,1.1500000000000021
5.635816060874594,11.424999999999999,1.1500000000000021
5.636816060874595,11.424999999999999,1.1500000000000021
5.637816060874595,11.424999999999999,1.1500000000000021
5.638816060874595,11.424999999999999,1.1500000000000021
5.639816060874596,11.424999999999999,1.1500000000000021
5.640816060874596,11.424999999999999,1.1500000000000021
5.641816060874596,11.424999999999999,1.1500000000000021
5.642816060874597,11.424999999999999,1.1500000000000021
5.643816060874597,11.424999999999999,1.1500000000000021
5.644816060874597,11.424999999999999,1.1500000000000021
5.645816060874598,11.424999999999999,1.1500000000000021
5.646816060874598,11.424999999999999,1.1500000000000021
5.647816060874598,11.424999999999999,1.1500000000000021
5.648816060874599,11.424999999999999,1.1500000000000021
5.649816060874599,11.424999999999999,1.1500000000000021
5.650816060874599,11.424999999999999,1.1500000000000021
5.6518160608746,11.424999999999999,1.1500000000000021
5.6528160608746,11.424999999999999,1.1500000000000021
5.6538160608746,11.424999999999999,1.1500000000000021
5.654816060874601,11.424999999999999,1.1500000000000021
5.655816060874601,11.424999999999999,1.1500000000000021
5.656816060874601,11.424999999999999,1.1500000000000021
5.657816060874602,11.424999999999999,1.1500000000000021
5.658816060874602,11.424999999999999,1.1500000000000021
5.659816060874602,11.424999999999999,1.1500000000000021
5.660816060874603,11.424999999999999,1.1500000000000021
5.661816060874603,11.424999999999999,1.1500000000000021
5.662816060874603,11.424999999999999,1.1500000000000021
5.663816060874604,11.424999999999999,1.1500000000000021
5.664816060874604,11.424999999999999,1.1500000000000021
5.665816060874604,11.424999999999999,1.1500000000000021
5.666816060874605,11.424999999999999,1.1500000000000021
5.667816060874605,11.424999999999999,1.1500000000000021
5.668816060874605,11.424999999999999,1.1500000000000021
5.669816060874606,11.424999999999999,1.1500000000000021
5.670816060874606,11.424999999999999,1.1500000000000021
5.671816060874606,11.424999999999999,1.1500000000000021
5.672816060874607,11.424999999999999,1.1500000000000021
5.673816060874607,11.424999999999999,1.1500000000000021
5.674816060874607,11.424999999999999,1.1500000000000021
5.675816060874608,11.424999999999999,1.1500000000000021
5.676816060874608,11.424999999999999,1.1500000000000021
5.677816060874608,11.424999999999999,1.1500000000000021
5.678816060874609,11.424999999999999,1.1500000000000021
5.679816060874609,11.424999999999999,1.1500000000000021
5.680816060874609,11.424999999999999,1.1500000000000021
5.68181606087461,11.424999999999999,1.1500000000000021
5.68281606087461,11.424999999999999,1.1500000000000021
5.68381606087461,11.424999999999999,1.1500000000000021
5.684816060874611,11.424999999999999,1.1500000000000021
5.685816060874611,11.424999999999999,1.1500000000000021
5.6868160608746114,11.424999999999999,1.1500000000000021
5.687816060874612,11.424999999999999,1.1500000000000021
5.688816060874612,11.424999999999999,1.1500000000000021
5.6898160608746124,11.424999999999999,1.1500000000000021
5.690816060874613,11.424999999999999,1.1500000000000021
5.691816060874613,11.424999999999999,1.1500000000000021
5.6928160608746134,11.424999999999999,1.1500000000000021
5.693816060874614,11.424999999999999,1.1500000000000021
5.694816060874614,11.424999999999999,1.1500000000000021
5.6958160608746145,11.424999999999999,1.1500000000000021
5.696816060874615,11.424999999999999,1.1500000000000021
5.697816060874615,11.424999999999999,1.1500000000000021
5.6988160608746155,11.424999999999999,1.1500000000000021
5.699816060874616,11.424999999999999,1.1500000000000021
5.700816060874616,11.424999999999999,1.1500000000000021
5.7018160608746165,11.424999999999999,1.1500000000000021
5.702816060874617,11.424999999999999,1.1500000000000021
5.703816060874617,11.424999999999999,1.1500000000000021
5.7048160608746175,11.424999999999999,1.1500000000000021
5.705816060874618,11.424999999999999,1.1500000000000021
5.706816060874618,11.424999999999999,1.1500000000000021
5.7078160608746185,11.424999999999999,1.1500000000000021
5.708816060874619,11.424999999999999,1.1500000000000021
5.709816060874619,11.424999999999999,1.1500000000000021
5.7108160608746195,11.424999999999999,1.1500000000000021
5.71181606087462,11.424999999999999,1.1500000000000021
5.71281606087462,11.424999999999999,1.1500000000000021
5.7138160608746205,11.424999999999999,1.1500000000000021
5.714816060874621,11.424999999999999,1.1500000000000021
5.715816060874621,11.424999999999999,1.1500000000000021
5.7168160608746215,11.424999999999999,1.1500000000000021
5.717816060874622,11.424999999999999,1.1500000000000021
5.718816060874622,11.424999999999999,1.1500000000000021
5.7198160608746225,11.424999999999999,1.1500000000000021
5.720816060874623,11.424999999999999,1.1500000000000021
5.721816060874623,11.424999999999999,1.1500000000000021
5.7228160608746235,11.424999999999999,1.1500000000000021
5.723816060874624,11.424999999999999,1.1500000000000021
5.724816060874624,11.424999999999999,1.1500000000000021
5.7258160608746245,11.424999999999999,1.1500000000000021
5.726816060874625,11.424999999999999,1.1500000000000021
5.727816060874625,11.424999999999999,1.1500000000000021
5.7288160608746255,11.424999999999999,1.1500000000000021
5.729816060874626,11.424999999999999,1.1500000000000021
5.730816060874626,11.424999999999999,1.1500000000000021
5.7318160608746265,11.424999999999999,1.1500000000000021
5.732816060874627,11.424999999999999,1.1500000000000021
5.733816060874627,11.424999999999999,1.1500000000000021
5.7348160608746275,11.424999999999999,1.1500000000000021
5.735816060874628,11.424999999999999,1.1500000000000021
5.736816060874628,11.424999999999999,1.1500000000000021
5.7378160608746285,11.424999999999999,1.1500000000000021
5.738816060874629,11.424999999999999,1.1500000000000021
5.739816060874629,11.424999999999999,1.1500000000000021
5.7408160608746295,11.424999999999999,1.1500000000000021
5.74181606087463,11.424999999999999,1.1500000000000021
5.74281606087463,11.424999999999999,1.1500000000000021
5.7438160608746305,11.424999999999999,1.1500000000000021
5.744816060874631,11.424999999999999,1.1500000000000021
5.745816060874631,11.424999999999999,1.1500000000000021
5.7468160608746315,11.424999999999999,1.1500000000000021
5.747816060874632,11.424999999999999,1.1500000000000021
5.748816060874632,11.424999999999999,1.1500000000000021
5.7498160608746325,11.424999999999999,1.1500000000000021
5.750816060874633,11.424999999999999,1.1500000000000021
5.751816060874633,11.424999999999999,1.1500000000000021
5.7528160608746335,11.424999999999999,1.1500000000000021
5.753816060874634,11.424999999999999,1.1500000000000021
5.754816060874634,11.424999999999999,1.1500000000000021
5.7558160608746345,11.424999999999999,1.1500000000000021
5.756816060874635,11.424999999999999,1.1500000000000021
5.757816060874635,11.424999999999999,1.1500000000000021
5.7588160608746355,11.424999999999999,1.1500000000000021
5.759816060874636,11.424999999999999,1.1500000000000021
5.760816060874636,11.424999999999999,1.1500000000000021
5.7618160608746365,11.424999999999999,1.1500000000000021
5.762816060874637,11.424999999999999,1.1500000000000021
5.763816060874637,11.424999999999999,1.1500000000000021
5.7648160608746375,11.424999999999999,1.1500000000000021
5.765816060874638,11.424999999999999,1.1500000000000021
5.766816060874638,11.424999999999999,1.1500000000000021
5.7678160608746385,11.424999999999999,1.1500000000000021
5.768816060874639,11.424999999999999,1.1500000000000021
5.769816060874639,11.424999999999999,1.1500000000000021
5.7708160608746395,11.424999999999999,1.1500000000000021
5.77181606087464,11.424999999999999,1.1500000000000021
5.77281606087464,11.424999999999999,1.1500000000000021
5.7738160608746405,11.424999999999999,1.1500000000000021
5.774816060874641,11.424999999999999,1.1500000000000021
5.775816060874641,11.424999999999999,1.1500000000000021
5.7768160608746415,11.424999999999999,1.1500000000000021
5.777816060874642,11.424999999999999,1.1500000000000021
5.778816060874642,11.424999999999999,1.1500000000000021
5.7798160608746425,11.424999999999999,1.1500000000000021
5.780816060874643,11.424999999999999,1.1500000000000021
5.781816060874643,11.424999999999999,1.1500000000000021
5.7828160608746435,11.424999999999999,1.1500000000000021
5.783816060874644,11.424999999999999,1.1500000000000021
5.784816060874644,11.424999999999999,1.1500000000000021
5.7858160608746445,11.424999999999999,1.1500000000000021
5.786816060874645,11.424999999999999,1.1500000000000021
5.787816060874645,11.424999999999999,1.1500000000000021
5.7888160608746455,11.424999999999999,1.1500000000000021
5.789816060874646,11.424999999999999,1.1500000000000021
5.790816060874646,11.424999999999999,1.1500000000000021
5.7918160608746465,11.424999999999999,1.1500000000000021
5.792816060874647,11.424999999999999,1.1500000000000021
5.793816060874647,11.424999999999999,1.1500000000000021
5.7948160608746475,11.424999999999999,1.1500000000000021
5.795816060874648,11.424999999999999,1.1500000000000021
5.796816060874648,11.424999999999999,1.1500000000000021
5.7978160608746485,11.424999999999999,1.1500000000000021
5.798816060874649,11.424999999999999,1.1500000000000021
5.799816060874649,11.424999999999999,1.1500000000000021
5.8008160608746495,11.424999999999999,1.1500000000000021
5.80181606087465,11.424999999999999,1.1500000000000021
5.80281606087465,11.424999999999999,1.1500000000000021
5.8038160608746505,11.424999999999999,1.1500000000000021
5.804816060874651,11.424999999999999,1.1500000000000021
5.805816060874651,11.424999999999999,1.1500000000000021
5.8068160608746515,11.424999999999999,1.1500000000000021
5.807816060874652,11.424999999999999,1.1500000000000021
5.808816060874652,11.424999999999999,1.1500000000000021
5.8098160608746525,11.424999999999999,1.1500000000000021
5.810816060874653,11.424999999999999,1.1500000000000021
5.811816060874653,11.424999999999999,1.1500000000000021
5.8128160608746535,11.424999999999999,1.1500000000000021
5.813816060874654,11.424999999999999,1.1500000000000021
5.814816060874654,11.424999999999999,1.1500000000000021
5.8158160608746545,11.424999999999999,1.1500000000000021
5.816816060874655,11.424999999999999,1.1500000000000021
5.817816060874655,11.424999999999999,1.1500000000000021
5.8188160608746555,11.424999999999999,1.1500000000000021
5.819816060874656,11.424999999999999,1.1500000000000021
5.820816060874656,11.424999999999999,1.1500000000000021
5.8218160608746565,11.424999999999999,1.1500000000000021
5.822816060874657,11.424999999999999,1.1500000000000021
5.823816060874657,11.424999999999999,1.1500000000000021
5.8248160608746575,11.424999999999999,1.1500000000000021
5.825816060874658,11.424999999999999,1.1500000000000021
5.826816060874658,11.424999999999999,1.1500000000000021
5.8278160608746585,11.424999999999999,1.1500000000000021
5.828816060874659,11.424999999999999,1.1500000000000021
5.829816060874659,11.424999999999999,1.1500000000000021
5.8308160608746595,11.424999999999999,1.1500000000000021
5.83181606087466,11.424999999999999,1.1500000000000021
5.83281606087466,11.424999999999999,1.1500000000000021
5.8338160608746605,11.424999999999999,1.1500000000000021
5.834816060874661,11.424999999999999,1.1500000000000021
5.835816060874661,11.424999999999999,1.1500000000000021
5.8368160608746615,11.424999999999999,1.1500000000000021
5.837816060874662,11.424999999999999,1.1500000000000021
5.838816060874662,11.424999999999999,1.1500000000000021
5.8398160608746625,11.424999999999999,1.1500000000000021
5.840816060874663,11.424999999999999,1.1500000000000021
5.841816060874663,11.424999999999999,1.1500000000000021
5.8428160608746635,11.424999999999999,1.1500000000000021
5.843816060874664,11.424999999999999,1.1500000000000021
5.844816060874664,11.424999999999999,1.1500000000000021
5.8458160608746645,11.424999999999999,1.1500000000000021
5.846816060874665,11.424999999999999,1.1500000000000021
5.847816060874665,11.424999999999999,1.1500000000000021
5.8488160608746655,11.424999999999999,1.1500000000000021
5.849816060874666,11.424999999999999,1.1500000000000021
5.850816060874666,11.424999999999999,1.1500000000000021
5.8518160608746665,11.424999999999999,1.1500000000000021
5.852816060874667,11.424999999999999,1.1500000000000021
5.853816060874667,11.424999999999999,1.1500000000000021
5.8548160608746675,11.424999999999999,1.1500000000000021
5.855816060874668,11.424999999999999,1.1500000000000021
5.856816060874668,11.424999999999999,1.1500000000000021
5.8578160608746686,11.424999999999999,1.1500000000000021
5.858816060874669,11.424999999999999,1.1500000000000021
5.859816060874669,11.424999999999999,1.1500000000000021
5.8608160608746696,11.424999999999999,1.1500000000000021
5.86181606087467,11.424999999999999,1.1500000000000021
5.86281606087467,11.424999999999999,1.1500000000000021
5.8638160608746706,11.424999999999999,1.1500000000000021
5.864816060874671,11.424999999999999,1.1500000000000021
5.865816060874671,11.424999999999999,1.1500000000000021
5.866816060874672,11.424999999999999,1.1500000000000021
5.867816060874672,11.424999999999999,1.1500000000000021
5.868816060874672,11.424999999999999,1.1500000000000021
5.869816060874673,11.424999999999999,1.1500000000000021
5.870816060874673,11.424999999999999,1.1500000000000021
5.871816060874673,11.424999999999999,1.1500000000000021
5.872816060874674,11.424999999999999,1.1500000000000021
5.873816060874674,11.424999999999999,1.1500000000000021
5.874816060874674,11.424999999999999,1.1500000000000021
5.875816060874675,11.424999999999999,1.1500000000000021
5.876816060874675,11.424999999999999,1.1500000000000021
5.877816060874675,11.424999999999999,1.1500000000000021
5.878816060874676,11.424999999999999,1.1500000000000021
5.879816060874676,11.424999999999999,1.1500000000000021
5.880816060874676,11.424999999999999,1.1500000000000021
5.881816060874677,11.424999999999999,1.1500000000000021
5.882816060874677,11.424999999999999,1.1500000000000021
5.883816060874677,11.424999999999999,1.1500000000000021
5.884816060874678,11.424999999999999,1.1500000000000021
5.885816060874678,11.424999999999999,1.1500000000000021
5.886816060874678,11.424999999999999,1.1500000000000021
5.887816060874679,11.424999999999999,1.1500000000000021
5.888816060874679,11.424999999999999,1.1500000000000021
5.889816060874679,11.424999999999999,1.1500000000000021
5.89081606087468,11.424999999999999,1.1500000000000021
5.89181606087468,11.424999999999999,1.1500000000000021
5.89281606087468,11.424999999999999,1.1500000000000021
5.893816060874681,11.424999999999999,1.1500000000000021
5.894816060874681,11.424999999999999,1.1500000000000021
5.895816060874681,11.424999999999999,1.1500000000000021
5.896816060874682,11.424999999999999,1.1500000000000021
5.897816060874682,11.424999999999999,1.1500000000000021
5.898816060874682,11.424999999999999,1.1500000000000021
5.899816060874683,11.424999999999999,1.1500000000000021
5.900816060874683,11.424999999999999,1.1500000000000021
5.901816060874683,11.424999999999999,1.1500000000000021
5.902816060874684,11.424999999999999,1.1500000000000021
5.903816060874684,11.424999999999999,1.1500000000000021
5.904816060874684,11.424999999999999,1.1500000000000021
5.905816060874685,11.424999999999999,1.1500000000000021
5.906816060874685,11.424999999999999,1.1500000000000021
5.907816060874685,11.424999999999999,1.1500000000000021
5.908816060874686,11.424999999999999,1.1500000000000021
5.909816060874686,11.424999999999999,1.1500000000000021
5.910816060874686,11.424999999999999,1.1500000000000021
5.911816060874687,11.424999999999999,1.1500000000000021
5.912816060874687,11.424999999999999,1.1500000000000021
5.913816060874687,11.424999999999999,1.1500000000000021
5.914816060874688,11.424999999999999,1.1500000000000021
5.915816060874688,11.424999999999999,1.1500000000000021
5.916816060874688,11.424999999999999,1.1500000000000021
5.917816060874689,11.424999999999999,1.1500000000000021
5.918816060874689,11.424999999999999,1.1500000000000021
5.919816060874689,11.424999999999999,1.1500000000000021
5.92081606087469,11.424999999999999,1.1500000000000021
5.92181606087469,11.424999999999999,1.1500000000000021
5.92281606087469,11.424999999999999,1.1500000000000021
5.923816060874691,11.424999999999999,1.1500000000000021
5.924816060874691,11.424999999999999,1.1500000000000021
5.925816060874691,11.424999999999999,1.1500000000000021
5.926816060874692,11.424999999999999,1.1500000000000021
5.927816060874692,11.424999999999999,1.1500000000000021
5.928816060874692,11.424999999999999,1.1500000000000021
5.929816060874693,11.424999999999999,1.1500000000000021
5.930816060874693,11.424999999999999,1.1500000000000021
5.931816060874693,11.424999999999999,1.1500000000000021
5.932816060874694,11.424999999999999,1.1500000000000021
5.933816060874694,11.424999999999999,1.1500000000000021
5.934816060874694,11.424999999999999,1.1500000000000021
5.935816060874695,11.424999999999999,1.1500000000000021
5.936816060874695,11.424999999999999,1.1500000000000021
5.937816060874695,11.424999999999999,1.1500000000000021
5.938816060874696,11.424999999999999,1.1500000000000021
5.939816060874696,11.424999999999999,1.1500000000000021
5.940816060874696,11.424999999999999,1.1500000000000021
5.941816060874697,11.424999999999999,1.1500000000000021
5.942816060874697,11.424999999999999,1.1500000000000021
5.943816060874697,11.424999999999999,1.1500000000000021
5.944816060874698,11.424999999999999,1.1500000000000021
5.945816060874698,11.424999999999999,1.1500000000000021
5.946816060874698,11.424999999999999,1.1500000000000021
5.947816060874699,11.424999999999999,1.1500000000000021
5.948816060874699,11.424999999999999,1.1500000000000021
5.949816060874699,11.424999999999999,1.1500000000000021
5.9508160608747,11.424999999999999,1.1500000000000021
5.9518160608747,11.424999999999999,1.1500000000000021
5.9528160608747,11.424999999999999,1.1500000000000021
5.953816060874701,11.424999999999999,1.1500000000000021
5.954816060874701,11.424999999999999,1.1500000000000021
5.955816060874701,11.424999999999999,1.1500000000000021
5.956816060874702,11.424999999999999,1.1500000000000021
5.957816060874702,11.424999999999999,1.1500000000000021
5.958816060874702,11.424999999999999,1.1500000000000021
5.959816060874703,11.424999999999999,1.1500000000000021
5.960816060874703,11.424999999999999,1.1500000000000021
5.961816060874703,11.424999999999999,1.1500000000000021
5.962816060874704,11.424999999999999,1.1500000000000021
5.963816060874704,11.424999999999999,1.1500000000000021
5.964816060874704,11.424999999999999,1.1500000000000021
5.965816060874705,11.424999999999999,1.1500000000000021
5.966816060874705,11.424999999999999,1.1500000000000021
5.967816060874705,11.424999999999999,1.1500000000000021
5.968816060874706,11.424999999999999,1.1500000000000021
5.969816060874706,11.424999999999999,1.1500000000000021
5.970816060874706,11.424999999999999,1.1500000000000021
5.971816060874707,11.424999999999999,1.1500000000000021
5.972816060874707,11.424999999999999,1.1500000000000021
5.973816060874707,11.424999999999999,1.1500000000000021
5.974816060874708,11.424999999999999,1.1500000000000021
5.975816060874708,11.424999999999999,1.1500000000000021
5.976816060874708,11.424999999999999,1.1500000000000021
5.977816060874709,11.424999999999999,1.1500000000000021
5.978816060874709,11.424999999999999,1.1500000000000021
5.979816060874709,11.424999999999999,1.1500000000000021
5.98081606087471,11.424999999999999,1.1500000000000021
5.98181606087471,11.424999999999999,1.1500000000000021
5.98281606087471,11.424999999999999,1.1500000000000021
5.983816060874711,11.424999999999999,1.1500000000000021
5.984816060874711,11.424999999999999,1.1500000000000021
5.985816060874711,11.424999999999999,1.1500000000000021
5.986816060874712,11.424999999999999,1.1500000000000021
5.987816060874712,11.424999999999999,1.1500000000000021
5.988816060874712,11.424999999999999,1.1500000000000021
5.989816060874713,11.424999999999999,1.1500000000000021
5.990816060874713,11.424999999999999,1.1500000000000021
5.991816060874713,11.424999999999999,1.1500000000000021
5.992816060874714,11.424999999999999,1.1500000000000021
5.993816060874714,11.424999999999999,1.1500000000000021
5.994816060874714,11.424999999999999,1.1500000000000021
5.995816060874715,11.424999999999999,1.1500000000000021
5.996816060874715,11.424999999999999,1.1500000000000021
5.997816060874715,11.424999999999999,1.1500000000000021
5.998816060874716,11.424999999999999,1.1500000000000021
5.999816060874716,11.424999999999999,1.1500000000000021
6.000816060874716,11.424999999999999,1.1500000000000021
6.001816060874717,11.424999999999999,1.1500000000000021
6.002816060874717,11.424999999999999,1.1500000000000021
6.003816060874717,11.424999999999999,1.1500000000000021
6.004816060874718,11.424999999999999,1.1500000000000021
6.005816060874718,11.424999999999999,1.1500000000000021
6.006816060874718,11.424999999999999,1.1500000000000021
6.007816060874719,11.424999999999999,1.1500000000000021
6.008816060874719,11.424999999999999,1.1500000000000021
6.009816060874719,11.424999999999999,1.1500000000000021
6.01081606087472,11.424999999999999,1.1500000000000021
6.01181606087472,11.424999999999999,1.1500000000000021
6.01281606087472,11.424999999999999,1.1500000000000021
6.013816060874721,11.424999999999999,1.1500000000000021
6.014816060874721,11.424999999999999,1.1500000000000021
6.015816060874721,11.424999999999999,1.1500000000000021
6.016816060874722,11.424999999999999,1.1500000000000021
6.017816060874722,11.424999999999999,1.1500000000000021
6.018816060874722,11.424999999999999,1.1500000000000021
6.019816060874723,11.424999999999999,1.1500000000000021
6.020816060874723,11.424999999999999,1.1500000000000021
6.021816060874723,11.424999999999999,1.1500000000000021
6.022816060874724,11.424999999999999,1.1500000000000021
6.023816060874724,11.424999999999999,1.1500000000000021
6.024816060874724,11.424999999999999,1.1500000000000021
6.025816060874725,11.424999999999999,1.1500000000000021
6.026816060874725,11.424999999999999,1.1500000000000021
6.027816060874725,11.424999999999999,1.1500000000000021
6.028816060874726,11.424999999999999,1.1500000000000021
6.029816060874726,11.424999999999999,1.1500000000000021
6.030816060874726,11.424999999999999,1.1500000000000021
6.031816060874727,11.424999999999999,1.1500000000000021
6.032816060874727,11.424999999999999,1.1500000000000021
6.033816060874727,11.424999999999999,1.1500000000000021
6.034816060874728,11.424999999999999,1.1500000000000021
6.035816060874728,11.424999999999999,1.1500000000000021
6.036816060874728,11.424999999999999,1.1500000000000021
6.037816060874729,11.424999999999999,1.1500000000000021
6.038816060874729,11.424999999999999,1.1500000000000021
6.039816060874729,11.424999999999999,1.1500000000000021
6.04081606087473,11.424999999999999,1.1500000000000021
6.04181606087473,11.424999999999999,1.1500000000000021
6.04281606087473,11.424999999999999,1.1500000000000021
6.043816060874731,11.424999999999999,1.1500000000000021
6.044816060874731,11.424999999999999,1.1500000000000021
6.045816060874731,11.424999999999999,1.1500000000000021
6.046816060874732,11.424999999999999,1.1500000000000021
6.047816060874732,11.424999999999999,1.1500000000000021
6.048816060874732,11.424999999999999,1.1500000000000021
6.049816060874733,11.424999999999999,1.1500000000000021
6.050816060874733,11.424999999999999,1.1500000000000021
6.051816060874733,11.424999999999999,1.1500000000000021
6.052816060874734,11.424999999999999,1.1500000000000021
6.053816060874734,11.424999999999999,1.1500000000000021
6.054816060874734,11.424999999999999,1.1500000000000021
6.055816060874735,11.424999999999999,1.1500000000000021
6.056816060874735,11.424999999999999,1.1500000000000021
6.057816060874735,11.424999999999999,1.1500000000000021
6.058816060874736,11.424999999999999,1.1500000000000021
6.059816060874736,11.424999999999999,1.1500000000000021
6.060816060874736,11.424999999999999,1.1500000000000021
6.061816060874737,11.424999999999999,1.1500000000000021
6.062816060874737,11.424999999999999,1.1500000000000021
6.063816060874737,11.424999999999999,1.1500000000000021
6.064816060874738,11.424999999999999,1.1500000000000021
6.065816060874738,11.424999999999999,1.1500000000000021
6.066816060874738,11.424999999999999,1.1500000000000021
6.067816060874739,11.424999999999999,1.1500000000000021
6.068816060874739,11.424999999999999,1.1500000000000021
6.069816060874739,11.424999999999999,1.1500000000000021
6.07081606087474,11.424999999999999,1.1500000000000021
6.07181606087474,11.424999999999999,1.1500000000000021
6.07281606087474,11.424999999999999,1.1500000000000021
6.073816060874741,11.424999999999999,1.1500000000000021
6.074816060874741,11.424999999999999,1.1500000000000021
6.075816060874741,11.424999999999999,1.1500000000000021
6.076816060874742,11.424999999999999,1.1500000000000021
6.077816060874742,11.424999999999999,1.1500000000000021
6.078816060874742,11.424999999999999,1.1500000000000021
6.079816060874743,11.424999999999999,1.1500000000000021
6.080816060874743,11.424999999999999,1.1500000000000021
6.081816060874743,11.424999999999999,1.1500000000000021
6.082816060874744,11.424999999999999,1.1500000000000021
6.083816060874744,11.424999999999999,1.1500000000000021
6.084816060874744,11.424999999999999,1.1500000000000021
6.085816060874745,11.424999999999999,1.1500000000000021
6.086816060874745,11.424999999999999,1.1500000000000021
6.087816060874745,11.424999999999999,1.1500000000000021
6.088816060874746,11.424999999999999,1.1500000000000021
6.089816060874746,11.424999999999999,1.1500000000000021
6.090816060874746,11.424999999999999,1.1500000000000021
6.091816060874747,11.424999999999999,1.1500000000000021
6.092816060874747,11.424999999999999,1.1500000000000021
6.093816060874747,11.424999999999999,1.1500000000000021
6.094816060874748,11.424999999999999,1.1500000000000021
6.095816060874748,11.424999999999999,1.1500000000000021
6.096816060874748,11.424999999999999,1.1500000000000021
6.097816060874749,11.424999999999999,1.1500000000000021
6.098816060874749,11.424999999999999,1.1500000000000021
6.099816060874749,11.424999999999999,1.1500000000000021
6.10081606087475,11.424999999999999,1.1500000000000021
6.10181606087475,11.424999999999999,1.1500000000000021
6.10281606087475,11.424999999999999,1.1500000000000021
6.103816060874751,11.424999999999999,1.1500000000000021
6.104816060874751,11.424999999999999,1.1500000000000021
6.105816060874751,11.424999999999999,1.1500000000000021
6.106816060874752,11.424999999999999,1.1500000000000021
6.107816060874752,11.424999999999999,1.1500000000000021
6.108816060874752,11.424999999999999,1.1500000000000021
6.109816060874753,11.424999999999999,1.1500000000000021
6.110816060874753,11.424999999999999,1.1500000000000021
6.111816060874753,11.424999999999999,1.1500000000000021
6.112816060874754,11.424999999999999,1.1500000000000021
6.113816060874754,11.424999999999999,1.1500000000000021
6.114816060874754,11.424999999999999,1.1500000000000021
6.115816060874755,11.424999999999999,1.1500000000000021
6.116816060874755,11.424999999999999,1.1500000000000021
6.117816060874755,11.424999999999999,1.1500000000000021
6.118816060874756,11.424999999999999,1.1500000000000021
6.119816060874756,11.424999999999999,1.1500000000000021
6.120816060874756,11.424999999999999,1.1500000000000021
6.121816060874757,11.424999999999999,1.1500000000000021
6.122816060874757,11.424999999999999,1.1500000000000021
6.123816060874757,11.424999999999999,1.1500000000000021
6.124816060874758,11.424999999999999,1.1500000000000021
6.125816060874758,11.424999999999999,1.1500000000000021
6.126816060874758,11.424999999999999,1.1500000000000021
6.127816060874759,11.424999999999999,1.1500000000000021
6.128816060874759,11.424999999999999,1.1500000000000021
6.129816060874759,11.424999999999999,1.1500000000000021
6.13081606087476,11.424999999999999,1.1500000000000021
6.13181606087476,11.424999999999999,1.1500000000000021
6.13281606087476,11.424999999999999,1.1500000000000021
6.133816060874761,11.424999999999999,1.1500000000000021
6.134816060874761,11.424999999999999,1.1500000000000021
6.135816060874761,11.424999999999999,1.1500000000000021
6.136816060874762,11.424999999999999,1.1500000000000021
6.137816060874762,11.424999999999999,1.1500000000000021
6.138816060874762,11.424999999999999,1.1500000000000021
6.139816060874763,11.424999999999999,1.1500000000000021
6.140816060874763,11.424999999999999,1.1500000000000021
6.141816060874763,11.424999999999999,1.1500000000000021
6.142816060874764,11.424999999999999,1.1500000000000021
6.143816060874764,11.424999999999999,1.1500000000000021
6.144816060874764,11.424999999999999,1.1500000000000021
6.145816060874765,11.424999999999999,1.1500000000000021
6.146816060874765,11.424999999999999,1.1500000000000021
6.147816060874765,11.424999999999999,1.1500000000000021
6.148816060874766,11.424999999999999,1.1500000000000021
6.149816060874766,11.424999999999999,1.1500000000000021
6.150816060874766,11.424999999999999,1.1500000000000021
6.151816060874767,11.424999999999999,1.1500000000000021
6.152816060874767,11.424999999999999,1.1500000000000021
6.153816060874767,11.424999999999999,1.1500000000000021
6.154816060874768,11.424999999999999,1.1500000000000021
6.155816060874768,11.424999999999999,1.1500000000000021
6.156816060874768,11.424999999999999,1.1500000000000021
6.157816060874769,11.424999999999999,1.1500000000000021
6.158816060874769,11.424999999999999,1.1500000000000021
6.159816060874769,11.424999999999999,1.1500000000000021
6.16081606087477,11.424999999999999,1.1500000000000021
6.16181606087477,11.424999999999999,1.1500000000000021
6.16281606087477,11.424999999999999,1.1500000000000021
6.163816060874771,11.424999999999999,1.1500000000000021
6.164816060874771,11.424999999999999,1.1500000000000021
6.165816060874771,11.424999999999999,1.1500000000000021
6.166816060874772,11.424999999999999,1.1500000000000021
6.167816060874772,11.424999999999999,1.1500000000000021
6.168816060874772,11.424999999999999,1.1500000000000021
6.169816060874773,11.424999999999999,1.1500000000000021
6.170816060874773,11.424999999999999,1.1500000000000021
6.171816060874773,11.424999999999999,1.1500000000000021
6.172816060874774,11.424999999999999,1.1500000000000021
6.173816060874774,11.424999999999999,1.1500000000000021
6.174816060874774,11.424999999999999,1.1500000000000021
6.175816060874775,11.424999999999999,1.1500000000000021
6.176816060874775,11.424999999999999,1.1500000000000021
6.177816060874775,11.424999999999999,1.1500000000000021
6.178816060874776,11.424999999999999,1.1500000000000021
6.179816060874776,11.424999999999999,1.1500000000000021
6.180816060874776,11.424999999999999,1.1500000000000021
6.181816060874777,11.424999999999999,1.1500000000000021
6.182816060874777,11.424999999999999,1.1500000000000021
6.183816060874777,11.424999999999999,1.1500000000000021
6.184816060874778,11.424999999999999,1.1500000000000021
6.185816060874778,11.424999999999999,1.1500000000000021
6.186816060874778,11.424999999999999,1.1500000000000021
6.187816060874779,11.424999999999999,1.1500000000000021
6.188816060874779,11.424999999999999,1.1500000000000021
6.189816060874779,11.424999999999999,1.1500000000000021
6.19081606087478,11.424999999999999,1.1500000000000021
6.19181606087478,11.424999999999999,1.1500000000000021
6.19281606087478,11.424999999999999,1.1500000000000021
6.193816060874781,11.424999999999999,1.1500000000000021
6.194816060874781,11.424999999999999,1.1500000000000021
6.195816060874781,11.424999999999999,1.1500000000000021
6.196816060874782,11.424999999999999,1.1500000000000021
6.197816060874782,11.424999999999999,1.1500000000000021
6.198816060874782,11.424999999999999,1.1500000000000021
6.199816060874783,11.424999999999999,1.1500000000000021
6.200816060874783,11.424999999999999,1.1500000000000021
6.201816060874783,11.424999999999999,1.1500000000000021
6.202816060874784,11.424999999999999,1.1500000000000021
6.203816060874784,11.424999999999999,1.1500000000000021
6.204816060874784,11.424999999999999,1.1500000000000021
6.205816060874785,11.424999999999999,1.1500000000000021
6.206816060874785,11.424999999999999,1.1500000000000021
6.207816060874785,11.424999999999999,1.1500000000000021
6.208816060874786,11.424999999999999,1.1500000000000021
6.209816060874786,11.424999999999999,1.1500000000000021
6.210816060874786,11.424999999999999,1.1500000000000021
6.211816060874787,11.424999999999999,1.1500000000000021
6.212816060874787,11.424999999999999,1.1500000000000021
6.213816060874787,11.424999999999999,1.1500000000000021
6.214816060874788,11.424999999999999,1.1500000000000021
6.215816060874788,11.424999999999999,1.1500000000000021
6.216816060874788,11.424999999999999,1.1500000000000021
6.217816060874789,11.424999999999999,1.1500000000000021
6.218816060874789,11.424999999999999,1.1500000000000021
6.219816060874789,11.424999999999999,1.1500000000000021
6.22081606087479,11.424999999999999,1.1500000000000021
6.22181606087479,11.424999999999999,1.1500000000000021
6.2228160608747904,11.424999999999999,1.1500000000000021
6.223816060874791,11.424999999999999,1.1500000000000021
6.224816060874791,11.424999999999999,1.1500000000000021
6.2258160608747914,11.424999999999999,1.1500000000000021
6.226816060874792,11.424999999999999,1.1500000000000021
6.227816060874792,11.424999999999999,1.1500000000000021
6.2288160608747924,11.424999999999999,1.1500000000000021
6.229816060874793,11.424999999999999,1.1500000000000021
6.230816060874793,11.424999999999999,1.1500000000000021
6.2318160608747935,11.424999999999999,1.1500000000000021
6.232816060874794,11.424999999999999,1.1500000000000021
6.233816060874794,11.424999999999999,1.1500000000000021
6.2348160608747945,11.424999999999999,1.1500000000000021
6.235816060874795,11.424999999999999,1.1500000000000021
6.236816060874795,11.424999999999999,1.1500000000000021
6.2378160608747955,11.424999999999999,1.1500000000000021
6.238816060874796,11.424999999999999,1.1500000000000021
6.239816060874796,11.424999999999999,1.1500000000000021
6.2408160608747965,11.424999999999999,1.1500000000000021
6.241816060874797,11.424999999999999,1.1500000000000021
6.242816060874797,11.424999999999999,1.1500000000000021
6.2438160608747975,11.424999999999999,1.1500000000000021
6.244816060874798,11.424999999999999,1.1500000000000021
6.245816060874798,11.424999999999999,1.1500000000000021
6.2468160608747985,11.424999999999999,1.1500000000000021
6.247816060874799,11.424999999999999,1.1500000000000021
6.248816060874799,11.424999999999999,1.1500000000000021
6.2498160608747995,11.424999999999999,1.1500000000000021
6.2508160608748,11.424999999999999,1.1500000000000021
6.2518160608748,11.424999999999999,1.1500000000000021
6.2528160608748005,11.424999999999999,1.1500000000000021
6.253816060874801,11.424999999999999,1.1500000000000021
6.254816060874801,11.424999999999999,1.1500000000000021
6.2558160608748015,11.424999999999999,1.1500000000000021
6.256816060874802,11.424999999999999,1.1500000000000021
6.257816060874802,11.424999999999999,1.1500000000000021
6.2588160608748025,11.424999999999999,1.1500000000000021
6.259816060874803,11.424999999999999,1.1500000000000021
6.260816060874803,11.424999999999999,1.1500000000000021
6.2618160608748035,11.424999999999999,1.1500000000000021
6.262816060874804,11.424999999999999,1.1500000000000021
6.263816060874804,11.424999999999999,1.1500000000000021
6.2648160608748045,11.424999999999999,1.1500000000000021
6.265816060874805,11.424999999999999,1.1500000000000021
6.266816060874805,11.424999999999999,1.1500000000000021
6.2678160608748055,11.424999999999999,1.1500000000000021
6.268816060874806,11.424999999999999,1.1500000000000021
6.269816060874806,11.424999999999999,1.1500000000000021
6.2708160608748065,11.424999999999999,1.1500000000000021
6.271816060874807,11.424999999999999,1.1500000000000021
6.272816060874807,11.424999999999999,1.1500000000000021
6.2738160608748075,11.424999999999999,1.1500000000000021
6.274816060874808,11.424999999999999,1.1500000000000021
6.275816060874808,11.424999999999999,1.1500000000000021
6.2768160608748085,11.424999999999999,1.1500000000000021
6.277816060874809,11.424999999999999,1.1500000000000021
6.278816060874809,11.424999999999999,1.1500000000000021
6.2798160608748095,11.424999999999999,1.1500000000000021
6.28081606087481,11.424999999999999,1.1500000000000021
6.28181606087481,11.424999999999999,1.1500000000000021
6.2828160608748105,11.424999999999999,1.1500000000000021
6.283816060874811,11.424999999999999,1.1500000000000021
6.284816060874811,11.424999999999999,1.1500000000000021
6.2858160608748115,11.424999999999999,1.1500000000000021
6.286816060874812,11.424999999999999,1.1500000000000021
6.287816060874812,11.424999999999999,1.1500000000000021
6.2888160608748125,11.424999999999999,1.1500000000000021
6.289816060874813,11.424999999999999,1.1500000000000021
6.290816060874813,11.424999999999999,1.1500000000000021
6.2918160608748135,11.424999999999999,1.1500000000000021
6.292816060874814,11.424999999999999,1.1500000000000021
6.293816060874814,11.424999999999999,1.1500000000000021
6.2948160608748145,11.424999999999999,1.1500000000000021
6.295816060874815,11.424999999999999,1.1500000000000021
6.296816060874815,11.424999999999999,1.1500000000000021
6.2978160608748155,11.424999999999999,1.1500000000000021
6.298816060874816,11.424999999999999,1.1500000000000021
6.299816060874816,11.424999999999999,1.1500000000000021
6.3008160608748165,11.424999999999999,1.1500000000000021
6.301816060874817,11.424999999999999,1.1500000000000021
6.302816060874817,11.424999999999999,1.1500000000000021
6.3038160608748175,11.424999999999999,1.1500000000000021
6.304816060874818,11.424999999999999,1.1500000000000021
6.305816060874818,11.424999999999999,1.1500000000000021
6.3068160608748185,11.424999999999999,1.1500000000000021
6.307816060874819,11.424999999999999,1.1500000000000021
6.308816060874819,11.424999999999999,1.1500000000000021
6.3098160608748195,11.424999999999999,1.1500000000000021
6.31081606087482,11.424999999999999,1.1500000000000021
6.31181606087482,11.424999999999999,1.1500000000000021
6.3128160608748205,11.424999999999999,1.1500000000000021
6.313816060874821,11.424999999999999,1.1500000000000021
6.314816060874821,11.424999999999999,1.1500000000000021
6.3158160608748215,11.424999999999999,1.1500000000000021
6.316816060874822,11.424999999999999,1.1500000000000021
6.317816060874822,11.424999999999999,1.1500000000000021
6.3188160608748225,11.424999999999999,1.1500000000000021
6.319816060874823,11.424999999999999,1.1500000000000021
6.320816060874823,11.424999999999999,1.1500000000000021
6.3218160608748235,11.424999999999999,1.1500000000000021
6.322816060874824,11.424999999999999,1.1500000000000021
6.323816060874824,11.424999999999999,1.1500000000000021
6.3248160608748245,11.424999999999999,1.1500000000000021
6.325816060874825,11.424999999999999,1.1500000000000021
6.326816060874825,11.424999999999999,1.1500000000000021
6.3278160608748255,11.424999999999999,1.1500000000000021
6.328816060874826,11.424999999999999,1.1500000000000021
6.329816060874826,11.424999999999999,1.1500000000000021
6.3308160608748265,11.424999999999999,1.1500000000000021
6.331816060874827,11.424999999999999,1.1500000000000021
6.332816060874827,11.424999999999999,1.1500000000000021
6.3338160608748275,11.424999999999999,1.1500000000000021
6.334816060874828,11.424999999999999,1.1500000000000021
6.335816060874828,11.424999999999999,1.1500000000000021
6.3368160608748285,11.424999999999999,1.1500000000000021
6.337816060874829,11.424999999999999,1.1500000000000021
6.338816060874829,11.424999999999999,1.1500000000000021
6.3398160608748295,11.424999999999999,1.1500000000000021
6.34081606087483,11.424999999999999,1.1500000000000021
6.34181606087483,11.424999999999999,1.1500000000000021
6.3428160608748305,11.424999999999999,1.1500000000000021
6.343816060874831,11.424999999999999,1.1500000000000021
6.344816060874831,11.424999999999999,1.1500000000000021
6.3458160608748315,11.424999999999999,1.1500000000000021
6.346816060874832,11.424999999999999,1.1500000000000021
6.347816060874832,11.424999999999999,1.1500000000000021
6.3488160608748325,11.424999999999999,1.1500000000000021
6.349816060874833,11.424999999999999,1.1500000000000021
6.350816060874833,11.424999999999999,1.1500000000000021
6.3518160608748335,11.424999999999999,1.1500000000000021
6.352816060874834,11.424999999999999,1.1500000000000021
6.353816060874834,11.424999999999999,1.1500000000000021
6.3548160608748345,11.424999999999999,1.1500000000000021
6.355816060874835,11.424999999999999,1.1500000000000021
6.356816060874835,11.424999999999999,1.1500000000000021
6.3578160608748355,11.424999999999999,1.1500000000000021
6.358816060874836,11.424999999999999,1.1500000000000021
6.359816060874836,11.424999999999999,1.1500000000000021
6.3608160608748365,11.424999999999999,1.1500000000000021
6.361816060874837,11.424999999999999,1.1500000000000021
6.362816060874837,11.424999999999999,1.1500000000000021
6.3638160608748375,11.424999999999999,1.1500000000000021
6.364816060874838,11.424999999999999,1.1500000000000021
6.365816060874838,11.424999999999999,1.1500000000000021
6.3668160608748385,11.424999999999999,1.1500000000000021
6.367816060874839,11.424999999999999,1.1500000000000021
6.368816060874839,11.424999999999999,1.1500000000000021
6.3698160608748395,11.424999999999999,1.1500000000000021
6.37081606087484,11.424999999999999,1.1500000000000021
6.37181606087484,11.424999999999999,1.1500000000000021
6.3728160608748405,11.424999999999999,1.1500000000000021
6.373816060874841,11.424999999999999,1.1500000000000021
6.374816060874841,11.424999999999999,1.1500000000000021
6.3758160608748415,11.424999999999999,1.1500000000000021
6.376816060874842,11.424999999999999,1.1500000000000021
6.377816060874842,11.424999999999999,1.1500000000000021
6.3788160608748425,11.424999999999999,1.1500000000000021
6.379816060874843,11.424999999999999,1.1500000000000021
6.380816060874843,11.424999999999999,1.1500000000000021
6.3818160608748435,11.424999999999999,1.1500000000000021
6.382816060874844,11.424999999999999,1.1500000000000021
6.383816060874844,11.424999999999999,1.1500000000000021
6.3848160608748445,11.424999999999999,1.1500000000000021
6.385816060874845,11.424999999999999,1.1500000000000021
6.386816060874845,11.424999999999999,1.1500000000000021
6.3878160608748455,11.424999999999999,1.1500000000000021
6.388816060874846,11.424999999999999,1.1500000000000021
6.389816060874846,11.424999999999999,1.1500000000000021
6.3908160608748465,11.424999999999999,1.1500000000000021
6.391816060874847,11.424999999999999,1.1500000000000021
6.392816060874847,11.424999999999999,1.1500000000000021
6.3938160608748476,11.424999999999999,1.1500000000000021
6.394816060874848,11.424999999999999,1.1500000000000021
6.395816060874848,11.424999999999999,1.1500000000000021
6.3968160608748486,11.424999999999999,1.1500000000000021
6.397816060874849,11.424999999999999,1.1500000000000021
6.398816060874849,11.424999999999999,1.1500000000000021
6.3998160608748496,11.424999999999999,1.1500000000000021
6.40081606087485,11.424999999999999,1.1500000000000021
6.40181606087485,11.424999999999999,1.1500000000000021
6.402816060874851,11.424999999999999,1.1500000000000021
6.403816060874851,11.424999999999999,1.1500000000000021
6.404816060874851,11.424999999999999,1.1500000000000021
6.405816060874852,11.424999999999999,1.1500000000000021
6.406816060874852,11.424999999999999,1.1500000000000021
6.407816060874852,11.424999999999999,1.1500000000000021
6.408816060874853,11.424999999999999,1.1500000000000021
6.409816060874853,11.424999999999999,1.1500000000000021
6.410816060874853,11.424999999999999,1.1500000000000021
6.411816060874854,11.424999999999999,1.1500000000000021
6.412816060874854,11.424999999999999,1.1500000000000021
6.413816060874854,11.424999999999999,1.1500000000000021
6.414816060874855,11.424999999999999,1.1500000000000021
6.415816060874855,11.424999999999999,1.1500000000000021
6.416816060874855,11.424999999999999,1.1500000000000021
6.417816060874856,11.424999999999999,1.1500000000000021
6.418816060874856,11.424999999999999,1.1500000000000021
6.419816060874856,11.424999999999999,1.1500000000000021
6.420816060874857,11.424999999999999,1.1500000000000021
6.421816060874857,11.424999999999999,1.1500000000000021
6.422816060874857,11.424999999999999,1.1500000000000021
6.423816060874858,11.424999999999999,1.1500000000000021
6.424816060874858,11.424999999999999,1.1500000000000021
6.425816060874858,11.424999999999999,1.1500000000000021
6.426816060874859,11.424999999999999,1.1500000000000021
6.427816060874859,11.424999999999999,1.1500000000000021
6.428816060874859,11.424999999999999,1.1500000000000021
6.42981606087486,11.424999999999999,1.1500000000000021
6.43081606087486,11.424999999999999,1.1500000000000021
6.43181606087486,11.424999999999999,1.1500000000000021
6.432816060874861,11.424999999999999,1.1500000000000021
6.433816060874861,11.424999999999999,1.1500000000000021
6.434816060874861,11.424999999999999,1.1500000000000021
6.435816060874862,11.424999999999999,1.1500000000000021
6.436816060874862,11.424999999999999,1.1500000000000021
6.437816060874862,11.424999999999999,1.1500000000000021
6.438816060874863,11.424999999999999,1.1500000000000021
6.439816060874863,11.424999999999999,1.1500000000000021
6.440816060874863,11.424999999999999,1.1500000000000021
6.441816060874864,11.424999999999999,1.1500000000000021
6.442816060874864,11.424999999999999,1.1500000000000021
6.443816060874864,11.424999999999999,1.1500000000000021
6.444816060874865,11.424999999999999,1.1500000000000021
6.445816060874865,11.424999999999999,1.1500000000000021
6.446816060874865,11.424999999999999,1.1500000000000021
6.447816060874866,11.424999999999999,1.1500000000000021
6.448816060874866,11.424999999999999,1.1500000000000021
6.449816060874866,11.424999999999999,1.1500000000000021
6.450816060874867,11.424999999999999,1.1500000000000021
6.451816060874867,11.424999999999999,1.1500000000000021
6.452816060874867,11.424999999999999,1.1500000000000021
6.453816060874868,11.424999999999999,1.1500000000000021
6.454816060874868,11.424999999999999,1.1500000000000021
6.455816060874868,11.424999999999999,1.1500000000000021
6.456816060874869,11.424999999999999,1.1500000000000021
6.457816060874869,11.424999999999999,1.1500000000000021
6.458816060874869,11.424999999999999,1.1500000000000021
6.45981606087487,11.424999999999999,1.1500000000000021
6.46081606087487,11.424999999999999,1.1500000000000021
6.46181606087487,11.424999999999999,1.1500000000000021
6.462816060874871,11.424999999999999,1.1500000000000021
6.463816060874871,11.424999999999999,1.1500000000000021
6.464816060874871,11.424999999999999,1.1500000000000021
6.465816060874872,11.424999999999999,1.1500000000000021
6.466816060874872,11.424999999999999,1.1500000000000021
6.467816060874872,11.424999999999999,1.1500000000000021
6.468816060874873,11.424999999999999,1.1500000000000021
6.469816060874873,11.424999999999999,1.1500000000000021
6.470816060874873,11.424999999999999,1.1500000000000021
6.471816060874874,11.424999999999999,1.1500000000000021
6.472816060874874,11.424999999999999,1.1500000000000021
6.473816060874874,11.424999999999999,1.1500000000000021
6.474816060874875,11.424999999999999,1.1500000000000021
6.475816060874875,11.424999999999999,1.1500000000000021
6.476816060874875,11.424999999999999,1.1500000000000021
6.477816060874876,11.424999999999999,1.1500000000000021
6.478816060874876,11.424999999999999,1.1500000000000021
6.479816060874876,11.424999999999999,1.1500000000000021
6.480816060874877,11.424999999999999,1.1500000000000021
6.481816060874877,11.424999999999999,1.1500000000000021
6.482816060874877,11.424999999999999,1.1500000000000021
6.483816060874878,11.424999999999999,1.1500000000000021
6.484816060874878,11.424999999999999,1.1500000000000021
6.485816060874878,11.424999999999999,1.1500000000000021
6.486816060874879,11.424999999999999,1.1500000000000021
6.487816060874879,11.424999999999999,1.1500000000000021
6.488816060874879,11.424999999999999,1.1500000000000021
6.48981606087488,11.424999999999999,1.1500000000000021
6.49081606087488,11.424999999999999,1.1500000000000021
6.49181606087488,11.424999999999999,1.1500000000000021
6.492816060874881,11.424999999999999,1.1500000000000021
6.493816060874881,11.424999999999999,1.1500000000000021
6.494816060874881,11.424999999999999,1.1500000000000021
6.495816060874882,11.424999999999999,1.1500000000000021
6.496816060874882,11.424999999999999,1.1500000000000021
6.497816060874882,11.424999999999999,1.1500000000000021
6.498816060874883,11.424999999999999,1.1500000000000021
6.499816060874883,11.424999999999999,1.1500000000000021
6.500816060874883,11.424999999999999,1.1500000000000021
6.501816060874884,11.424999999999999,1.1500000000000021
6.502816060874884,11.424999999999999,1.1500000000000021
6.503816060874884,11.424999999999999,1.1500000000000021
6.504816060874885,11.424999999999999,1.1500000000000021
6.505816060874885,11.424999999999999,1.1500000000000021
6.506816060874885,11.424999999999999,1.1500000000000021
6.507816060874886,11.424999999999999,1.1500000000000021
6.508816060874886,11.424999999999999,1.1500000000000021
6.509816060874886,11.424999999999999,1.1500000000000021
6.510816060874887,11.424999999999999,1.1500000000000021
6.511816060874887,11.424999999999999,1.1500000000000021
6.512816060874887,11.424999999999999,1.1500000000000021
6.513816060874888,11.424999999999999,1.1500000000000021
6.514816060874888,11.424999999999999,1.1500000000000021
6.515816060874888,11.424999999999999,1.1500000000000021
6.516816060874889,11.424999999999999,1.1500000000000021
6.517816060874889,11.424999999999999,1.1500000000000021
6.518816060874889,11.424999999999999,1.1500000000000021
6.51981606087489,11.424999999999999,1.1500000000000021
6.52081606087489,11.424999999999999,1.1500000000000021
6.52181606087489,11.424999999999999,1.1500000000000021
6.522816060874891,11.424999999999999,1.1500000000000021
6.523816060874891,11.424999999999999,1.1500000000000021
6.524816060874891,11.424999999999999,1.1500000000000021
6.525816060874892,11.424999999999999,1.1500000000000021
6.526816060874892,11.424999999999999,1.1500000000000021
6.527816060874892,11.424999999999999,1.1500000000000021
6.528816060874893,11.424999999999999,1.1500000000000021
6.529816060874893,11.424999999999999,1.1500000000000021
6.530816060874893,11.424999999999999,1.1500000000000021
6.531816060874894,11.424999999999999,1.1500000000000021
6.532816060874894,11.424999999999999,1.1500000000000021
6.533816060874894,11.424999999999999,1.1500000000000021
6.534816060874895,11.424999999999999,1.1500000000000021
6.535816060874895,11.424999999999999,1.1500000000000021
6.536816060874895,11.424999999999999,1.1500000000000021
6.537816060874896,11.424999999999999,1.1500000000000021
6.538816060874896,11.424999999999999,1.1500000000000021
6.539816060874896,11.424999999999999,1.1500000000000021
6.540816060874897,11.424999999999999,1.1500000000000021
6.541816060874897,11.424999999999999,1.1500000000000021
6.542816060874897,11.424999999999999,1.1500000000000021
6.543816060874898,11.424999999999999,1.1500000000000021
6.544816060874898,11.424999999999999,1.1500000000000021
6.545816060874898,11.424999999999999,1.1500000000000021
6.546816060874899,11.424999999999999,1.1500000000000021
6.547816060874899,11.424999999999999,1.1500000000000021
6.548816060874899,11.424999999999999,1.1500000000000021
6.5498160608749,11.424999999999999,1.1500000000000021
6.5508160608749,11.424999999999999,1.1500000000000021
6.5518160608749,11.424999999999999,1.1500000000000021
6.552816060874901,11.424999999999999,1.1500000000000021
6.553816060874901,11.424999999999999,1.1500000000000021
6.554816060874901,11.424999999999999,1.1500000000000021
6.555816060874902,11.424999999999999,1.1500000000000021
6.556816060874902,11.424999999999999,1.1500000000000021
6.557816060874902,11.424999999999999,1.1500000000000021
6.558816060874903,11.424999999999999,1.1500000000000021
6.559816060874903,11.424999999999999,1.1500000000000021
6.560816060874903,11.424999999999999,1.1500000000000021
6.561816060874904,11.424999999999999,1.1500000000000021
6.562816060874904,11.424999999999999,1.1500000000000021
6.563816060874904,11.424999999999999,1.1500000000000021
6.564816060874905,11.424999999999999,1.1500000000000021
6.565816060874905,11.424999999999999,1.1500000000000021
6.566816060874905,11.424999999999999,1.1500000000000021
6.567816060874906,11.424999999999999,1.1500000000000021
6.568816060874906,11.424999999999999,1.1500000000000021
6.569816060874906,11.424999999999999,1.1500000000000021
6.570816060874907,11.424999999999999,1.1500000000000021
6.571816060874907,11.424999999999999,1.1500000000000021
6.572816060874907,11.424999999999999,1.1500000000000021
6.573816060874908,11.424999999999999,1.1500000000000021
6.574816060874908,11.424999999999999,1.1500000000000021
6.575816060874908,11.424999999999999,1.1500000000000021
6.576816060874909,11.424999999999999,1.1500000000000021
6.577816060874909,11.424999999999999,1.1500000000000021
6.578816060874909,11.424999999999999,1.1500000000000021
6.57981606087491,11.424999999999999,1.1500000000000021
6.58081606087491,11.424999999999999,1.1500000000000021
6.58181606087491,11.424999999999999,1.1500000000000021
6.582816060874911,11.424999999999999,1.1500000000000021
6.583816060874911,11.424999999999999,1.1500000000000021
6.584816060874911,11.424999999999999,1.1500000000000021
6.585816060874912,11.424999999999999,1.1500000000000021
6.586816060874912,11.424999999999999,1.1500000000000021
6.587816060874912,11.424999999999999,1.1500000000000021
6.588816060874913,11.424999999999999,1.1500000000000021
6.589816060874913,11.424999999999999,1.1500000000000021
6.590816060874913,11.424999999999999,1.1500000000000021
6.591816060874914,11.424999999999999,1.1500000000000021
6.592816060874914,11.424999999999999,1.1500000000000021
6.593816060874914,11.424999999999999,1.1500000000000021
6.594816060874915,11.424999999999999,1.1500000000000021
6.595816060874915,11.424999999999999,1.1500000000000021
6.596816060874915,11.424999999999999,1.1500000000000021
6.597816060874916,11.424999999999999,1.1500000000000021
6.598816060874916,11.424999999999999,1.1500000000000021
6.599816060874916,11.424999999999999,1.1500000000000021
6.600816060874917,11.424999999999999,1.1500000000000021
6.601816060874917,11.424999999999999,1.1500000000000021
6.602816060874917,11.424999999999999,1.1500000000000021
6.603816060874918,11.424999999999999,1.1500000000000021
6.604816060874918,11.424999999999999,1.1500000000000021
6.605816060874918,11.424999999999999,1.1500000000000021
6.606816060874919,11.424999999999999,1.1500000000000021
6.607816060874919,11.424999999999999,1.1500000000000021
6.608816060874919,11.424999999999999,1.1500000000000021
6.60981606087492,11.424999999999999,1.1500000000000021
6.61081606087492,11.424999999999999,1.1500000000000021
6.61181606087492,11.424999999999999,1.1500000000000021
6.612816060874921,11.424999999999999,1.1500000000000021
6.613816060874921,11.424999999999999,1.1500000000000021
6.614816060874921,11.424999999999999,1.1500000000000021
6.615816060874922,11.424999999999999,1.1500000000000021
6.616816060874922,11.424999999999999,1.1500000000000021
6.617816060874922,11.424999999999999,1.1500000000000021
6.618816060874923,11.424999999999999,1.1500000000000021
6.619816060874923,11.424999999999999,1.1500000000000021
6.620816060874923,11.424999999999999,1.1500000000000021
6.621816060874924,11.424999999999999,1.1500000000000021
6.622816060874924,11.424999999999999,1.1500000000000021
6.623816060874924,11.424999999999999,1.1500000000000021
6.624816060874925,11.424999999999999,1.1500000000000021
6.625816060874925,11.424999999999999,1.1500000000000021
6.626816060874925,11.424999999999999,1.1500000000000021
6.627816060874926,11.424999999999999,1.1500000000000021
6.628816060874926,11.424999999999999,1.1500000000000021
6.629816060874926,11.424999999999999,1.1500000000000021
6.630816060874927,11.424999999999999,1.1500000000000021
6.631816060874927,11.424999999999999,1.1500000000000021
6.632816060874927,11.424999999999999,1.1500000000000021
6.633816060874928,11.424999999999999,1.1500000000000021
6.634816060874928,11.424999999999999,1.1500000000000021
6.635816060874928,11.424999999999999,1.1500000000000021
6.636816060874929,11.424999999999999,1.1500000000000021
6.637816060874929,11.424999999999999,1.1500000000000021
6.638816060874929,11.424999999999999,1.1500000000000021
6.63981606087493,11.424999999999999,1.1500000000000021
6.64081606087493,11.424999999999999,1.1500000000000021
6.64181606087493,11.424999999999999,1.1500000000000021
6.642816060874931,11.424999999999999,1.1500000000000021
6.643816060874931,11.424999999999999,1.1500000000000021
6.644816060874931,11.424999999999999,1.1500000000000021
6.645816060874932,11.424999999999999,1.1500000000000021
6.646816060874932,11.424999999999999,1.1500000000000021
6.647816060874932,11.424999999999999,1.1500000000000021
6.648816060874933,11.424999999999999,1.1500000000000021
6.649816060874933,11.424999999999999,1.1500000000000021
6.650816060874933,11.424999999999999,1.1500000000000021
6.651816060874934,11.424999999999999,1.1500000000000021
6.652816060874934,11.424999999999999,1.1500000000000021
6.653816060874934,11.424999999999999,1.1500000000000021
6.654816060874935,11.424999999999999,1.1500000000000021
6.655816060874935,11.424999999999999,1.1500000000000021
6.656816060874935,11.424999999999999,1.1500000000000021
6.657816060874936,11.424999999999999,1.1500000000000021
6.658816060874936,11.424999999999999,1.1500000000000021
6.659816060874936,11.424999999999999,1.1500000000000021
6.660816060874937,11.424999999999999,1.1500000000000021
6.661816060874937,11.424999999999999,1.1500000000000021
6.662816060874937,11.424999999999999,1.1500000000000021
6.663816060874938,11.424999999999999,1.1500000000000021
6.664816060874938,11.424999999999999,1.1500000000000021
6.665816060874938,11.424999999999999,1.1500000000000021
6.666816060874939,11.424999999999999,1.1500000000000021
6.667816060874939,11.424999999999999,1.1500000000000021
6.668816060874939,11.424999999999999,1.1500000000000021
6.66981606087494,11.424999999999999,1.1500000000000021
6.67081606087494,11.424999999999999,1.1500000000000021
6.67181606087494,11.424999999999999,1.1500000000000021
6.672816060874941,11.424999999999999,1.1500000000000021
6.673816060874941,11.424999999999999,1.1500000000000021
6.674816060874941,11.424999999999999,1.1500000000000021
6.675816060874942,11.424999999999999,1.1500000000000021
6.676816060874942,11.424999999999999,1.1500000000000021
6.677816060874942,11.424999999999999,1.1500000000000021
6.678816060874943,11.424999999999999,1.1500000000000021
6.679816060874943,11.424999999999999,1.1500000000000021
6.680816060874943,11.424999999999999,1.1500000000000021
6.681816060874944,11.424999999999999,1.1500000000000021
6.682816060874944,11.424999999999999,1.1500000000000021
6.683816060874944,11.424999999999999,1.1500000000000021
6.684816060874945,11.424999999999999,1.1500000000000021
6.685816060874945,11.424999999999999,1.1500000000000021
6.686816060874945,11.424999999999999,1.1500000000000021
6.687816060874946,11.424999999999999,1.1500000000000021
6.688816060874946,11.424999999999999,1.1500000000000021
6.689816060874946,11.424999999999999,1.1500000000000021
6.690816060874947,11.424999999999999,1.1500000000000021
6.691816060874947,11.424999999999999,1.1500000000000021
6.692816060874947,11.424999999999999,1.1500000000000021
6.693816060874948,11.424999999999999,1.1500000000000021
6.694816060874948,11.424999999999999,1.1500000000000021
6.695816060874948,11.424999999999999,1.1500000000000021
6.696816060874949,11.424999999999999,1.1500000000000021
6.697816060874949,11.424999999999999,1.1500000000000021
6.698816060874949,11.424999999999999,1.1500000000000021
6.69981606087495,11.424999999999999,1.1500000000000021
6.70081606087495,11.424999999999999,1.1500000000000021
6.70181606087495,11.424999999999999,1.1500000000000021
6.702816060874951,11.424999999999999,1.1500000000000021
6.703816060874951,11.424999999999999,1.1500000000000021
6.704816060874951,11.424999999999999,1.1500000000000021
6.705816060874952,11.424999999999999,1.1500000000000021
6.706816060874952,11.424999999999999,1.1500000000000021
6.707816060874952,11.424999999999999,1.1500000000000021
6.708816060874953,11.424999999999999,1.1500000000000021
6.709816060874953,11.424999999999999,1.1500000000000021
6.710816060874953,11.424999999999999,1.1500000000000021
6.711816060874954,11.424999999999999,1.1500000000000021
6.712816060874954,11.424999999999999,1.1500000000000021
6.713816060874954,11.424999999999999,1.1500000000000021
6.714816060874955,11.424999999999999,1.1500000000000021
6.715816060874955,11.424999999999999,1.1500000000000021
6.716816060874955,11.424999999999999,1.1500000000000021
6.717816060874956,11.424999999999999,1.1500000000000021
6.718816060874956,11.424999999999999,1.1500000000000021
6.719816060874956,11.424999999999999,1.1500000000000021
6.720816060874957,11.424999999999999,1.1500000000000021
6.721816060874957,11.424999999999999,1.1500000000000021
6.722816060874957,11.424999999999999,1.1500000000000021
6.723816060874958,11.424999999999999,1.1500000000000021
6.724816060874958,11.424999999999999,1.1500000000000021
6.725816060874958,11.424999999999999,1.1500000000000021
6.726816060874959,11.424999999999999,1.1500000000000021
6.727816060874959,11.424999999999999,1.1500000000000021
6.728816060874959,11.424999999999999,1.1500000000000021
6.72981606087496,11.424999999999999,1.1500000000000021
6.73081606087496,11.424999999999999,1.1500000000000021
6.73181606087496,11.424999999999999,1.1500000000000021
6.732816060874961,11.424999999999999,1.1500000000000021
6.733816060874961,11.424999999999999,1.1500000000000021
6.734816060874961,11.424999999999999,1.1500000000000021
6.735816060874962,11.424999999999999,1.1500000000000021
6.736816060874962,11.424999999999999,1.1500000000000021
6.737816060874962,11.424999999999999,1.1500000000000021
6.738816060874963,11.424999999999999,1.1500000000000021
6.739816060874963,11.424999999999999,1.1500000000000021
6.740816060874963,11.424999999999999,1.1500000000000021
6.741816060874964,11.424999999999999,1.1500000000000021
6.742816060874964,11.424999999999999,1.1500000000000021
6.743816060874964,11.424999999999999,1.1500000000000021
6.744816060874965,11.424999999999999,1.1500000000000021
6.745816060874965,11.424999999999999,1.1500000000000021
6.746816060874965,11.424999999999999,1.1500000000000021
6.747816060874966,11.424999999999999,1.1500000000000021
6.748816060874966,11.424999999999999,1.1500000000000021
6.749816060874966,11.424999999999999,1.1500000000000021
6.750816060874967,11.424999999999999,1.1500000000000021
6.751816060874967,11.424999999999999,1.1500000000000021
6.752816060874967,11.424999999999999,1.1500000000000021
6.753816060874968,11.424999999999999,1.1500000000000021
6.754816060874968,11.424999999999999,1.1500000000000021
6.755816060874968,11.424999999999999,1.1500000000000021
6.756816060874969,11.424999999999999,1.1500000000000021
6.757816060874969,11.424999999999999,1.1500000000000021
6.7588160608749694,11.424999999999999,1.1500000000000021
6.75981606087497,11.424999999999999,1.1500000000000021
6.76081606087497,11.424999999999999,1.1500000000000021
6.7618160608749704,11.424999999999999,1.1500000000000021
6.762816060874971,11.424999999999999,1.1500000000000021
6.763816060874971,11.424999999999999,1.1500000000000021
6.7648160608749714,11.424999999999999,1.1500000000000021
6.765816060874972,11.424999999999999,1.1500000000000021
6.766816060874972,11.424999999999999,1.1500000000000021
6.7678160608749725,11.424999999999999,1.1500000000000021
6.768816060874973,11.424999999999999,1.1500000000000021
6.769816060874973,11.424999999999999,1.1500000000000021
6.7708160608749735,11.424999999999999,1.1500000000000021
6.771816060874974,11.424999999999999,1.1500000000000021
6.772816060874974,11.424999999999999,1.1500000000000021
6.7738160608749745,11.424999999999999,1.1500000000000021
6.774816060874975,11.424999999999999,1.1500000000000021
6.775816060874975,11.424999999999999,1.1500000000000021
6.7768160608749755,11.424999999999999,1.1500000000000021
6.777816060874976,11.424999999999999,1.1500000000000021
6.778816060874976,11.424999999999999,1.1500000000000021
6.7798160608749765,11.424999999999999,1.1500000000000021
6.780816060874977,11.424999999999999,1.1500000000000021
6.781816060874977,11.424999999999999,1.1500000000000021
6.7828160608749775,11.424999999999999,1.1500000000000021
6.783816060874978,11.424999999999999,1.1500000000000021
6.784816060874978,11.424999999999999,1.1500000000000021
6.7858160608749785,11.424999999999999,1.1500000000000021
6.786816060874979,11.424999999999999,1.1500000000000021
6.787816060874979,11.424999999999999,1.1500000000000021
6.7888160608749795,11.424999999999999,1.1500000000000021
6.78981606087498,11.424999999999999,1.1500000000000021
6.79081606087498,11.424999999999999,1.1500000000000021
6.7918160608749805,11.424999999999999,1.1500000000000021
6.792816060874981,11.424999999999999,1.1500000000000021
6.793816060874981,11.424999999999999,1.1500000000000021
6.7948160608749815,11.424999999999999,1.1500000000000021
6.795816060874982,11.424999999999999,1.1500000000000021
6.796816060874982,11.424999999999999,1.1500000000000021
6.7978160608749825,11.424999999999999,1.1500000000000021
6.798816060874983,11.424999999999999,1.1500000000000021
6.799816060874983,11.424999999999999,1.1500000000000021
6.8008160608749835,11.424999999999999,1.1500000000000021
6.801816060874984,11.424999999999999,1.1500000000000021
6.802816060874984,11.424999999999999,1.1500000000000021
6.8038160608749845,11.424999999999999,1.1500000000000021
6.804816060874985,11.424999999999999,1.1500000000000021
6.805816060874985,11.424999999999999,1.1500000000000021
6.8068160608749855,11.424999999999999,1.1500000000000021
6.807816060874986,11.424999999999999,1.1500000000000021
6.808816060874986,11.424999999999999,1.1500000000000021
6.8098160608749865,11.424999999999999,1.1500000000000021
6.810816060874987,11.424999999999999,1.1500000000000021
6.811816060874987,11.424999999999999,1.1500000000000021
6.8128160608749875,11.424999999999999,1.1500000000000021
6.813816060874988,11.424999999999999,1.1500000000000021
6.814816060874988,11.424999999999999,1.1500000000000021
6.8158160608749885,11.424999999999999,1.1500000000000021
6.816816060874989,11.424999999999999,1.1500000000000021
6.817816060874989,11.424999999999999,1.1500000000000021
6.8188160608749895,11.424999999999999,1.1500000000000021
6.81981606087499,11.424999999999999,1.1500000000000021
6.82081606087499,11.424999999999999,1.1500000000000021
6.8218160608749905,11.424999999999999,1.1500000000000021
6.822816060874991,11.424999999999999,1.1500000000000021
6.823816060874991,11.424999999999999,1.1500000000000021
6.8248160608749915,11.424999999999999,1.1500000000000021
6.825816060874992,11.424999999999999,1.1500000000000021
6.826816060874992,11.424999999999999,1.1500000000000021
6.8278160608749925,11.424999999999999,1.1500000000000021
6.828816060874993,11.424999999999999,1.1500000000000021
6.829816060874993,11.424999999999999,1.1500000000000021
6.8308160608749935,11.424999999999999,1.1500000000000021
6.831816060874994,11.424999999999999,1.1500000000000021
6.832816060874994,11.424999999999999,1.1500000000000021
6.8338160608749945,11.424999999999999,1.1500000000000021
6.834816060874995,11.424999999999999,1.1500000000000021
6.835816060874995,11.424999999999999,1.1500000000000021
6.8368160608749955,11.424999999999999,1.1500000000000021
6.837816060874996,11.424999999999999,1.1500000000000021
6.838816060874996,11.424999999999999,1.1500000000000021
6.8398160608749965,11.424999999999999,1.1500000000000021
6.840816060874997,11.424999999999999,1.1500000000000021
6.841816060874997,11.424999999999999,1.1500000000000021
6.8428160608749975,11.424999999999999,1.1500000000000021
6.843816060874998,11.424999999999999,1.1500000000000021
6.844816060874998,11.424999999999999,1.1500000000000021
6.8458160608749985,11.424999999999999,1.1500000000000021
6.846816060874999,11.424999999999999,1.1500000000000021
6.847816060874999,11.424999999999999,1.1500000000000021
6.8488160608749995,11.424999999999999,1.1500000000000021
6.849816060875,11.424999999999999,1.1500000000000021
6.850816060875,11.424999999999999,1.1500000000000021
6.8518160608750005,11.424999999999999,1.1500000000000021
6.852816060875001,11.424999999999999,1.1500000000000021
6.853816060875001,11.424999999999999,1.1500000000000021
6.8548160608750015,11.424999999999999,1.1500000000000021
6.855816060875002,11.424999999999999,1.1500000000000021
6.856816060875002,11.424999999999999,1.1500000000000021
6.8578160608750025,11.424999999999999,1.1500000000000021
6.858816060875003,11.424999999999999,1.1500000000000021
6.859816060875003,11.424999999999999,1.1500000000000021
6.8608160608750035,11.424999999999999,1.1500000000000021
6.861816060875004,11.424999999999999,1.1500000000000021
6.862816060875004,11.424999999999999,1.1500000000000021
6.8638160608750045,11.424999999999999,1.1500000000000021
6.864816060875005,11.424999999999999,1.1500000000000021
6.865816060875005,11.424999999999999,1.1500000000000021
6.8668160608750055,11.424999999999999,1.1500000000000021
6.867816060875006,11.424999999999999,1.1500000000000021
6.868816060875006,11.424999999999999,1.1500000000000021
6.8698160608750065,11.424999999999999,1.1500000000000021
6.870816060875007,11.424999999999999,1.1500000000000021
6.871816060875007,11.424999999999999,1.1500000000000021
6.8728160608750075,11.424999999999999,1.1500000000000021
6.873816060875008,11.424999999999999,1.1500000000000021
6.874816060875008,11.424999999999999,1.1500000000000021
6.8758160608750085,11.424999999999999,1.1500000000000021
6.876816060875009,11.424999999999999,1.1500000000000021
6.877816060875009,11.424999999999999,1.1500000000000021
6.8788160608750095,11.424999999999999,1.1500000000000021
6.87981606087501,11.424999999999999,1.1500000000000021
6.88081606087501,11.424999999999999,1.1500000000000021
6.8818160608750105,11.424999999999999,1.1500000000000021
6.882816060875011,11.424999999999999,1.1500000000000021
6.883816060875011,11.424999999999999,1.1500000000000021
6.8848160608750115,11.424999999999999,1.1500000000000021
6.885816060875012,11.424999999999999,1.1500000000000021
6.886816060875012,11.424999999999999,1.1500000000000021
6.8878160608750125,11.424999999999999,1.1500000000000021
6.888816060875013,11.424999999999999,1.1500000000000021
6.889816060875013,11.424999999999999,1.1500000000000021
6.8908160608750135,11.424999999999999,1.1500000000000021
6.891816060875014,11.424999999999999,1.1500000000000021
6.892816060875014,11.424999999999999,1.1500000000000021
6.8938160608750145,11.424999999999999,1.1500000000000021
6.894816060875015,11.424999999999999,1.1500000000000021
6.895816060875015,11.424999999999999,1.1500000000000021
6.8968160608750155,11.424999999999999,1.1500000000000021
6.897816060875016,11.424999999999999,1.1500000000000021
6.898816060875016,11.424999999999999,1.1500000000000021
6.8998160608750165,11.424999999999999,1.1500000000000021
6.900816060875017,11.424999999999999,1.1500000000000021
6.901816060875017,11.424999999999999,1.1500000000000021
6.9028160608750175,11.424999999999999,1.1500000000000021
6.903816060875018,11.424999999999999,1.1500000000000021
6.904816060875018,11.424999999999999,1.1500000000000021
6.9058160608750185,11.424999999999999,1.1500000000000021
6.906816060875019,11.424999999999999,1.1500000000000021
6.907816060875019,11.424999999999999,1.1500000000000021
6.9088160608750195,11.424999999999999,1.1500000000000021
6.90981606087502,11.424999999999999,1.1500000000000021
6.91081606087502,11.424999999999999,1.1500000000000021
6.9118160608750205,11.424999999999999,1.1500000000000021
6.912816060875021,11.424999999999999,1.1500000000000021
6.913816060875021,11.424999999999999,1.1500000000000021
6.9148160608750215,11.424999999999999,1.1500000000000021
6.915816060875022,11.424999999999999,1.1500000000000021
6.916816060875022,11.424999999999999,1.1500000000000021
6.9178160608750225,11.424999999999999,1.1500000000000021
6.918816060875023,11.424999999999999,1.1500000000000021
6.919816060875023,11.424999999999999,1.1500000000000021
6.9208160608750235,11.424999999999999,1.1500000000000021
6.921816060875024,11.424999999999999,1.1500000000000021
6.922816060875024,11.424999999999999,1.1500000000000021
6.9238160608750245,11.424999999999999,1.1500000000000021
6.924816060875025,11.424999999999999,1.1500000000000021
6.925816060875025,11.424999999999999,1.1500000000000021
6.9268160608750255,11.424999999999999,1.1500000000000021
6.927816060875026,11.424999999999999,1.1500000000000021
6.928816060875026,11.424999999999999,1.1500000000000021
6.9298160608750266,11.424999999999999,1.1500000000000021
6.930816060875027,11.424999999999999,1.1500000000000021
6.931816060875027,11.424999999999999,1.1500000000000021
6.9328160608750276,11.424999999999999,1.1500000000000021
6.933816060875028,11.424999999999999,1.1500000000000021
6.934816060875028,11.424999999999999,1.1500000000000021
6.9358160608750286,11.424999999999999,1.1500000000000021
6.936816060875029,11.424999999999999,1.1500000000000021
6.937816060875029,11.424999999999999,1.1500000000000021
6.93881606087503,11.424999999999999,1.1500000000000021
6.93981606087503,11.424999999999999,1.1500000000000021
6.94081606087503,11.424999999999999,1.1500000000000021
6.941816060875031,11.424999999999999,1.1500000000000021
6.942816060875031,11.424999999999999,1.1500000000000021
6.943816060875031,11.424999999999999,1.1500000000000021
6.944816060875032,11.424999999999999,1.1500000000000021
6.945816060875032,11.424999999999999,1.1500000000000021
6.946816060875032,11.424999999999999,1.1500000000000021
6.947816060875033,11.424999999999999,1.1500000000000021
6.948816060875033,11.424999999999999,1.1500000000000021
6.949816060875033,11.424999999999999,1.1500000000000021
6.950816060875034,11.424999999999999,1.1500000000000021
6.951816060875034,11.424999999999999,1.1500000000000021
6.952816060875034,11.424999999999999,1.1500000000000021
6.953816060875035,11.424999999999999,1.1500000000000021
6.954816060875035,11.424999999999999,1.1500000000000021
6.955816060875035,11.424999999999999,1.1500000000000021
6.956816060875036,11.424999999999999,1.1500000000000021
6.957816060875036,11.424999999999999,1.1500000000000021
6.958816060875036,11.424999999999999,1.1500000000000021
6.959816060875037,11.424999999999999,1.1500000000000021
6.960816060875037,11.424999999999999,1.1500000000000021
6.961816060875037,11.424999999999999,1.1500000000000021
6.962816060875038,11.424999999999999,1.1500000000000021
6.963816060875038,11.424999999999999,1.1500000000000021
6.964816060875038,11.424999999999999,1.1500000000000021
6.965816060875039,11.424999999999999,1.1500000000000021
6.966816060875039,11.424999999999999,1.1500000000000021
6.967816060875039,11.424999999999999,1.1500000000000021
6.96881606087504,11.424999999999999,1.1500000000000021
6.96981606087504,11.424999999999999,1.1500000000000021
6.97081606087504,11.424999999999999,1.1500000000000021
6.971816060875041,11.424999999999999,1.1500000000000021
6.972816060875041,11.424999999999999,1.1500000000000021
6.973816060875041,11.424999999999999,1.1500000000000021
6.974816060875042,11.424999999999999,1.1500000000000021
6.975816060875042,11.424999999999999,1.1500000000000021
6.976816060875042,11.424999999999999,1.1500000000000021
6.977816060875043,11.424999999999999,1.1500000000000021
6.978816060875043,11.424999999999999,1.1500000000000021
6.979816060875043,11.424999999999999,1.1500000000000021
6.980816060875044,11.424999999999999,1.1500000000000021
6.981816060875044,11.424999999999999,1.1500000000000021
6.982816060875044,11.424999999999999,1.1500000000000021
6.983816060875045,11.424999999999999,1.1500000000000021
6.984816060875045,11.424999999999999,1.1500000000000021
6.985816060875045,11.424999999999999,1.1500000000000021
6.986816060875046,11.424999999999999,1.1500000000000021
6.987816060875046,11.424999999999999,1.1500000000000021
6.988816060875046,11.424999999999999,1.1500000000000021
6.989816060875047,11.424999999999999,1.1500000000000021
6.990816060875047,11.424999999999999,1.1500000000000021
6.991816060875047,11.424999999999999,1.1500000000000021
6.992816060875048,11.424999999999999,1.1500000000000021
6.993816060875048,11.424999999999999,1.1500000000000021
6.994816060875048,11.424999999999999,1.1500000000000021
6.995816060875049,11.424999999999999,1.1500000000000021
6.996816060875049,11.424999999999999,1.1500000000000021
6.997816060875049,11.424999999999999,1.1500000000000021
6.99881606087505,11.424999999999999,1.1500000000000021
6.999408030437525,11.425,1.1499999999999986
7.0,11.425,1.1499999999999986
