time_s,fan_supply_V,source_A
0.0,11.975,0.05000000000000071
1e-05,11.974999999999998,0.05000000000000426
2e-05,11.974999999999998,0.05000000000000426
4e-05,11.975000000000001,0.04999999999999716
8e-05,11.975000000000003,0.049999999999993605
0.00016,11.975000000000003,0.049999999999993605
0.00032,11.975000000000001,0.04999999999999716
0.00064,11.975000000000001,0.04999999999999716
0.00128,11.975,0.05000000000000071
0.00228,11.974999999999998,0.05000000000000426
0.00328,11.975,0.05000000000000071
0.00428,11.975,0.05000000000000071
0.00528,11.975,0.05000000000000071
0.00628,11.975,0.05000000000000071
0.00728,11.975,0.05000000000000071
0.00828,11.975,0.05000000000000071
0.00928,11.975,0.05000000000000071
0.010280000000000001,11.975,0.05000000000000071
0.011280000000000002,11.975,0.05000000000000071
0.012280000000000003,11.975,0.05000000000000071
0.013280000000000004,11.975,0.05000000000000071
0.014280000000000004,11.975,0.05000000000000071
0.015280000000000005,11.975,0.05000000000000071
0.016280000000000006,11.975,0.05000000000000071
0.017280000000000007,11.975,0.05000000000000071
0.018280000000000008,11.975,0.05000000000000071
0.01928000000000001,11.975,0.05000000000000071
0.02028000000000001,11.975,0.05000000000000071
0.02128000000000001,11.975,0.05000000000000071
0.02228000000000001,11.975,0.05000000000000071
0.023280000000000012,11.975,0.05000000000000071
0.024280000000000013,11.975,0.05000000000000071
0.025280000000000014,11.975,0.05000000000000071
0.026280000000000015,11.975,0.05000000000000071
0.027280000000000016,11.975,0.05000000000000071
0.028280000000000017,11.975,0.05000000000000071
0.029280000000000018,11.975,0.05000000000000071
0.03028000000000002,11.975,0.05000000000000071
0.031280000000000016,11.975,0.05000000000000071
0.03228000000000002,11.975,0.05000000000000071
0.03328000000000002,11.975,0.05000000000000071
0.03428000000000002,11.975,0.05000000000000071
0.03528000000000002,11.975,0.05000000000000071
0.03628000000000002,11.975,0.05000000000000071
0.03728000000000002,11.975,0.05000000000000071
0.03828000000000002,11.975,0.05000000000000071
0.03928000000000002,11.975,0.05000000000000071
0.040280000000000024,11.975,0.05000000000000071
0.041280000000000025,11.975,0.05000000000000071
0.042280000000000026,11.975,0.05000000000000071
0.04328000000000003,11.975,0.05000000000000071
0.04428000000000003,11.975,0.05000000000000071
0.04528000000000003,11.975,0.05000000000000071
0.04628000000000003,11.975,0.05000000000000071
0.04728000000000003,11.975,0.05000000000000071
0.04828000000000003,11.975,0.05000000000000071
0.04928000000000003,11.975,0.05000000000000071
0.05028000000000003,11.975,0.05000000000000071
0.051280000000000034,11.975,0.05000000000000071
0.052280000000000035,11.975,0.05000000000000071
0.053280000000000036,11.975,0.05000000000000071
0.05428000000000004,11.975,0.05000000000000071
0.05528000000000004,11.975,0.05000000000000071
0.05628000000000004,11.975,0.05000000000000071
0.05728000000000004,11.975,0.05000000000000071
0.05828000000000004,11.975,0.05000000000000071
0.05928000000000004,11.975,0.05000000000000071
0.06028000000000004,11.975,0.05000000000000071
0.06128000000000004,11.975,0.05000000000000071
0.062280000000000044,11.975,0.05000000000000071
0.06328000000000004,11.975,0.05000000000000071
0.06428000000000005,11.975,0.05000000000000071
0.06528000000000005,11.975,0.05000000000000071
0.06628000000000005,11.975,0.05000000000000071
0.06728000000000005,11.975,0.05000000000000071
0.06828000000000005,11.975,0.05000000000000071
0.06928000000000005,11.975,0.05000000000000071
0.07028000000000005,11.975,0.05000000000000071
0.07128000000000005,11.975,0.05000000000000071
0.07228000000000005,11.975,0.05000000000000071
0.07328000000000005,11.975,0.05000000000000071
0.07428000000000005,11.975,0.05000000000000071
0.07528000000000006,11.975,0.05000000000000071
0.07628000000000006,11.975,0.05000000000000071
0.07728000000000006,11.975,0.05000000000000071
0.07828000000000006,11.975,0.05000000000000071
0.07928000000000006,11.975,0.05000000000000071
0.08028000000000006,11.975,0.05000000000000071
0.08128000000000006,11.975,0.05000000000000071
0.08228000000000006,11.975,0.05000000000000071
0.08328000000000006,11.975,0.05000000000000071
0.08428000000000006,11.975,0.05000000000000071
0.08528000000000006,11.975,0.05000000000000071
0.08628000000000006,11.975,0.05000000000000071
0.08728000000000007,11.975,0.05000000000000071
0.08828000000000007,11.975,0.05000000000000071
0.08928000000000007,11.975,0.05000000000000071
0.09028000000000007,11.975,0.05000000000000071
0.09128000000000007,11.975,0.05000000000000071
0.09228000000000007,11.975,0.05000000000000071
0.09328000000000007,11.975,0.05000000000000071
0.09428000000000007,11.975,0.05000000000000071
0.09528000000000007,11.975,0.05000000000000071
0.09628000000000007,11.975,0.05000000000000071
0.09728000000000007,11.975,0.05000000000000071
0.09828000000000008,11.975,0.05000000000000071
0.09914000000000003,11.974999999999998,0.05000000000000426
0.1,11.975,0.05000000000000071
0.10000043893818182,11.974997899109217,0.05000420178156517
0.10000131681454545,11.97498870775255,0.05002258449490071
0.10000307256727273,11.97494686926909,0.05010626146182062
0.10000658407272728,11.974770478045327,0.050459043909345525
0.10001360708363637,11.974076481807407,0.05184703638518684
0.1000235822699828,11.972407245066226,0.05518550986754889
0.1000351366652352,11.96963293719816,0.06073412560368041
0.10004710034097807,11.965985565324896,0.0680288693502078
0.10006008298576378,11.961323056291443,0.07735388741711446
0.10007361757573255,11.955855119682875,0.08828976063425031
0.10008850468220151,11.94929834180729,0.10140331638541866
0.10010449072316241,11.941786760347608,0.11642647930478489
0.10012234350194178,11.932982596964147,0.13403480607170692
0.10014198037653393,11.922944061639432,0.15411187672113513
0.1001642677170846,11.911249099438496,0.1775018011230074
0.1001894432146861,11.897792152046186,0.20441569590762754
0.10021875477655862,11.881927538372349,0.23614492325530279
0.10025314102734878,11.863167541277113,0.2736649174457746
0.10029495392332853,11.840249875921993,0.3195002481560145
0.10034711010292756,11.811595366613872,0.37680926677225557
0.10041582484457556,11.773807481618375,0.4523850367632498
0.10051232059035464,11.720729918990235,0.5585401620195292
0.1006650240063152,11.636737935562861,0.7265241288742779
0.1008325120031576,11.544618153263169,0.9107636934736618
0.101,11.45249978153178,1.0950004369364414
0.10100043598581135,11.452262064069336,1.0954758718613284
0.10100130795743403,11.451791552418143,1.0964168951637134
0.10100305190067942,11.450873676418512,1.098252647162976
0.10100653978717018,11.449129446378183,1.1017411072436332
0.1010135155601517,11.445978008451196,1.108043983097609
0.10102336168730704,11.442199260226978,1.1156014795460436
0.10103472901346175,11.43865576954998,1.12268846090004
0.10104650027217484,11.43574223966563,1.1285155206687385
0.10105924663254741,11.433275125605416,1.1334497487891682
0.10107253406212939,11.431297945671789,1.1374041086564226
0.1010871188097737,11.42966006700835,1.1406798659833015
0.10110276771405385,11.428366420777754,1.1432671584444911
0.10112020290765329,11.427335632022746,1.1453287359545072
0.10113935004931977,11.426555655626323,1.146888688747353
0.10116101915800779,11.425973853804036,1.1480522923919274
0.10118543205555496,11.42556615835419,1.1488676832916198
0.10121374381253144,11.425293021722169,1.1494139565556623
0.1012468120568879,11.425126817564111,1.1497463648717776
0.1012867734173617,11.425036782683915,1.149926434632171
0.10133622621297139,11.424998230953847,1.1500035380923066
0.10140062601222923,11.424989078106883,1.1500218437862344
0.10148950828802412,11.424992679054146,1.1500146418917083
0.10162598338908078,11.42499806092588,1.1500038781482402
0.10187871052649751,11.425000488275556,1.1499990234488884
0.10238416480133096,11.425000343949057,1.1499993121018868
0.10338416480133096,11.425000017667289,1.1499999646654224
0.10438416480133096,11.424999993644654,1.1500000127106915
0.10538416480133096,11.424999998997938,1.1500000020041234
0.10638416480133096,11.425000000054585,1.1499999998908308
0.10738416480133096,11.425000000028382,1.1499999999432369
0.10838416480133096,11.42500000000137,1.1499999999972594
0.10938416480133097,11.424999999999468,1.1500000000010644
0.11038416480133097,11.424999999999919,1.150000000000162
0.11138416480133097,11.425000000000004,1.1499999999999915
0.11238416480133097,11.425000000000002,1.149999999999995
0.11338416480133097,11.424999999999999,1.1500000000000021
0.11438416480133097,11.424999999999999,1.1500000000000021
0.11538416480133097,11.424999999999999,1.1500000000000021
0.11638416480133097,11.424999999999999,1.1500000000000021
0.11738416480133097,11.424999999999999,1.1500000000000021
0.11838416480133097,11.424999999999999,1.1500000000000021
0.11938416480133097,11.424999999999999,1.1500000000000021
0.12038416480133098,11.424999999999999,1.1500000000000021
0.12138416480133098,11.424999999999999,1.1500000000000021
0.12238416480133098,11.424999999999999,1.1500000000000021
0.12338416480133098,11.424999999999999,1.1500000000000021
0.12438416480133098,11.424999999999999,1.1500000000000021
0.12538416480133097,11.424999999999999,1.1500000000000021
0.12638416480133097,11.424999999999999,1.1500000000000021
0.12738416480133097,11.424999999999999,1.1500000000000021
0.12838416480133097,11.424999999999999,1.1500000000000021
0.12938416480133097,11.424999999999999,1.1500000000000021
0.13038416480133097,11.424999999999999,1.1500000000000021
0.13138416480133097,11.424999999999999,1.1500000000000021
0.13238416480133097,11.424999999999999,1.1500000000000021
0.13338416480133097,11.424999999999999,1.1500000000000021
0.13438416480133097,11.424999999999999,1.1500000000000021
0.13538416480133098,11.424999999999999,1.1500000000000021
0.13638416480133098,11.424999999999999,1.1500000000000021
0.13738416480133098,11.424999999999999,1.1500000000000021
0.13838416480133098,11.424999999999999,1.1500000000000021
0.13938416480133098,11.424999999999999,1.1500000000000021
0.14038416480133098,11.424999999999999,1.1500000000000021
0.14138416480133098,11.424999999999999,1.1500000000000021
0.14238416480133098,11.424999999999999,1.1500000000000021
0.14338416480133098,11.424999999999999,1.1500000000000021
0.14438416480133098,11.424999999999999,1.1500000000000021
0.14538416480133098,11.424999999999999,1.1500000000000021
0.14638416480133098,11.424999999999999,1.1500000000000021
0.14738416480133099,11.424999999999999,1.1500000000000021
0.148384164801331,11.424999999999999,1.1500000000000021
0.149384164801331,11.424999999999999,1.1500000000000021
0.150384164801331,11.424999999999999,1.1500000000000021
0.151384164801331,11.424999999999999,1.1500000000000021
0.152384164801331,11.424999999999999,1.1500000000000021
0.153384164801331,11.424999999999999,1.1500000000000021
0.154384164801331,11.424999999999999,1.1500000000000021
0.155384164801331,11.424999999999999,1.1500000000000021
0.156384164801331,11.424999999999999,1.1500000000000021
0.157384164801331,11.424999999999999,1.1500000000000021
0.158384164801331,11.424999999999999,1.1500000000000021
0.159384164801331,11.424999999999999,1.1500000000000021
0.160384164801331,11.424999999999999,1.1500000000000021
0.161384164801331,11.424999999999999,1.1500000000000021
0.162384164801331,11.424999999999999,1.1500000000000021
0.163384164801331,11.424999999999999,1.1500000000000021
0.164384164801331,11.424999999999999,1.1500000000000021
0.165384164801331,11.424999999999999,1.1500000000000021
0.166384164801331,11.424999999999999,1.1500000000000021
0.167384164801331,11.424999999999999,1.1500000000000021
0.168384164801331,11.424999999999999,1.1500000000000021
0.169384164801331,11.424999999999999,1.1500000000000021
0.170384164801331,11.424999999999999,1.1500000000000021
0.171384164801331,11.424999999999999,1.1500000000000021
0.172384164801331,11.424999999999999,1.1500000000000021
0.173384164801331,11.424999999999999,1.1500000000000021
0.174384164801331,11.424999999999999,1.1500000000000021
0.175384164801331,11.424999999999999,1.1500000000000021
0.176384164801331,11.424999999999999,1.1500000000000021
0.177384164801331,11.424999999999999,1.1500000000000021
0.178384164801331,11.424999999999999,1.1500000000000021
0.17938416480133101,11.424999999999999,1.1500000000000021
0.18038416480133102,11.424999999999999,1.1500000000000021
0.18138416480133102,11.424999999999999,1.1500000000000021
0.18238416480133102,11.424999999999999,1.1500000000000021
0.18338416480133102,11.424999999999999,1.1500000000000021
0.18438416480133102,11.424999999999999,1.1500000000000021
0.18538416480133102,11.424999999999999,1.1500000000000021
0.18638416480133102,11.424999999999999,1.1500000000000021
0.18738416480133102,11.424999999999999,1.1500000000000021
0.18838416480133102,11.424999999999999,1.1500000000000021
0.18938416480133102,11.424999999999999,1.1500000000000021
0.19038416480133102,11.424999999999999,1.1500000000000021
0.19138416480133102,11.424999999999999,1.1500000000000021
0.19238416480133103,11.424999999999999,1.1500000000000021
0.19338416480133103,11.424999999999999,1.1500000000000021
0.19438416480133103,11.424999999999999,1.1500000000000021
0.19538416480133103,11.424999999999999,1.1500000000000021
0.19638416480133103,11.424999999999999,1.1500000000000021
0.19738416480133103,11.424999999999999,1.1500000000000021
0.19838416480133103,11.424999999999999,1.1500000000000021
0.19938416480133103,11.424999999999999,1.1500000000000021
0.20038416480133103,11.424999999999999,1.1500000000000021
0.20138416480133103,11.424999999999999,1.1500000000000021
0.20238416480133103,11.424999999999999,1.1500000000000021
0.20338416480133104,11.424999999999999,1.1500000000000021
0.20438416480133104,11.424999999999999,1.1500000000000021
0.20538416480133104,11.424999999999999,1.1500000000000021
0.20638416480133104,11.424999999999999,1.1500000000000021
0.20738416480133104,11.424999999999999,1.1500000000000021
0.20838416480133104,11.424999999999999,1.1500000000000021
0.20938416480133104,11.424999999999999,1.1500000000000021
0.21038416480133104,11.424999999999999,1.1500000000000021
0.21138416480133104,11.424999999999999,1.1500000000000021
0.21238416480133104,11.424999999999999,1.1500000000000021
0.21338416480133104,11.424999999999999,1.1500000000000021
0.21438416480133105,11.424999999999999,1.1500000000000021
0.21538416480133105,11.424999999999999,1.1500000000000021
0.21638416480133105,11.424999999999999,1.1500000000000021
0.21738416480133105,11.424999999999999,1.1500000000000021
0.21838416480133105,11.424999999999999,1.1500000000000021
0.21938416480133105,11.424999999999999,1.1500000000000021
0.22038416480133105,11.424999999999999,1.1500000000000021
0.22138416480133105,11.424999999999999,1.1500000000000021
0.22238416480133105,11.424999999999999,1.1500000000000021
0.22338416480133105,11.424999999999999,1.1500000000000021
0.22438416480133105,11.424999999999999,1.1500000000000021
0.22538416480133106,11.424999999999999,1.1500000000000021
0.22638416480133106,11.424999999999999,1.1500000000000021
0.22738416480133106,11.424999999999999,1.1500000000000021
0.22838416480133106,11.424999999999999,1.1500000000000021
0.22938416480133106,11.424999999999999,1.1500000000000021
0.23038416480133106,11.424999999999999,1.1500000000000021
0.23138416480133106,11.424999999999999,1.1500000000000021
0.23238416480133106,11.424999999999999,1.1500000000000021
0.23338416480133106,11.424999999999999,1.1500000000000021
0.23438416480133106,11.424999999999999,1.1500000000000021
0.23538416480133106,11.424999999999999,1.1500000000000021
0.23638416480133106,11.424999999999999,1.1500000000000021
0.23738416480133107,11.424999999999999,1.1500000000000021
0.23838416480133107,11.424999999999999,1.1500000000000021
0.23938416480133107,11.424999999999999,1.1500000000000021
0.24038416480133107,11.424999999999999,1.1500000000000021
0.24138416480133107,11.424999999999999,1.1500000000000021
0.24238416480133107,11.424999999999999,1.1500000000000021
0.24338416480133107,11.424999999999999,1.1500000000000021
0.24438416480133107,11.424999999999999,1.1500000000000021
0.24538416480133107,11.424999999999999,1.1500000000000021
0.24638416480133107,11.424999999999999,1.1500000000000021
0.24738416480133107,11.424999999999999,1.1500000000000021
0.24838416480133108,11.424999999999999,1.1500000000000021
0.24938416480133108,11.424999999999999,1.1500000000000021
0.2503841648013311,11.424999999999999,1.1500000000000021
0.2513841648013311,11.424999999999999,1.1500000000000021
0.2523841648013311,11.424999999999999,1.1500000000000021
0.2533841648013311,11.424999999999999,1.1500000000000021
0.2543841648013311,11.424999999999999,1.1500000000000021
0.2553841648013311,11.424999999999999,1.1500000000000021
0.2563841648013311,11.424999999999999,1.1500000000000021
0.2573841648013311,11.424999999999999,1.1500000000000021
0.2583841648013311,11.424999999999999,1.1500000000000021
0.2593841648013311,11.424999999999999,1.1500000000000021
0.2603841648013311,11.424999999999999,1.1500000000000021
0.2613841648013311,11.424999999999999,1.1500000000000021
0.2623841648013311,11.424999999999999,1.1500000000000021
0.2633841648013311,11.424999999999999,1.1500000000000021
0.2643841648013311,11.424999999999999,1.1500000000000021
0.2653841648013311,11.424999999999999,1.1500000000000021
0.2663841648013311,11.424999999999999,1.1500000000000021
0.2673841648013311,11.424999999999999,1.1500000000000021
0.2683841648013311,11.424999999999999,1.1500000000000021
0.2693841648013311,11.424999999999999,1.1500000000000021
0.2703841648013311,11.424999999999999,1.1500000000000021
0.2713841648013311,11.424999999999999,1.1500000000000021
0.2723841648013311,11.424999999999999,1.1500000000000021
0.2733841648013311,11.424999999999999,1.1500000000000021
0.2743841648013311,11.424999999999999,1.1500000000000021
0.2753841648013311,11.424999999999999,1.1500000000000021
0.2763841648013311,11.424999999999999,1.1500000000000021
0.2773841648013311,11.424999999999999,1.1500000000000021
0.2783841648013311,11.424999999999999,1.1500000000000021
0.2793841648013311,11.424999999999999,1.1500000000000021
0.2803841648013311,11.424999999999999,1.1500000000000021
0.2813841648013311,11.424999999999999,1.1500000000000021
0.2823841648013311,11.424999999999999,1.1500000000000021
0.2833841648013311,11.424999999999999,1.1500000000000021
0.2843841648013311,11.424999999999999,1.1500000000000021
0.2853841648013311,11.424999999999999,1.1500000000000021
0.2863841648013311,11.424999999999999,1.1500000000000021
0.2873841648013311,11.424999999999999,1.1500000000000021
0.2883841648013311,11.424999999999999,1.1500000000000021
0.2893841648013311,11.424999999999999,1.1500000000000021
0.2903841648013311,11.424999999999999,1.1500000000000021
0.2913841648013311,11.424999999999999,1.1500000000000021
0.2923841648013311,11.424999999999999,1.1500000000000021
0.2933841648013311,11.424999999999999,1.1500000000000021
0.2943841648013311,11.424999999999999,1.1500000000000021
0.2953841648013311,11.424999999999999,1.1500000000000021
0.2963841648013311,11.424999999999999,1.1500000000000021
0.2973841648013311,11.424999999999999,1.1500000000000021
0.2983841648013311,11.424999999999999,1.1500000000000021
0.2993841648013311,11.424999999999999,1.1500000000000021
0.3003841648013311,11.424999999999999,1.1500000000000021
0.3013841648013311,11.424999999999999,1.1500000000000021
0.3023841648013311,11.424999999999999,1.1500000000000021
0.3033841648013311,11.424999999999999,1.1500000000000021
0.3043841648013311,11.424999999999999,1.1500000000000021
0.3053841648013311,11.424999999999999,1.1500000000000021
0.3063841648013311,11.424999999999999,1.1500000000000021
0.30738416480133113,11.424999999999999,1.1500000000000021
0.30838416480133113,11.424999999999999,1.1500000000000021
0.30938416480133113,11.424999999999999,1.1500000000000021
0.31038416480133113,11.424999999999999,1.1500000000000021
0.31138416480133113,11.424999999999999,1.1500000000000021
0.31238416480133113,11.424999999999999,1.1500000000000021
0.31338416480133113,11.424999999999999,1.1500000000000021
0.31438416480133113,11.424999999999999,1.1500000000000021
0.31538416480133113,11.424999999999999,1.1500000000000021
0.31638416480133114,11.424999999999999,1.1500000000000021
0.31738416480133114,11.424999999999999,1.1500000000000021
0.31838416480133114,11.424999999999999,1.1500000000000021
0.31938416480133114,11.424999999999999,1.1500000000000021
0.32038416480133114,11.424999999999999,1.1500000000000021
0.32138416480133114,11.424999999999999,1.1500000000000021
0.32238416480133114,11.424999999999999,1.1500000000000021
0.32338416480133114,11.424999999999999,1.1500000000000021
0.32438416480133114,11.424999999999999,1.1500000000000021
0.32538416480133114,11.424999999999999,1.1500000000000021
0.32638416480133114,11.424999999999999,1.1500000000000021
0.32738416480133115,11.424999999999999,1.1500000000000021
0.32838416480133115,11.424999999999999,1.1500000000000021
0.32938416480133115,11.424999999999999,1.1500000000000021
0.33038416480133115,11.424999999999999,1.1500000000000021
0.33138416480133115,11.424999999999999,1.1500000000000021
0.33238416480133115,11.424999999999999,1.1500000000000021
0.33338416480133115,11.424999999999999,1.1500000000000021
0.33438416480133115,11.424999999999999,1.1500000000000021
0.33538416480133115,11.424999999999999,1.1500000000000021
0.33638416480133115,11.424999999999999,1.1500000000000021
0.33738416480133115,11.424999999999999,1.1500000000000021
0.33838416480133116,11.424999999999999,1.1500000000000021
0.33938416480133116,11.424999999999999,1.1500000000000021
0.34038416480133116,11.424999999999999,1.1500000000000021
0.34138416480133116,11.424999999999999,1.1500000000000021
0.34238416480133116,11.424999999999999,1.1500000000000021
0.34338416480133116,11.424999999999999,1.1500000000000021
0.34438416480133116,11.424999999999999,1.1500000000000021
0.34538416480133116,11.424999999999999,1.1500000000000021
0.34638416480133116,11.424999999999999,1.1500000000000021
0.34738416480133116,11.424999999999999,1.1500000000000021
0.34838416480133116,11.424999999999999,1.1500000000000021
0.34938416480133117,11.424999999999999,1.1500000000000021
0.35038416480133117,11.424999999999999,1.1500000000000021
0.35138416480133117,11.424999999999999,1.1500000000000021
0.35238416480133117,11.424999999999999,1.1500000000000021
0.35338416480133117,11.424999999999999,1.1500000000000021
0.35438416480133117,11.424999999999999,1.1500000000000021
0.35538416480133117,11.424999999999999,1.1500000000000021
0.35638416480133117,11.424999999999999,1.1500000000000021
0.3573841648013312,11.424999999999999,1.1500000000000021
0.3583841648013312,11.424999999999999,1.1500000000000021
0.3593841648013312,11.424999999999999,1.1500000000000021
0.3603841648013312,11.424999999999999,1.1500000000000021
0.3613841648013312,11.424999999999999,1.1500000000000021
0.3623841648013312,11.424999999999999,1.1500000000000021
0.3633841648013312,11.424999999999999,1.1500000000000021
0.3643841648013312,11.424999999999999,1.1500000000000021
0.3653841648013312,11.424999999999999,1.1500000000000021
0.3663841648013312,11.424999999999999,1.1500000000000021
0.3673841648013312,11.424999999999999,1.1500000000000021
0.3683841648013312,11.424999999999999,1.1500000000000021
0.3693841648013312,11.424999999999999,1.1500000000000021
0.3703841648013312,11.424999999999999,1.1500000000000021
0.3713841648013312,11.424999999999999,1.1500000000000021
0.3723841648013312,11.424999999999999,1.1500000000000021
0.3733841648013312,11.424999999999999,1.1500000000000021
0.3743841648013312,11.424999999999999,1.1500000000000021
0.3753841648013312,11.424999999999999,1.1500000000000021
0.3763841648013312,11.424999999999999,1.1500000000000021
0.3773841648013312,11.424999999999999,1.1500000000000021
0.3783841648013312,11.424999999999999,1.1500000000000021
0.3793841648013312,11.424999999999999,1.1500000000000021
0.3803841648013312,11.424999999999999,1.1500000000000021
0.3813841648013312,11.424999999999999,1.1500000000000021
0.3823841648013312,11.424999999999999,1.1500000000000021
0.3833841648013312,11.424999999999999,1.1500000000000021
0.3843841648013312,11.424999999999999,1.1500000000000021
0.3853841648013312,11.424999999999999,1.1500000000000021
0.3863841648013312,11.424999999999999,1.1500000000000021
0.3873841648013312,11.424999999999999,1.1500000000000021
0.3883841648013312,11.424999999999999,1.1500000000000021
0.3893841648013312,11.424999999999999,1.1500000000000021
0.3903841648013312,11.424999999999999,1.1500000000000021
0.3913841648013312,11.424999999999999,1.1500000000000021
0.3923841648013312,11.424999999999999,1.1500000000000021
0.3933841648013312,11.424999999999999,1.1500000000000021
0.3943841648013312,11.424999999999999,1.1500000000000021
0.3953841648013312,11.424999999999999,1.1500000000000021
0.3963841648013312,11.424999999999999,1.1500000000000021
0.3973841648013312,11.424999999999999,1.1500000000000021
0.3983841648013312,11.424999999999999,1.1500000000000021
0.3993841648013312,11.424999999999999,1.1500000000000021
0.4003841648013312,11.424999999999999,1.1500000000000021
0.4013841648013312,11.424999999999999,1.1500000000000021
0.4023841648013312,11.424999999999999,1.1500000000000021
0.4033841648013312,11.424999999999999,1.1500000000000021
0.4043841648013312,11.424999999999999,1.1500000000000021
0.4053841648013312,11.424999999999999,1.1500000000000021
0.4063841648013312,11.424999999999999,1.1500000000000021
0.4073841648013312,11.424999999999999,1.1500000000000021
0.4083841648013312,11.424999999999999,1.1500000000000021
0.4093841648013312,11.424999999999999,1.1500000000000021
0.4103841648013312,11.424999999999999,1.1500000000000021
0.4113841648013312,11.424999999999999,1.1500000000000021
0.4123841648013312,11.424999999999999,1.1500000000000021
0.4133841648013312,11.424999999999999,1.1500000000000021
0.4143841648013312,11.424999999999999,1.1500000000000021
0.4153841648013312,11.424999999999999,1.1500000000000021
0.4163841648013312,11.424999999999999,1.1500000000000021
0.4173841648013312,11.424999999999999,1.1500000000000021
0.4183841648013312,11.424999999999999,1.1500000000000021
0.4193841648013312,11.424999999999999,1.1500000000000021
0.42038416480133123,11.424999999999999,1.1500000000000021
0.42138416480133123,11.424999999999999,1.1500000000000021
0.42238416480133123,11.424999999999999,1.1500000000000021
0.42338416480133123,11.424999999999999,1.1500000000000021
0.42438416480133123,11.424999999999999,1.1500000000000021
0.42538416480133123,11.424999999999999,1.1500000000000021
0.42638416480133123,11.424999999999999,1.1500000000000021
0.42738416480133123,11.424999999999999,1.1500000000000021
0.42838416480133124,11.424999999999999,1.1500000000000021
0.42938416480133124,11.424999999999999,1.1500000000000021
0.43038416480133124,11.424999999999999,1.1500000000000021
0.43138416480133124,11.424999999999999,1.1500000000000021
0.43238416480133124,11.424999999999999,1.1500000000000021
0.43338416480133124,11.424999999999999,1.1500000000000021
0.43438416480133124,11.424999999999999,1.1500000000000021
0.43538416480133124,11.424999999999999,1.1500000000000021
0.43638416480133124,11.424999999999999,1.1500000000000021
0.43738416480133124,11.424999999999999,1.1500000000000021
0.43838416480133124,11.424999999999999,1.1500000000000021
0.43938416480133125,11.424999999999999,1.1500000000000021
0.44038416480133125,11.424999999999999,1.1500000000000021
0.44138416480133125,11.424999999999999,1.1500000000000021
0.44238416480133125,11.424999999999999,1.1500000000000021
0.44338416480133125,11.424999999999999,1.1500000000000021
0.44438416480133125,11.424999999999999,1.1500000000000021
0.44538416480133125,11.424999999999999,1.1500000000000021
0.44638416480133125,11.424999999999999,1.1500000000000021
0.44738416480133125,11.424999999999999,1.1500000000000021
0.44838416480133125,11.424999999999999,1.1500000000000021
0.44938416480133125,11.424999999999999,1.1500000000000021
0.45038416480133125,11.424999999999999,1.1500000000000021
0.45138416480133126,11.424999999999999,1.1500000000000021
0.45238416480133126,11.424999999999999,1.1500000000000021
0.45338416480133126,11.424999999999999,1.1500000000000021
0.45438416480133126,11.424999999999999,1.1500000000000021
0.45538416480133126,11.424999999999999,1.1500000000000021
0.45638416480133126,11.424999999999999,1.1500000000000021
0.45738416480133126,11.424999999999999,1.1500000000000021
0.45838416480133126,11.424999999999999,1.1500000000000021
0.45938416480133126,11.424999999999999,1.1500000000000021
0.46038416480133126,11.424999999999999,1.1500000000000021
0.46138416480133126,11.424999999999999,1.1500000000000021
0.46238416480133127,11.424999999999999,1.1500000000000021
0.46338416480133127,11.424999999999999,1.1500000000000021
0.46438416480133127,11.424999999999999,1.1500000000000021
0.46538416480133127,11.424999999999999,1.1500000000000021
0.46638416480133127,11.424999999999999,1.1500000000000021
0.46738416480133127,11.424999999999999,1.1500000000000021
0.46838416480133127,11.424999999999999,1.1500000000000021
0.46938416480133127,11.424999999999999,1.1500000000000021
0.4703841648013313,11.424999999999999,1.1500000000000021
0.4713841648013313,11.424999999999999,1.1500000000000021
0.4723841648013313,11.424999999999999,1.1500000000000021
0.4733841648013313,11.424999999999999,1.1500000000000021
0.4743841648013313,11.424999999999999,1.1500000000000021
0.4753841648013313,11.424999999999999,1.1500000000000021
0.4763841648013313,11.424999999999999,1.1500000000000021
0.4773841648013313,11.424999999999999,1.1500000000000021
0.4783841648013313,11.424999999999999,1.1500000000000021
0.4793841648013313,11.424999999999999,1.1500000000000021
0.4803841648013313,11.424999999999999,1.1500000000000021
0.4813841648013313,11.424999999999999,1.1500000000000021
0.4823841648013313,11.424999999999999,1.1500000000000021
0.4833841648013313,11.424999999999999,1.1500000000000021
0.4843841648013313,11.424999999999999,1.1500000000000021
0.4853841648013313,11.424999999999999,1.1500000000000021
0.4863841648013313,11.424999999999999,1.1500000000000021
0.4873841648013313,11.424999999999999,1.1500000000000021
0.4883841648013313,11.424999999999999,1.1500000000000021
0.4893841648013313,11.424999999999999,1.1500000000000021
0.4903841648013313,11.424999999999999,1.1500000000000021
0.4913841648013313,11.424999999999999,1.1500000000000021
0.4923841648013313,11.424999999999999,1.1500000000000021
0.4933841648013313,11.424999999999999,1.1500000000000021
0.4943841648013313,11.424999999999999,1.1500000000000021
0.4953841648013313,11.424999999999999,1.1500000000000021
0.4963841648013313,11.424999999999999,1.1500000000000021
0.4973841648013313,11.424999999999999,1.1500000000000021
0.4983841648013313,11.424999999999999,1.1500000000000021
0.4993841648013313,11.424999999999999,1.1500000000000021
0.5003841648013313,11.424999999999999,1.1500000000000021
0.5013841648013313,11.424999999999999,1.1500000000000021
0.5023841648013313,11.424999999999999,1.1500000000000021
0.5033841648013313,11.424999999999999,1.1500000000000021
0.5043841648013313,11.424999999999999,1.1500000000000021
0.5053841648013313,11.424999999999999,1.1500000000000021
0.5063841648013313,11.424999999999999,1.1500000000000021
0.5073841648013313,11.424999999999999,1.1500000000000021
0.5083841648013313,11.424999999999999,1.1500000000000021
0.5093841648013313,11.424999999999999,1.1500000000000021
0.5103841648013313,11.424999999999999,1.1500000000000021
0.5113841648013313,11.424999999999999,1.1500000000000021
0.5123841648013313,11.424999999999999,1.1500000000000021
0.5133841648013313,11.424999999999999,1.1500000000000021
0.5143841648013313,11.424999999999999,1.1500000000000021
0.5153841648013313,11.424999999999999,1.1500000000000021
0.5163841648013313,11.424999999999999,1.1500000000000021
0.5173841648013313,11.424999999999999,1.1500000000000021
0.5183841648013313,11.424999999999999,1.1500000000000021
0.5193841648013313,11.424999999999999,1.1500000000000021
0.5203841648013313,11.424999999999999,1.1500000000000021
0.5213841648013313,11.424999999999999,1.1500000000000021
0.5223841648013313,11.424999999999999,1.1500000000000021
0.5233841648013313,11.424999999999999,1.1500000000000021
0.5243841648013313,11.424999999999999,1.1500000000000021
0.5253841648013313,11.424999999999999,1.1500000000000021
0.5263841648013313,11.424999999999999,1.1500000000000021
0.5273841648013313,11.424999999999999,1.1500000000000021
0.5283841648013313,11.424999999999999,1.1500000000000021
0.5293841648013313,11.424999999999999,1.1500000000000021
0.5303841648013313,11.424999999999999,1.1500000000000021
0.5313841648013313,11.424999999999999,1.1500000000000021
0.5323841648013313,11.424999999999999,1.1500000000000021
0.5333841648013313,11.424999999999999,1.1500000000000021
0.5343841648013313,11.424999999999999,1.1500000000000021
0.5353841648013313,11.424999999999999,1.1500000000000021
0.5363841648013313,11.424999999999999,1.1500000000000021
0.5373841648013313,11.424999999999999,1.1500000000000021
0.5383841648013313,11.424999999999999,1.1500000000000021
0.5393841648013313,11.424999999999999,1.1500000000000021
0.5403841648013313,11.424999999999999,1.1500000000000021
0.5413841648013313,11.424999999999999,1.1500000000000021
0.5423841648013313,11.424999999999999,1.1500000000000021
0.5433841648013313,11.424999999999999,1.1500000000000021
0.5443841648013313,11.424999999999999,1.1500000000000021
0.5453841648013313,11.424999999999999,1.1500000000000021
0.5463841648013313,11.424999999999999,1.1500000000000021
0.5473841648013313,11.424999999999999,1.1500000000000021
0.5483841648013313,11.424999999999999,1.1500000000000021
0.5493841648013313,11.424999999999999,1.1500000000000021
0.5503841648013313,11.424999999999999,1.1500000000000021
0.5513841648013313,11.424999999999999,1.1500000000000021
0.5523841648013313,11.424999999999999,1.1500000000000021
0.5533841648013313,11.424999999999999,1.1500000000000021
0.5543841648013313,11.424999999999999,1.1500000000000021
0.5553841648013313,11.424999999999999,1.1500000000000021
0.5563841648013313,11.424999999999999,1.1500000000000021
0.5573841648013313,11.424999999999999,1.1500000000000021
0.5583841648013314,11.424999999999999,1.1500000000000021
0.5593841648013314,11.424999999999999,1.1500000000000021
0.5603841648013314,11.424999999999999,1.1500000000000021
0.5613841648013314,11.424999999999999,1.1500000000000021
0.5623841648013314,11.424999999999999,1.1500000000000021
0.5633841648013314,11.424999999999999,1.1500000000000021
0.5643841648013314,11.424999999999999,1.1500000000000021
0.5653841648013314,11.424999999999999,1.1500000000000021
0.5663841648013314,11.424999999999999,1.1500000000000021
0.5673841648013314,11.424999999999999,1.1500000000000021
0.5683841648013314,11.424999999999999,1.1500000000000021
0.5693841648013314,11.424999999999999,1.1500000000000021
0.5703841648013314,11.424999999999999,1.1500000000000021
0.5713841648013314,11.424999999999999,1.1500000000000021
0.5723841648013314,11.424999999999999,1.1500000000000021
0.5733841648013314,11.424999999999999,1.1500000000000021
0.5743841648013314,11.424999999999999,1.1500000000000021
0.5753841648013314,11.424999999999999,1.1500000000000021
0.5763841648013314,11.424999999999999,1.1500000000000021
0.5773841648013314,11.424999999999999,1.1500000000000021
0.5783841648013314,11.424999999999999,1.1500000000000021
0.5793841648013314,11.424999999999999,1.1500000000000021
0.5803841648013314,11.424999999999999,1.1500000000000021
0.5813841648013314,11.424999999999999,1.1500000000000021
0.5823841648013314,11.424999999999999,1.1500000000000021
0.5833841648013314,11.424999999999999,1.1500000000000021
0.5843841648013314,11.424999999999999,1.1500000000000021
0.5853841648013314,11.424999999999999,1.1500000000000021
0.5863841648013314,11.424999999999999,1.1500000000000021
0.5873841648013314,11.424999999999999,1.1500000000000021
0.5883841648013314,11.424999999999999,1.1500000000000021
0.5893841648013314,11.424999999999999,1.1500000000000021
0.5903841648013314,11.424999999999999,1.1500000000000021
0.5913841648013314,11.424999999999999,1.1500000000000021
0.5923841648013314,11.424999999999999,1.1500000000000021
0.5933841648013314,11.424999999999999,1.1500000000000021
0.5943841648013314,11.424999999999999,1.1500000000000021
0.5953841648013314,11.424999999999999,1.1500000000000021
0.5963841648013314,11.424999999999999,1.1500000000000021
0.5973841648013314,11.424999999999999,1.1500000000000021
0.5983841648013314,11.424999999999999,1.1500000000000021
0.5993841648013314,11.424999999999999,1.1500000000000021
0.6001920824006657,11.425,1.1499999999999986
0.601,11.424999999999999,1.1500000000000021
0.601000793387921,11.425003407977204,1.1499931840455915
0.6010023801637632,11.425018250245376,1.1499634995092478
0.6010055537154475,11.425085047729478,1.1498299045410434
0.6010119008188162,11.425360310482025,1.1492793790359492
0.6010245950255534,11.426397887177165,1.1472042256456696
0.6010384233393525,11.428135986332212,1.1437280273355768
0.6010538897190855,11.430661685864788,1.1386766282704244
0.6010700700462139,11.433797820054764,1.1324043598904723
0.6010878708612416,11.437669470921065,1.1246610581578693
0.6011072047351914,11.442225657007262,1.1155486859854769
0.6011290814684318,11.44767747908247,1.1046450418350595
0.6011537173716679,11.454059331680396,1.091881336639208
0.601182403415257,11.461685495974441,1.0766290080511176
0.6012159719697491,11.47075853599821,1.0584829280035812
0.6012567159530504,11.481878465800886,1.0362430683982282
0.6013072993710106,11.495753760906402,1.008492478187197
0.6013735763699818,11.513972541370208,0.9720549172595838
0.6014657350196417,11.539320322376875,0.9213593552462491
0.6016092575231134,11.578794252598486,0.8424114948030272
0.6018046287615567,11.632523209274897,0.7349535814502062
0.602,11.68625025572662,0.6274994885467606
0.6020008141377335,11.686470552402696,0.6270588951946081
0.6020024424132008,11.68690270185464,0.6261945962907198
0.6020056989641351,11.687727994353654,0.6245440112926914
0.602012212066004,11.689229982969454,0.6215400340610913
0.6020252382697416,11.691725065633742,0.6165498687325162
0.6020390904136067,11.693766968068049,0.6124660638639021
0.6020548541637767,11.695500051557827,0.6089998968843453
0.6020711123644272,11.696793500864253,0.6064129982714945
0.6020892447381339,11.697811235363897,0.604377529272206
0.6021087605413287,11.698556316054246,0.6028873678915083
0.6021310718218,11.699111253231397,0.601777493537206
0.6021560559913891,11.699492112950852,0.6010157740982969
0.602185389455894,11.699745765624481,0.6005084687510376
0.6022196269913128,11.699895782674107,0.6002084346517869
0.6022615065467929,11.699974622933333,0.6000507541333349
0.6023135462700232,11.700005720650111,0.5999885586997777
0.6023823891187323,11.700010999079058,0.5999780018418832
0.6024788093533167,11.70000618752418,0.5999876249516412
0.6026319164698714,11.700001132677173,0.5999977346456546
0.6029351265360687,11.699999383284029,0.6000012334319429
0.6035415466684635,11.699999756406868,0.6000004871862643
0.6045415466684635,11.699999999435194,0.6000000011296116
0.6055415466684635,11.700000005612415,0.5999999887751706
0.6065415466684635,11.70000000053522,0.5999999989295617
0.6075415466684635,11.699999999919266,0.6000000001614687
0.6085415466684635,11.699999999980042,0.6000000000399162
0.6095415466684635,11.70000000000002,0.5999999999999588
0.6105415466684635,11.700000000000466,0.5999999999990671
0.6115415466684635,11.700000000000044,0.5999999999999126
0.6125415466684635,11.699999999999994,0.6000000000000121
0.6135415466684635,11.7,0.6000000000000014
0.6145415466684635,11.700000000000001,0.5999999999999979
0.6155415466684635,11.700000000000001,0.5999999999999979
0.6165415466684635,11.700000000000001,0.5999999999999979
0.6175415466684635,11.700000000000001,0.5999999999999979
0.6185415466684635,11.700000000000001,0.5999999999999979
0.6195415466684635,11.700000000000001,0.5999999999999979
0.6205415466684635,11.700000000000001,0.5999999999999979
0.6215415466684635,11.700000000000001,0.5999999999999979
0.6225415466684635,11.700000000000001,0.5999999999999979
0.6235415466684635,11.700000000000001,0.5999999999999979
0.6245415466684635,11.700000000000001,0.5999999999999979
0.6255415466684635,11.700000000000001,0.5999999999999979
0.6265415466684635,11.700000000000001,0.5999999999999979
0.6275415466684635,11.700000000000001,0.5999999999999979
0.6285415466684635,11.700000000000001,0.5999999999999979
0.6295415466684635,11.700000000000001,0.5999999999999979
0.6305415466684635,11.700000000000001,0.5999999999999979
0.6315415466684635,11.700000000000001,0.5999999999999979
0.6325415466684635,11.700000000000001,0.5999999999999979
0.6335415466684635,11.700000000000001,0.5999999999999979
0.6345415466684635,11.700000000000001,0.5999999999999979
0.6355415466684635,11.700000000000001,0.5999999999999979
0.6365415466684635,11.700000000000001,0.5999999999999979
0.6375415466684635,11.700000000000001,0.5999999999999979
0.6385415466684635,11.700000000000001,0.5999999999999979
0.6395415466684635,11.700000000000001,0.5999999999999979
0.6405415466684635,11.700000000000001,0.5999999999999979
0.6415415466684635,11.700000000000001,0.5999999999999979
0.6425415466684635,11.700000000000001,0.5999999999999979
0.6435415466684635,11.700000000000001,0.5999999999999979
0.6445415466684635,11.700000000000001,0.5999999999999979
0.6455415466684635,11.700000000000001,0.5999999999999979
0.6465415466684635,11.700000000000001,0.5999999999999979
0.6475415466684635,11.700000000000001,0.5999999999999979
0.6485415466684635,11.700000000000001,0.5999999999999979
0.6495415466684635,11.700000000000001,0.5999999999999979
0.6505415466684635,11.700000000000001,0.5999999999999979
0.6515415466684635,11.700000000000001,0.5999999999999979
0.6525415466684635,11.700000000000001,0.5999999999999979
0.6535415466684635,11.700000000000001,0.5999999999999979
0.6545415466684635,11.700000000000001,0.5999999999999979
0.6555415466684635,11.700000000000001,0.5999999999999979
0.6565415466684635,11.700000000000001,0.5999999999999979
0.6575415466684635,11.700000000000001,0.5999999999999979
0.6585415466684635,11.700000000000001,0.5999999999999979
0.6595415466684635,11.700000000000001,0.5999999999999979
0.6605415466684635,11.700000000000001,0.5999999999999979
0.6615415466684635,11.700000000000001,0.5999999999999979
0.6625415466684635,11.700000000000001,0.5999999999999979
0.6635415466684635,11.700000000000001,0.5999999999999979
0.6645415466684635,11.700000000000001,0.5999999999999979
0.6655415466684635,11.700000000000001,0.5999999999999979
0.6665415466684635,11.700000000000001,0.5999999999999979
0.6675415466684635,11.700000000000001,0.5999999999999979
0.6685415466684635,11.700000000000001,0.5999999999999979
0.6695415466684635,11.700000000000001,0.5999999999999979
0.6705415466684636,11.700000000000001,0.5999999999999979
0.6715415466684636,11.700000000000001,0.5999999999999979
0.6725415466684636,11.700000000000001,0.5999999999999979
0.6735415466684636,11.700000000000001,0.5999999999999979
0.6745415466684636,11.700000000000001,0.5999999999999979
0.6755415466684636,11.700000000000001,0.5999999999999979
0.6765415466684636,11.700000000000001,0.5999999999999979
0.6775415466684636,11.700000000000001,0.5999999999999979
0.6785415466684636,11.700000000000001,0.5999999999999979
0.6795415466684636,11.700000000000001,0.5999999999999979
0.6805415466684636,11.700000000000001,0.5999999999999979
0.6815415466684636,11.700000000000001,0.5999999999999979
0.6825415466684636,11.700000000000001,0.5999999999999979
0.6835415466684636,11.700000000000001,0.5999999999999979
0.6845415466684636,11.700000000000001,0.5999999999999979
0.6855415466684636,11.700000000000001,0.5999999999999979
0.6865415466684636,11.700000000000001,0.5999999999999979
0.6875415466684636,11.700000000000001,0.5999999999999979
0.6885415466684636,11.700000000000001,0.5999999999999979
0.6895415466684636,11.700000000000001,0.5999999999999979
0.6905415466684636,11.700000000000001,0.5999999999999979
0.6915415466684636,11.700000000000001,0.5999999999999979
0.6925415466684636,11.700000000000001,0.5999999999999979
0.6935415466684636,11.700000000000001,0.5999999999999979
0.6945415466684636,11.700000000000001,0.5999999999999979
0.6955415466684636,11.700000000000001,0.5999999999999979
0.6965415466684636,11.700000000000001,0.5999999999999979
0.6975415466684636,11.700000000000001,0.5999999999999979
0.6985415466684636,11.700000000000001,0.5999999999999979
0.6995415466684636,11.700000000000001,0.5999999999999979
0.7005415466684636,11.700000000000001,0.5999999999999979
0.7015415466684636,11.700000000000001,0.5999999999999979
0.7025415466684636,11.700000000000001,0.5999999999999979
0.7035415466684636,11.700000000000001,0.5999999999999979
0.7045415466684636,11.700000000000001,0.5999999999999979
0.7055415466684636,11.700000000000001,0.5999999999999979
0.7065415466684636,11.700000000000001,0.5999999999999979
0.7075415466684636,11.700000000000001,0.5999999999999979
0.7085415466684636,11.700000000000001,0.5999999999999979
0.7095415466684636,11.700000000000001,0.5999999999999979
0.7105415466684636,11.700000000000001,0.5999999999999979
0.7115415466684636,11.700000000000001,0.5999999999999979
0.7125415466684636,11.700000000000001,0.5999999999999979
0.7135415466684636,11.700000000000001,0.5999999999999979
0.7145415466684636,11.700000000000001,0.5999999999999979
0.7155415466684636,11.700000000000001,0.5999999999999979
0.7165415466684636,11.700000000000001,0.5999999999999979
0.7175415466684636,11.700000000000001,0.5999999999999979
0.7185415466684636,11.700000000000001,0.5999999999999979
0.7195415466684636,11.700000000000001,0.5999999999999979
0.7205415466684636,11.700000000000001,0.5999999999999979
0.7215415466684636,11.700000000000001,0.5999999999999979
0.7225415466684636,11.700000000000001,0.5999999999999979
0.7235415466684636,11.700000000000001,0.5999999999999979
0.7245415466684636,11.700000000000001,0.5999999999999979
0.7255415466684636,11.700000000000001,0.5999999999999979
0.7265415466684636,11.700000000000001,0.5999999999999979
0.7275415466684636,11.700000000000001,0.5999999999999979
0.7285415466684636,11.700000000000001,0.5999999999999979
0.7295415466684636,11.700000000000001,0.5999999999999979
0.7305415466684636,11.700000000000001,0.5999999999999979
0.7315415466684636,11.700000000000001,0.5999999999999979
0.7325415466684636,11.700000000000001,0.5999999999999979
0.7335415466684636,11.700000000000001,0.5999999999999979
0.7345415466684636,11.700000000000001,0.5999999999999979
0.7355415466684636,11.700000000000001,0.5999999999999979
0.7365415466684636,11.700000000000001,0.5999999999999979
0.7375415466684636,11.700000000000001,0.5999999999999979
0.7385415466684636,11.700000000000001,0.5999999999999979
0.7395415466684636,11.700000000000001,0.5999999999999979
0.7405415466684636,11.700000000000001,0.5999999999999979
0.7415415466684636,11.700000000000001,0.5999999999999979
0.7425415466684636,11.700000000000001,0.5999999999999979
0.7435415466684636,11.700000000000001,0.5999999999999979
0.7445415466684636,11.700000000000001,0.5999999999999979
0.7455415466684636,11.700000000000001,0.5999999999999979
0.7465415466684636,11.700000000000001,0.5999999999999979
0.7475415466684636,11.700000000000001,0.5999999999999979
0.7485415466684636,11.700000000000001,0.5999999999999979
0.7495415466684636,11.700000000000001,0.5999999999999979
0.7505415466684636,11.700000000000001,0.5999999999999979
0.7515415466684636,11.700000000000001,0.5999999999999979
0.7525415466684636,11.700000000000001,0.5999999999999979
0.7535415466684636,11.700000000000001,0.5999999999999979
0.7545415466684636,11.700000000000001,0.5999999999999979
0.7555415466684636,11.700000000000001,0.5999999999999979
0.7565415466684636,11.700000000000001,0.5999999999999979
0.7575415466684636,11.700000000000001,0.5999999999999979
0.7585415466684636,11.700000000000001,0.5999999999999979
0.7595415466684636,11.700000000000001,0.5999999999999979
0.7605415466684636,11.700000000000001,0.5999999999999979
0.7615415466684636,11.700000000000001,0.5999999999999979
0.7625415466684636,11.700000000000001,0.5999999999999979
0.7635415466684636,11.700000000000001,0.5999999999999979
0.7645415466684636,11.700000000000001,0.5999999999999979
0.7655415466684636,11.700000000000001,0.5999999999999979
0.7665415466684636,11.700000000000001,0.5999999999999979
0.7675415466684636,11.700000000000001,0.5999999999999979
0.7685415466684636,11.700000000000001,0.5999999999999979
0.7695415466684636,11.700000000000001,0.5999999999999979
0.7705415466684636,11.700000000000001,0.5999999999999979
0.7715415466684636,11.700000000000001,0.5999999999999979
0.7725415466684636,11.700000000000001,0.5999999999999979
0.7735415466684636,11.700000000000001,0.5999999999999979
0.7745415466684636,11.700000000000001,0.5999999999999979
0.7755415466684636,11.700000000000001,0.5999999999999979
0.7765415466684636,11.700000000000001,0.5999999999999979
0.7775415466684636,11.700000000000001,0.5999999999999979
0.7785415466684636,11.700000000000001,0.5999999999999979
0.7795415466684636,11.700000000000001,0.5999999999999979
0.7805415466684636,11.700000000000001,0.5999999999999979
0.7815415466684636,11.700000000000001,0.5999999999999979
0.7825415466684637,11.700000000000001,0.5999999999999979
0.7835415466684637,11.700000000000001,0.5999999999999979
0.7845415466684637,11.700000000000001,0.5999999999999979
0.7855415466684637,11.700000000000001,0.5999999999999979
0.7865415466684637,11.700000000000001,0.5999999999999979
0.7875415466684637,11.700000000000001,0.5999999999999979
0.7885415466684637,11.700000000000001,0.5999999999999979
0.7895415466684637,11.700000000000001,0.5999999999999979
0.7905415466684637,11.700000000000001,0.5999999999999979
0.7915415466684637,11.700000000000001,0.5999999999999979
0.7925415466684637,11.700000000000001,0.5999999999999979
0.7935415466684637,11.700000000000001,0.5999999999999979
0.7945415466684637,11.700000000000001,0.5999999999999979
0.7955415466684637,11.700000000000001,0.5999999999999979
0.7965415466684637,11.700000000000001,0.5999999999999979
0.7975415466684637,11.700000000000001,0.5999999999999979
0.7985415466684637,11.700000000000001,0.5999999999999979
0.7995415466684637,11.700000000000001,0.5999999999999979
0.8005415466684637,11.700000000000001,0.5999999999999979
0.8015415466684637,11.700000000000001,0.5999999999999979
0.8025415466684637,11.700000000000001,0.5999999999999979
0.8035415466684637,11.700000000000001,0.5999999999999979
0.8045415466684637,11.700000000000001,0.5999999999999979
0.8055415466684637,11.700000000000001,0.5999999999999979
0.8065415466684637,11.700000000000001,0.5999999999999979
0.8075415466684637,11.700000000000001,0.5999999999999979
0.8085415466684637,11.700000000000001,0.5999999999999979
0.8095415466684637,11.700000000000001,0.5999999999999979
0.8105415466684637,11.700000000000001,0.5999999999999979
0.8115415466684637,11.700000000000001,0.5999999999999979
0.8125415466684637,11.700000000000001,0.5999999999999979
0.8135415466684637,11.700000000000001,0.5999999999999979
0.8145415466684637,11.700000000000001,0.5999999999999979
0.8155415466684637,11.700000000000001,0.5999999999999979
0.8165415466684637,11.700000000000001,0.5999999999999979
0.8175415466684637,11.700000000000001,0.5999999999999979
0.8185415466684637,11.700000000000001,0.5999999999999979
0.8195415466684637,11.700000000000001,0.5999999999999979
0.8205415466684637,11.700000000000001,0.5999999999999979
0.8215415466684637,11.700000000000001,0.5999999999999979
0.8225415466684637,11.700000000000001,0.5999999999999979
0.8235415466684637,11.700000000000001,0.5999999999999979
0.8245415466684637,11.700000000000001,0.5999999999999979
0.8255415466684637,11.700000000000001,0.5999999999999979
0.8265415466684637,11.700000000000001,0.5999999999999979
0.8275415466684637,11.700000000000001,0.5999999999999979
0.8285415466684637,11.700000000000001,0.5999999999999979
0.8295415466684637,11.700000000000001,0.5999999999999979
0.8305415466684637,11.700000000000001,0.5999999999999979
0.8315415466684637,11.700000000000001,0.5999999999999979
0.8325415466684637,11.700000000000001,0.5999999999999979
0.8335415466684637,11.700000000000001,0.5999999999999979
0.8345415466684637,11.700000000000001,0.5999999999999979
0.8355415466684637,11.700000000000001,0.5999999999999979
0.8365415466684637,11.700000000000001,0.5999999999999979
0.8375415466684637,11.700000000000001,0.5999999999999979
0.8385415466684637,11.700000000000001,0.5999999999999979
0.8395415466684637,11.700000000000001,0.5999999999999979
0.8405415466684637,11.700000000000001,0.5999999999999979
0.8415415466684637,11.700000000000001,0.5999999999999979
0.8425415466684637,11.700000000000001,0.5999999999999979
0.8435415466684637,11.700000000000001,0.5999999999999979
0.8445415466684637,11.700000000000001,0.5999999999999979
0.8455415466684637,11.700000000000001,0.5999999999999979
0.8465415466684637,11.700000000000001,0.5999999999999979
0.8475415466684637,11.700000000000001,0.5999999999999979
0.8485415466684637,11.700000000000001,0.5999999999999979
0.8495415466684637,11.700000000000001,0.5999999999999979
0.8505415466684637,11.700000000000001,0.5999999999999979
0.8515415466684637,11.700000000000001,0.5999999999999979
0.8525415466684637,11.700000000000001,0.5999999999999979
0.8535415466684637,11.700000000000001,0.5999999999999979
0.8545415466684637,11.700000000000001,0.5999999999999979
0.8555415466684637,11.700000000000001,0.5999999999999979
0.8565415466684637,11.700000000000001,0.5999999999999979
0.8575415466684637,11.700000000000001,0.5999999999999979
0.8585415466684637,11.700000000000001,0.5999999999999979
0.8595415466684637,11.700000000000001,0.5999999999999979
0.8605415466684637,11.700000000000001,0.5999999999999979
0.8615415466684637,11.700000000000001,0.5999999999999979
0.8625415466684637,11.700000000000001,0.5999999999999979
0.8635415466684637,11.700000000000001,0.5999999999999979
0.8645415466684637,11.700000000000001,0.5999999999999979
0.8655415466684637,11.700000000000001,0.5999999999999979
0.8665415466684637,11.700000000000001,0.5999999999999979
0.8675415466684637,11.700000000000001,0.5999999999999979
0.8685415466684637,11.700000000000001,0.5999999999999979
0.8695415466684637,11.700000000000001,0.5999999999999979
0.8705415466684637,11.700000000000001,0.5999999999999979
0.8715415466684637,11.700000000000001,0.5999999999999979
0.8725415466684637,11.700000000000001,0.5999999999999979
0.8735415466684637,11.700000000000001,0.5999999999999979
0.8745415466684637,11.700000000000001,0.5999999999999979
0.8755415466684637,11.700000000000001,0.5999999999999979
0.8765415466684637,11.700000000000001,0.5999999999999979
0.8775415466684637,11.700000000000001,0.5999999999999979
0.8785415466684637,11.700000000000001,0.5999999999999979
0.8795415466684637,11.700000000000001,0.5999999999999979
0.8805415466684637,11.700000000000001,0.5999999999999979
0.8815415466684637,11.700000000000001,0.5999999999999979
0.8825415466684637,11.700000000000001,0.5999999999999979
0.8835415466684637,11.700000000000001,0.5999999999999979
0.8845415466684637,11.700000000000001,0.5999999999999979
0.8855415466684637,11.700000000000001,0.5999999999999979
0.8865415466684637,11.700000000000001,0.5999999999999979
0.8875415466684637,11.700000000000001,0.5999999999999979
0.8885415466684637,11.700000000000001,0.5999999999999979
0.8895415466684637,11.700000000000001,0.5999999999999979
0.8905415466684637,11.700000000000001,0.5999999999999979
0.8915415466684637,11.700000000000001,0.5999999999999979
0.8925415466684637,11.700000000000001,0.5999999999999979
0.8935415466684637,11.700000000000001,0.5999999999999979
0.8945415466684637,11.700000000000001,0.5999999999999979
0.8955415466684638,11.700000000000001,0.5999999999999979
0.8965415466684638,11.700000000000001,0.5999999999999979
0.8975415466684638,11.700000000000001,0.5999999999999979
0.8985415466684638,11.700000000000001,0.5999999999999979
0.8995415466684638,11.700000000000001,0.5999999999999979
0.9005415466684638,11.700000000000001,0.5999999999999979
0.9015415466684638,11.700000000000001,0.5999999999999979
0.9025415466684638,11.700000000000001,0.5999999999999979
0.9035415466684638,11.700000000000001,0.5999999999999979
0.9045415466684638,11.700000000000001,0.5999999999999979
0.9055415466684638,11.700000000000001,0.5999999999999979
0.9065415466684638,11.700000000000001,0.5999999999999979
0.9075415466684638,11.700000000000001,0.5999999999999979
0.9085415466684638,11.700000000000001,0.5999999999999979
0.9095415466684638,11.700000000000001,0.5999999999999979
0.9105415466684638,11.700000000000001,0.5999999999999979
0.9115415466684638,11.700000000000001,0.5999999999999979
0.9125415466684638,11.700000000000001,0.5999999999999979
0.9135415466684638,11.700000000000001,0.5999999999999979
0.9145415466684638,11.700000000000001,0.5999999999999979
0.9155415466684638,11.700000000000001,0.5999999999999979
0.9165415466684638,11.700000000000001,0.5999999999999979
0.9175415466684638,11.700000000000001,0.5999999999999979
0.9185415466684638,11.700000000000001,0.5999999999999979
0.9195415466684638,11.700000000000001,0.5999999999999979
0.9205415466684638,11.700000000000001,0.5999999999999979
0.9215415466684638,11.700000000000001,0.5999999999999979
0.9225415466684638,11.700000000000001,0.5999999999999979
0.9235415466684638,11.700000000000001,0.5999999999999979
0.9245415466684638,11.700000000000001,0.5999999999999979
0.9255415466684638,11.700000000000001,0.5999999999999979
0.9265415466684638,11.700000000000001,0.5999999999999979
0.9275415466684638,11.700000000000001,0.5999999999999979
0.9285415466684638,11.700000000000001,0.5999999999999979
0.9295415466684638,11.700000000000001,0.5999999999999979
0.9305415466684638,11.700000000000001,0.5999999999999979
0.9315415466684638,11.700000000000001,0.5999999999999979
0.9325415466684638,11.700000000000001,0.5999999999999979
0.9335415466684638,11.700000000000001,0.5999999999999979
0.9345415466684638,11.700000000000001,0.5999999999999979
0.9355415466684638,11.700000000000001,0.5999999999999979
0.9365415466684638,11.700000000000001,0.5999999999999979
0.9375415466684638,11.700000000000001,0.5999999999999979
0.9385415466684638,11.700000000000001,0.5999999999999979
0.9395415466684638,11.700000000000001,0.5999999999999979
0.9405415466684638,11.700000000000001,0.5999999999999979
0.9415415466684638,11.700000000000001,0.5999999999999979
0.9425415466684638,11.700000000000001,0.5999999999999979
0.9435415466684638,11.700000000000001,0.5999999999999979
0.9445415466684638,11.700000000000001,0.5999999999999979
0.9455415466684638,11.700000000000001,0.5999999999999979
0.9465415466684638,11.700000000000001,0.5999999999999979
0.9475415466684638,11.700000000000001,0.5999999999999979
0.9485415466684638,11.700000000000001,0.5999999999999979
0.9495415466684638,11.700000000000001,0.5999999999999979
0.9505415466684638,11.700000000000001,0.5999999999999979
0.9515415466684638,11.700000000000001,0.5999999999999979
0.9525415466684638,11.700000000000001,0.5999999999999979
0.9535415466684638,11.700000000000001,0.5999999999999979
0.9545415466684638,11.700000000000001,0.5999999999999979
0.9555415466684638,11.700000000000001,0.5999999999999979
0.9565415466684638,11.700000000000001,0.5999999999999979
0.9575415466684638,11.700000000000001,0.5999999999999979
0.9585415466684638,11.700000000000001,0.5999999999999979
0.9595415466684638,11.700000000000001,0.5999999999999979
0.9605415466684638,11.700000000000001,0.5999999999999979
0.9615415466684638,11.700000000000001,0.5999999999999979
0.9625415466684638,11.700000000000001,0.5999999999999979
0.9635415466684638,11.700000000000001,0.5999999999999979
0.9645415466684638,11.700000000000001,0.5999999999999979
0.9655415466684638,11.700000000000001,0.5999999999999979
0.9665415466684638,11.700000000000001,0.5999999999999979
0.9675415466684638,11.700000000000001,0.5999999999999979
0.9685415466684638,11.700000000000001,0.5999999999999979
0.9695415466684638,11.700000000000001,0.5999999999999979
0.9705415466684638,11.700000000000001,0.5999999999999979
0.9715415466684638,11.700000000000001,0.5999999999999979
0.9725415466684638,11.700000000000001,0.5999999999999979
0.9735415466684638,11.700000000000001,0.5999999999999979
0.9745415466684638,11.700000000000001,0.5999999999999979
0.9755415466684638,11.700000000000001,0.5999999999999979
0.9765415466684638,11.700000000000001,0.5999999999999979
0.9775415466684638,11.700000000000001,0.5999999999999979
0.9785415466684638,11.700000000000001,0.5999999999999979
0.9795415466684638,11.700000000000001,0.5999999999999979
0.9805415466684638,11.700000000000001,0.5999999999999979
0.9815415466684638,11.700000000000001,0.5999999999999979
0.9825415466684638,11.700000000000001,0.5999999999999979
0.9835415466684638,11.700000000000001,0.5999999999999979
0.9845415466684638,11.700000000000001,0.5999999999999979
0.9855415466684638,11.700000000000001,0.5999999999999979
0.9865415466684638,11.700000000000001,0.5999999999999979
0.9875415466684638,11.700000000000001,0.5999999999999979
0.9885415466684638,11.700000000000001,0.5999999999999979
0.9895415466684638,11.700000000000001,0.5999999999999979
0.9905415466684638,11.700000000000001,0.5999999999999979
0.9915415466684638,11.700000000000001,0.5999999999999979
0.9925415466684638,11.700000000000001,0.5999999999999979
0.9935415466684638,11.700000000000001,0.5999999999999979
0.9945415466684638,11.700000000000001,0.5999999999999979
0.9955415466684638,11.700000000000001,0.5999999999999979
0.9965415466684638,11.700000000000001,0.5999999999999979
0.9975415466684638,11.700000000000001,0.5999999999999979
0.9985415466684638,11.700000000000001,0.5999999999999979
0.9995415466684638,11.700000000000001,0.5999999999999979
1.0005415466684637,11.700000000000001,0.5999999999999979
1.0015415466684636,11.700000000000001,0.5999999999999979
1.0025415466684635,11.700000000000001,0.5999999999999979
1.0035415466684634,11.700000000000001,0.5999999999999979
1.0045415466684633,11.700000000000001,0.5999999999999979
1.0055415466684632,11.700000000000001,0.5999999999999979
1.006541546668463,11.700000000000001,0.5999999999999979
1.007541546668463,11.700000000000001,0.5999999999999979
1.0085415466684629,11.700000000000001,0.5999999999999979
1.0095415466684627,11.700000000000001,0.5999999999999979
1.0105415466684626,11.700000000000001,0.5999999999999979
1.0115415466684625,11.700000000000001,0.5999999999999979
1.0125415466684624,11.700000000000001,0.5999999999999979
1.0135415466684623,11.700000000000001,0.5999999999999979
1.0145415466684622,11.700000000000001,0.5999999999999979
1.015541546668462,11.700000000000001,0.5999999999999979
1.016541546668462,11.700000000000001,0.5999999999999979
1.0175415466684619,11.700000000000001,0.5999999999999979
1.0185415466684618,11.700000000000001,0.5999999999999979
1.0195415466684616,11.700000000000001,0.5999999999999979
1.0205415466684615,11.700000000000001,0.5999999999999979
1.0215415466684614,11.700000000000001,0.5999999999999979
1.0225415466684613,11.700000000000001,0.5999999999999979
1.0235415466684612,11.700000000000001,0.5999999999999979
1.024541546668461,11.700000000000001,0.5999999999999979
1.025541546668461,11.700000000000001,0.5999999999999979
1.0265415466684609,11.700000000000001,0.5999999999999979
1.0275415466684608,11.700000000000001,0.5999999999999979
1.0285415466684606,11.700000000000001,0.5999999999999979
1.0295415466684605,11.700000000000001,0.5999999999999979
1.0305415466684604,11.700000000000001,0.5999999999999979
1.0315415466684603,11.700000000000001,0.5999999999999979
1.0325415466684602,11.700000000000001,0.5999999999999979
1.03354154666846,11.700000000000001,0.5999999999999979
1.03454154666846,11.700000000000001,0.5999999999999979
1.0355415466684599,11.700000000000001,0.5999999999999979
1.0365415466684598,11.700000000000001,0.5999999999999979
1.0375415466684597,11.700000000000001,0.5999999999999979
1.0385415466684595,11.700000000000001,0.5999999999999979
1.0395415466684594,11.700000000000001,0.5999999999999979
1.0405415466684593,11.700000000000001,0.5999999999999979
1.0415415466684592,11.700000000000001,0.5999999999999979
1.042541546668459,11.700000000000001,0.5999999999999979
1.043541546668459,11.700000000000001,0.5999999999999979
1.0445415466684589,11.700000000000001,0.5999999999999979
1.0455415466684588,11.700000000000001,0.5999999999999979
1.0465415466684587,11.700000000000001,0.5999999999999979
1.0475415466684586,11.700000000000001,0.5999999999999979
1.0485415466684584,11.700000000000001,0.5999999999999979
1.0495415466684583,11.700000000000001,0.5999999999999979
1.0505415466684582,11.700000000000001,0.5999999999999979
1.0515415466684581,11.700000000000001,0.5999999999999979
1.052541546668458,11.700000000000001,0.5999999999999979
1.053541546668458,11.700000000000001,0.5999999999999979
1.0545415466684578,11.700000000000001,0.5999999999999979
1.0555415466684577,11.700000000000001,0.5999999999999979
1.0565415466684576,11.700000000000001,0.5999999999999979
1.0575415466684575,11.700000000000001,0.5999999999999979
1.0585415466684573,11.700000000000001,0.5999999999999979
1.0595415466684572,11.700000000000001,0.5999999999999979
1.0605415466684571,11.700000000000001,0.5999999999999979
1.061541546668457,11.700000000000001,0.5999999999999979
1.062541546668457,11.700000000000001,0.5999999999999979
1.0635415466684568,11.700000000000001,0.5999999999999979
1.0645415466684567,11.700000000000001,0.5999999999999979
1.0655415466684566,11.700000000000001,0.5999999999999979
1.0665415466684565,11.700000000000001,0.5999999999999979
1.0675415466684564,11.700000000000001,0.5999999999999979
1.0685415466684562,11.700000000000001,0.5999999999999979
1.0695415466684561,11.700000000000001,0.5999999999999979
1.070541546668456,11.700000000000001,0.5999999999999979
1.071541546668456,11.700000000000001,0.5999999999999979
1.0725415466684558,11.700000000000001,0.5999999999999979
1.0735415466684557,11.700000000000001,0.5999999999999979
1.0745415466684556,11.700000000000001,0.5999999999999979
1.0755415466684555,11.700000000000001,0.5999999999999979
1.0765415466684554,11.700000000000001,0.5999999999999979
1.0775415466684553,11.700000000000001,0.5999999999999979
1.0785415466684551,11.700000000000001,0.5999999999999979
1.079541546668455,11.700000000000001,0.5999999999999979
1.080541546668455,11.700000000000001,0.5999999999999979
1.0815415466684548,11.700000000000001,0.5999999999999979
1.0825415466684547,11.700000000000001,0.5999999999999979
1.0835415466684546,11.700000000000001,0.5999999999999979
1.0845415466684545,11.700000000000001,0.5999999999999979
1.0855415466684544,11.700000000000001,0.5999999999999979
1.0865415466684543,11.700000000000001,0.5999999999999979
1.0875415466684542,11.700000000000001,0.5999999999999979
1.088541546668454,11.700000000000001,0.5999999999999979
1.089541546668454,11.700000000000001,0.5999999999999979
1.0905415466684538,11.700000000000001,0.5999999999999979
1.0915415466684537,11.700000000000001,0.5999999999999979
1.0925415466684536,11.700000000000001,0.5999999999999979
1.0935415466684535,11.700000000000001,0.5999999999999979
1.0945415466684534,11.700000000000001,0.5999999999999979
1.0955415466684533,11.700000000000001,0.5999999999999979
1.0965415466684532,11.700000000000001,0.5999999999999979
1.097541546668453,11.700000000000001,0.5999999999999979
1.098541546668453,11.700000000000001,0.5999999999999979
1.0995415466684528,11.700000000000001,0.5999999999999979
1.1005415466684527,11.700000000000001,0.5999999999999979
1.1015415466684526,11.700000000000001,0.5999999999999979
1.1025415466684525,11.700000000000001,0.5999999999999979
1.1035415466684524,11.700000000000001,0.5999999999999979
1.1045415466684523,11.700000000000001,0.5999999999999979
1.1055415466684522,11.700000000000001,0.5999999999999979
1.106541546668452,11.700000000000001,0.5999999999999979
1.107541546668452,11.700000000000001,0.5999999999999979
1.1085415466684518,11.700000000000001,0.5999999999999979
1.1095415466684517,11.700000000000001,0.5999999999999979
1.1105415466684516,11.700000000000001,0.5999999999999979
1.1115415466684515,11.700000000000001,0.5999999999999979
1.1125415466684514,11.700000000000001,0.5999999999999979
1.1135415466684513,11.700000000000001,0.5999999999999979
1.1145415466684512,11.700000000000001,0.5999999999999979
1.115541546668451,11.700000000000001,0.5999999999999979
1.116541546668451,11.700000000000001,0.5999999999999979
1.1175415466684508,11.700000000000001,0.5999999999999979
1.1185415466684507,11.700000000000001,0.5999999999999979
1.1195415466684506,11.700000000000001,0.5999999999999979
1.1205415466684505,11.700000000000001,0.5999999999999979
1.1215415466684504,11.700000000000001,0.5999999999999979
1.1225415466684503,11.700000000000001,0.5999999999999979
1.1235415466684502,11.700000000000001,0.5999999999999979
1.12454154666845,11.700000000000001,0.5999999999999979
1.12554154666845,11.700000000000001,0.5999999999999979
1.1265415466684499,11.700000000000001,0.5999999999999979
1.1275415466684497,11.700000000000001,0.5999999999999979
1.1285415466684496,11.700000000000001,0.5999999999999979
1.1295415466684495,11.700000000000001,0.5999999999999979
1.1305415466684494,11.700000000000001,0.5999999999999979
1.1315415466684493,11.700000000000001,0.5999999999999979
1.1325415466684492,11.700000000000001,0.5999999999999979
1.133541546668449,11.700000000000001,0.5999999999999979
1.134541546668449,11.700000000000001,0.5999999999999979
1.1355415466684489,11.700000000000001,0.5999999999999979
1.1365415466684488,11.700000000000001,0.5999999999999979
1.1375415466684486,11.700000000000001,0.5999999999999979
1.1385415466684485,11.700000000000001,0.5999999999999979
1.1395415466684484,11.700000000000001,0.5999999999999979
1.1405415466684483,11.700000000000001,0.5999999999999979
1.1415415466684482,11.700000000000001,0.5999999999999979
1.142541546668448,11.700000000000001,0.5999999999999979
1.143541546668448,11.700000000000001,0.5999999999999979
1.1445415466684479,11.700000000000001,0.5999999999999979
1.1455415466684478,11.700000000000001,0.5999999999999979
1.1465415466684477,11.700000000000001,0.5999999999999979
1.1475415466684475,11.700000000000001,0.5999999999999979
1.1485415466684474,11.700000000000001,0.5999999999999979
1.1495415466684473,11.700000000000001,0.5999999999999979
1.1505415466684472,11.700000000000001,0.5999999999999979
1.151541546668447,11.700000000000001,0.5999999999999979
1.152541546668447,11.700000000000001,0.5999999999999979
1.1535415466684469,11.700000000000001,0.5999999999999979
1.1545415466684468,11.700000000000001,0.5999999999999979
1.1555415466684467,11.700000000000001,0.5999999999999979
1.1565415466684466,11.700000000000001,0.5999999999999979
1.1575415466684464,11.700000000000001,0.5999999999999979
1.1585415466684463,11.700000000000001,0.5999999999999979
1.1595415466684462,11.700000000000001,0.5999999999999979
1.1605415466684461,11.700000000000001,0.5999999999999979
1.161541546668446,11.700000000000001,0.5999999999999979
1.162541546668446,11.700000000000001,0.5999999999999979
1.1635415466684458,11.700000000000001,0.5999999999999979
1.1645415466684457,11.700000000000001,0.5999999999999979
1.1655415466684456,11.700000000000001,0.5999999999999979
1.1665415466684455,11.700000000000001,0.5999999999999979
1.1675415466684453,11.700000000000001,0.5999999999999979
1.1685415466684452,11.700000000000001,0.5999999999999979
1.1695415466684451,11.700000000000001,0.5999999999999979
1.170541546668445,11.700000000000001,0.5999999999999979
1.171541546668445,11.700000000000001,0.5999999999999979
1.1725415466684448,11.700000000000001,0.5999999999999979
1.1735415466684447,11.700000000000001,0.5999999999999979
1.1745415466684446,11.700000000000001,0.5999999999999979
1.1755415466684445,11.700000000000001,0.5999999999999979
1.1765415466684443,11.700000000000001,0.5999999999999979
1.1775415466684442,11.700000000000001,0.5999999999999979
1.1785415466684441,11.700000000000001,0.5999999999999979
1.179541546668444,11.700000000000001,0.5999999999999979
1.180541546668444,11.700000000000001,0.5999999999999979
1.1815415466684438,11.700000000000001,0.5999999999999979
1.1825415466684437,11.700000000000001,0.5999999999999979
1.1835415466684436,11.700000000000001,0.5999999999999979
1.1845415466684435,11.700000000000001,0.5999999999999979
1.1855415466684434,11.700000000000001,0.5999999999999979
1.1865415466684432,11.700000000000001,0.5999999999999979
1.1875415466684431,11.700000000000001,0.5999999999999979
1.188541546668443,11.700000000000001,0.5999999999999979
1.189541546668443,11.700000000000001,0.5999999999999979
1.1905415466684428,11.700000000000001,0.5999999999999979
1.1915415466684427,11.700000000000001,0.5999999999999979
1.1925415466684426,11.700000000000001,0.5999999999999979
1.1935415466684425,11.700000000000001,0.5999999999999979
1.1945415466684424,11.700000000000001,0.5999999999999979
1.1955415466684423,11.700000000000001,0.5999999999999979
1.1965415466684421,11.700000000000001,0.5999999999999979
1.197541546668442,11.700000000000001,0.5999999999999979
1.198541546668442,11.700000000000001,0.5999999999999979
1.1995415466684418,11.700000000000001,0.5999999999999979
1.2005415466684417,11.700000000000001,0.5999999999999979
1.2015415466684416,11.700000000000001,0.5999999999999979
1.2025415466684415,11.700000000000001,0.5999999999999979
1.2035415466684414,11.700000000000001,0.5999999999999979
1.2045415466684413,11.700000000000001,0.5999999999999979
1.2055415466684412,11.700000000000001,0.5999999999999979
1.206541546668441,11.700000000000001,0.5999999999999979
1.207541546668441,11.700000000000001,0.5999999999999979
1.2085415466684408,11.700000000000001,0.5999999999999979
1.2095415466684407,11.700000000000001,0.5999999999999979
1.2105415466684406,11.700000000000001,0.5999999999999979
1.2115415466684405,11.700000000000001,0.5999999999999979
1.2125415466684404,11.700000000000001,0.5999999999999979
1.2135415466684403,11.700000000000001,0.5999999999999979
1.2145415466684402,11.700000000000001,0.5999999999999979
1.21554154666844,11.700000000000001,0.5999999999999979
1.21654154666844,11.700000000000001,0.5999999999999979
1.2175415466684398,11.700000000000001,0.5999999999999979
1.2185415466684397,11.700000000000001,0.5999999999999979
1.2195415466684396,11.700000000000001,0.5999999999999979
1.2205415466684395,11.700000000000001,0.5999999999999979
1.2215415466684394,11.700000000000001,0.5999999999999979
1.2225415466684393,11.700000000000001,0.5999999999999979
1.2235415466684392,11.700000000000001,0.5999999999999979
1.224541546668439,11.700000000000001,0.5999999999999979
1.225541546668439,11.700000000000001,0.5999999999999979
1.2265415466684388,11.700000000000001,0.5999999999999979
1.2275415466684387,11.700000000000001,0.5999999999999979
1.2285415466684386,11.700000000000001,0.5999999999999979
1.2295415466684385,11.700000000000001,0.5999999999999979
1.2305415466684384,11.700000000000001,0.5999999999999979
1.2315415466684383,11.700000000000001,0.5999999999999979
1.2325415466684382,11.700000000000001,0.5999999999999979
1.233541546668438,11.700000000000001,0.5999999999999979
1.234541546668438,11.700000000000001,0.5999999999999979
1.2355415466684379,11.700000000000001,0.5999999999999979
1.2365415466684377,11.700000000000001,0.5999999999999979
1.2375415466684376,11.700000000000001,0.5999999999999979
1.2385415466684375,11.700000000000001,0.5999999999999979
1.2395415466684374,11.700000000000001,0.5999999999999979
1.2405415466684373,11.700000000000001,0.5999999999999979
1.2415415466684372,11.700000000000001,0.5999999999999979
1.242541546668437,11.700000000000001,0.5999999999999979
1.243541546668437,11.700000000000001,0.5999999999999979
1.2445415466684369,11.700000000000001,0.5999999999999979
1.2455415466684367,11.700000000000001,0.5999999999999979
1.2465415466684366,11.700000000000001,0.5999999999999979
1.2475415466684365,11.700000000000001,0.5999999999999979
1.2485415466684364,11.700000000000001,0.5999999999999979
1.2495415466684363,11.700000000000001,0.5999999999999979
1.2505415466684362,11.700000000000001,0.5999999999999979
1.251541546668436,11.700000000000001,0.5999999999999979
1.252541546668436,11.700000000000001,0.5999999999999979
1.2535415466684359,11.700000000000001,0.5999999999999979
1.2545415466684358,11.700000000000001,0.5999999999999979
1.2555415466684356,11.700000000000001,0.5999999999999979
1.2565415466684355,11.700000000000001,0.5999999999999979
1.2575415466684354,11.700000000000001,0.5999999999999979
1.2585415466684353,11.700000000000001,0.5999999999999979
1.2595415466684352,11.700000000000001,0.5999999999999979
1.260541546668435,11.700000000000001,0.5999999999999979
1.261541546668435,11.700000000000001,0.5999999999999979
1.2625415466684349,11.700000000000001,0.5999999999999979
1.2635415466684348,11.700000000000001,0.5999999999999979
1.2645415466684347,11.700000000000001,0.5999999999999979
1.2655415466684345,11.700000000000001,0.5999999999999979
1.2665415466684344,11.700000000000001,0.5999999999999979
1.2675415466684343,11.700000000000001,0.5999999999999979
1.2685415466684342,11.700000000000001,0.5999999999999979
1.269541546668434,11.700000000000001,0.5999999999999979
1.270541546668434,11.700000000000001,0.5999999999999979
1.2715415466684339,11.700000000000001,0.5999999999999979
1.2725415466684338,11.700000000000001,0.5999999999999979
1.2735415466684337,11.700000000000001,0.5999999999999979
1.2745415466684336,11.700000000000001,0.5999999999999979
1.2755415466684334,11.700000000000001,0.5999999999999979
1.2765415466684333,11.700000000000001,0.5999999999999979
1.2775415466684332,11.700000000000001,0.5999999999999979
1.2785415466684331,11.700000000000001,0.5999999999999979
1.279541546668433,11.700000000000001,0.5999999999999979
1.280541546668433,11.700000000000001,0.5999999999999979
1.2815415466684328,11.700000000000001,0.5999999999999979
1.2825415466684327,11.700000000000001,0.5999999999999979
1.2835415466684326,11.700000000000001,0.5999999999999979
1.2845415466684325,11.700000000000001,0.5999999999999979
1.2855415466684323,11.700000000000001,0.5999999999999979
1.2865415466684322,11.700000000000001,0.5999999999999979
1.2875415466684321,11.700000000000001,0.5999999999999979
1.288541546668432,11.700000000000001,0.5999999999999979
1.289541546668432,11.700000000000001,0.5999999999999979
1.2905415466684318,11.700000000000001,0.5999999999999979
1.2915415466684317,11.700000000000001,0.5999999999999979
1.2925415466684316,11.700000000000001,0.5999999999999979
1.2935415466684315,11.700000000000001,0.5999999999999979
1.2945415466684314,11.700000000000001,0.5999999999999979
1.2955415466684312,11.700000000000001,0.5999999999999979
1.2965415466684311,11.700000000000001,0.5999999999999979
1.297541546668431,11.700000000000001,0.5999999999999979
1.298541546668431,11.700000000000001,0.5999999999999979
1.2995415466684308,11.700000000000001,0.5999999999999979
1.3005415466684307,11.700000000000001,0.5999999999999979
1.3015415466684306,11.700000000000001,0.5999999999999979
1.3025415466684305,11.700000000000001,0.5999999999999979
1.3035415466684304,11.700000000000001,0.5999999999999979
1.3045415466684303,11.700000000000001,0.5999999999999979
1.3055415466684301,11.700000000000001,0.5999999999999979
1.30654154666843,11.700000000000001,0.5999999999999979
1.30754154666843,11.700000000000001,0.5999999999999979
1.3085415466684298,11.700000000000001,0.5999999999999979
1.3095415466684297,11.700000000000001,0.5999999999999979
1.3105415466684296,11.700000000000001,0.5999999999999979
1.3115415466684295,11.700000000000001,0.5999999999999979
1.3125415466684294,11.700000000000001,0.5999999999999979
1.3135415466684293,11.700000000000001,0.5999999999999979
1.3145415466684292,11.700000000000001,0.5999999999999979
1.315541546668429,11.700000000000001,0.5999999999999979
1.316541546668429,11.700000000000001,0.5999999999999979
1.3175415466684288,11.700000000000001,0.5999999999999979
1.3185415466684287,11.700000000000001,0.5999999999999979
1.3195415466684286,11.700000000000001,0.5999999999999979
1.3205415466684285,11.700000000000001,0.5999999999999979
1.3215415466684284,11.700000000000001,0.5999999999999979
1.3225415466684283,11.700000000000001,0.5999999999999979
1.3235415466684282,11.700000000000001,0.5999999999999979
1.324541546668428,11.700000000000001,0.5999999999999979
1.325541546668428,11.700000000000001,0.5999999999999979
1.3265415466684278,11.700000000000001,0.5999999999999979
1.3275415466684277,11.700000000000001,0.5999999999999979
1.3285415466684276,11.700000000000001,0.5999999999999979
1.3295415466684275,11.700000000000001,0.5999999999999979
1.3305415466684274,11.700000000000001,0.5999999999999979
1.3315415466684273,11.700000000000001,0.5999999999999979
1.3325415466684272,11.700000000000001,0.5999999999999979
1.333541546668427,11.700000000000001,0.5999999999999979
1.334541546668427,11.700000000000001,0.5999999999999979
1.3355415466684268,11.700000000000001,0.5999999999999979
1.3365415466684267,11.700000000000001,0.5999999999999979
1.3375415466684266,11.700000000000001,0.5999999999999979
1.3385415466684265,11.700000000000001,0.5999999999999979
1.3395415466684264,11.700000000000001,0.5999999999999979
1.3405415466684263,11.700000000000001,0.5999999999999979
1.3415415466684262,11.700000000000001,0.5999999999999979
1.342541546668426,11.700000000000001,0.5999999999999979
1.343541546668426,11.700000000000001,0.5999999999999979
1.3445415466684258,11.700000000000001,0.5999999999999979
1.3455415466684257,11.700000000000001,0.5999999999999979
1.3465415466684256,11.700000000000001,0.5999999999999979
1.3475415466684255,11.700000000000001,0.5999999999999979
1.3485415466684254,11.700000000000001,0.5999999999999979
1.3495415466684253,11.700000000000001,0.5999999999999979
1.3505415466684252,11.700000000000001,0.5999999999999979
1.351541546668425,11.700000000000001,0.5999999999999979
1.352541546668425,11.700000000000001,0.5999999999999979
1.3535415466684249,11.700000000000001,0.5999999999999979
1.3545415466684247,11.700000000000001,0.5999999999999979
1.3555415466684246,11.700000000000001,0.5999999999999979
1.3565415466684245,11.700000000000001,0.5999999999999979
1.3575415466684244,11.700000000000001,0.5999999999999979
1.3585415466684243,11.700000000000001,0.5999999999999979
1.3595415466684242,11.700000000000001,0.5999999999999979
1.360541546668424,11.700000000000001,0.5999999999999979
1.361541546668424,11.700000000000001,0.5999999999999979
1.3625415466684239,11.700000000000001,0.5999999999999979
1.3635415466684238,11.700000000000001,0.5999999999999979
1.3645415466684236,11.700000000000001,0.5999999999999979
1.3655415466684235,11.700000000000001,0.5999999999999979
1.3665415466684234,11.700000000000001,0.5999999999999979
1.3675415466684233,11.700000000000001,0.5999999999999979
1.3685415466684232,11.700000000000001,0.5999999999999979
1.369541546668423,11.700000000000001,0.5999999999999979
1.370541546668423,11.700000000000001,0.5999999999999979
1.3715415466684229,11.700000000000001,0.5999999999999979
1.3725415466684228,11.700000000000001,0.5999999999999979
1.3735415466684227,11.700000000000001,0.5999999999999979
1.3745415466684225,11.700000000000001,0.5999999999999979
1.3755415466684224,11.700000000000001,0.5999999999999979
1.3765415466684223,11.700000000000001,0.5999999999999979
1.3775415466684222,11.700000000000001,0.5999999999999979
1.378541546668422,11.700000000000001,0.5999999999999979
1.379541546668422,11.700000000000001,0.5999999999999979
1.3805415466684219,11.700000000000001,0.5999999999999979
1.3815415466684218,11.700000000000001,0.5999999999999979
1.3825415466684217,11.700000000000001,0.5999999999999979
1.3835415466684216,11.700000000000001,0.5999999999999979
1.3845415466684214,11.700000000000001,0.5999999999999979
1.3855415466684213,11.700000000000001,0.5999999999999979
1.3865415466684212,11.700000000000001,0.5999999999999979
1.387541546668421,11.700000000000001,0.5999999999999979
1.388541546668421,11.700000000000001,0.5999999999999979
1.389541546668421,11.700000000000001,0.5999999999999979
1.3905415466684208,11.700000000000001,0.5999999999999979
1.3915415466684207,11.700000000000001,0.5999999999999979
1.3925415466684206,11.700000000000001,0.5999999999999979
1.3935415466684204,11.700000000000001,0.5999999999999979
1.3945415466684203,11.700000000000001,0.5999999999999979
1.3955415466684202,11.700000000000001,0.5999999999999979
1.3965415466684201,11.700000000000001,0.5999999999999979
1.39754154666842,11.700000000000001,0.5999999999999979
1.39854154666842,11.700000000000001,0.5999999999999979
1.3995415466684198,11.700000000000001,0.5999999999999979
1.4005415466684197,11.700000000000001,0.5999999999999979
1.4015415466684196,11.700000000000001,0.5999999999999979
1.4025415466684195,11.700000000000001,0.5999999999999979
1.4035415466684193,11.700000000000001,0.5999999999999979
1.4045415466684192,11.700000000000001,0.5999999999999979
1.4055415466684191,11.700000000000001,0.5999999999999979
1.406541546668419,11.700000000000001,0.5999999999999979
1.407541546668419,11.700000000000001,0.5999999999999979
1.4085415466684188,11.700000000000001,0.5999999999999979
1.4095415466684187,11.700000000000001,0.5999999999999979
1.4105415466684186,11.700000000000001,0.5999999999999979
1.4115415466684185,11.700000000000001,0.5999999999999979
1.4125415466684184,11.700000000000001,0.5999999999999979
1.4135415466684182,11.700000000000001,0.5999999999999979
1.4145415466684181,11.700000000000001,0.5999999999999979
1.415541546668418,11.700000000000001,0.5999999999999979
1.416541546668418,11.700000000000001,0.5999999999999979
1.4175415466684178,11.700000000000001,0.5999999999999979
1.4185415466684177,11.700000000000001,0.5999999999999979
1.4195415466684176,11.700000000000001,0.5999999999999979
1.4205415466684175,11.700000000000001,0.5999999999999979
1.4215415466684174,11.700000000000001,0.5999999999999979
1.4225415466684173,11.700000000000001,0.5999999999999979
1.4235415466684171,11.700000000000001,0.5999999999999979
1.424541546668417,11.700000000000001,0.5999999999999979
1.425541546668417,11.700000000000001,0.5999999999999979
1.4265415466684168,11.700000000000001,0.5999999999999979
1.4275415466684167,11.700000000000001,0.5999999999999979
1.4285415466684166,11.700000000000001,0.5999999999999979
1.4295415466684165,11.700000000000001,0.5999999999999979
1.4305415466684164,11.700000000000001,0.5999999999999979
1.4315415466684163,11.700000000000001,0.5999999999999979
1.4325415466684162,11.700000000000001,0.5999999999999979
1.433541546668416,11.700000000000001,0.5999999999999979
1.434541546668416,11.700000000000001,0.5999999999999979
1.4355415466684158,11.700000000000001,0.5999999999999979
1.4365415466684157,11.700000000000001,0.5999999999999979
1.4375415466684156,11.700000000000001,0.5999999999999979
1.4385415466684155,11.700000000000001,0.5999999999999979
1.4395415466684154,11.700000000000001,0.5999999999999979
1.4405415466684153,11.700000000000001,0.5999999999999979
1.4415415466684152,11.700000000000001,0.5999999999999979
1.442541546668415,11.700000000000001,0.5999999999999979
1.443541546668415,11.700000000000001,0.5999999999999979
1.4445415466684148,11.700000000000001,0.5999999999999979
1.4455415466684147,11.700000000000001,0.5999999999999979
1.4465415466684146,11.700000000000001,0.5999999999999979
1.4475415466684145,11.700000000000001,0.5999999999999979
1.4485415466684144,11.700000000000001,0.5999999999999979
1.4495415466684143,11.700000000000001,0.5999999999999979
1.4505415466684142,11.700000000000001,0.5999999999999979
1.451541546668414,11.700000000000001,0.5999999999999979
1.452541546668414,11.700000000000001,0.5999999999999979
1.4535415466684138,11.700000000000001,0.5999999999999979
1.4545415466684137,11.700000000000001,0.5999999999999979
1.4555415466684136,11.700000000000001,0.5999999999999979
1.4565415466684135,11.700000000000001,0.5999999999999979
1.4575415466684134,11.700000000000001,0.5999999999999979
1.4585415466684133,11.700000000000001,0.5999999999999979
1.4595415466684132,11.700000000000001,0.5999999999999979
1.460541546668413,11.700000000000001,0.5999999999999979
1.461541546668413,11.700000000000001,0.5999999999999979
1.4625415466684129,11.700000000000001,0.5999999999999979
1.4635415466684127,11.700000000000001,0.5999999999999979
1.4645415466684126,11.700000000000001,0.5999999999999979
1.4655415466684125,11.700000000000001,0.5999999999999979
1.4665415466684124,11.700000000000001,0.5999999999999979
1.4675415466684123,11.700000000000001,0.5999999999999979
1.4685415466684122,11.700000000000001,0.5999999999999979
1.469541546668412,11.700000000000001,0.5999999999999979
1.470541546668412,11.700000000000001,0.5999999999999979
1.4715415466684119,11.700000000000001,0.5999999999999979
1.4725415466684117,11.700000000000001,0.5999999999999979
1.4735415466684116,11.700000000000001,0.5999999999999979
1.4745415466684115,11.700000000000001,0.5999999999999979
1.4755415466684114,11.700000000000001,0.5999999999999979
1.4765415466684113,11.700000000000001,0.5999999999999979
1.4775415466684112,11.700000000000001,0.5999999999999979
1.478541546668411,11.700000000000001,0.5999999999999979
1.479541546668411,11.700000000000001,0.5999999999999979
1.4805415466684109,11.700000000000001,0.5999999999999979
1.4815415466684108,11.700000000000001,0.5999999999999979
1.4825415466684106,11.700000000000001,0.5999999999999979
1.4835415466684105,11.700000000000001,0.5999999999999979
1.4845415466684104,11.700000000000001,0.5999999999999979
1.4855415466684103,11.700000000000001,0.5999999999999979
1.4865415466684102,11.700000000000001,0.5999999999999979
1.48754154666841,11.700000000000001,0.5999999999999979
1.48854154666841,11.700000000000001,0.5999999999999979
1.4895415466684099,11.700000000000001,0.5999999999999979
1.4905415466684098,11.700000000000001,0.5999999999999979
1.4915415466684097,11.700000000000001,0.5999999999999979
1.4925415466684095,11.700000000000001,0.5999999999999979
1.4935415466684094,11.700000000000001,0.5999999999999979
1.4945415466684093,11.700000000000001,0.5999999999999979
1.4955415466684092,11.700000000000001,0.5999999999999979
1.496541546668409,11.700000000000001,0.5999999999999979
1.497541546668409,11.700000000000001,0.5999999999999979
1.4985415466684089,11.700000000000001,0.5999999999999979
1.4995415466684088,11.700000000000001,0.5999999999999979
1.5005415466684087,11.700000000000001,0.5999999999999979
1.5015415466684086,11.700000000000001,0.5999999999999979
1.5025415466684084,11.700000000000001,0.5999999999999979
1.5035415466684083,11.700000000000001,0.5999999999999979
1.5045415466684082,11.700000000000001,0.5999999999999979
1.5055415466684081,11.700000000000001,0.5999999999999979
1.506541546668408,11.700000000000001,0.5999999999999979
1.507541546668408,11.700000000000001,0.5999999999999979
1.5085415466684078,11.700000000000001,0.5999999999999979
1.5095415466684077,11.700000000000001,0.5999999999999979
1.5105415466684076,11.700000000000001,0.5999999999999979
1.5115415466684075,11.700000000000001,0.5999999999999979
1.5125415466684073,11.700000000000001,0.5999999999999979
1.5135415466684072,11.700000000000001,0.5999999999999979
1.5145415466684071,11.700000000000001,0.5999999999999979
1.515541546668407,11.700000000000001,0.5999999999999979
1.516541546668407,11.700000000000001,0.5999999999999979
1.5175415466684068,11.700000000000001,0.5999999999999979
1.5185415466684067,11.700000000000001,0.5999999999999979
1.5195415466684066,11.700000000000001,0.5999999999999979
1.5205415466684065,11.700000000000001,0.5999999999999979
1.5215415466684064,11.700000000000001,0.5999999999999979
1.5225415466684062,11.700000000000001,0.5999999999999979
1.5235415466684061,11.700000000000001,0.5999999999999979
1.524541546668406,11.700000000000001,0.5999999999999979
1.525541546668406,11.700000000000001,0.5999999999999979
1.5265415466684058,11.700000000000001,0.5999999999999979
1.5275415466684057,11.700000000000001,0.5999999999999979
1.5285415466684056,11.700000000000001,0.5999999999999979
1.5295415466684055,11.700000000000001,0.5999999999999979
1.5305415466684054,11.700000000000001,0.5999999999999979
1.5315415466684053,11.700000000000001,0.5999999999999979
1.5325415466684051,11.700000000000001,0.5999999999999979
1.533541546668405,11.700000000000001,0.5999999999999979
1.534541546668405,11.700000000000001,0.5999999999999979
1.5355415466684048,11.700000000000001,0.5999999999999979
1.5365415466684047,11.700000000000001,0.5999999999999979
1.5375415466684046,11.700000000000001,0.5999999999999979
1.5385415466684045,11.700000000000001,0.5999999999999979
1.5395415466684044,11.700000000000001,0.5999999999999979
1.5405415466684043,11.700000000000001,0.5999999999999979
1.5415415466684042,11.700000000000001,0.5999999999999979
1.542541546668404,11.700000000000001,0.5999999999999979
1.543541546668404,11.700000000000001,0.5999999999999979
1.5445415466684038,11.700000000000001,0.5999999999999979
1.5455415466684037,11.700000000000001,0.5999999999999979
1.5465415466684036,11.700000000000001,0.5999999999999979
1.5475415466684035,11.700000000000001,0.5999999999999979
1.5485415466684034,11.700000000000001,0.5999999999999979
1.5495415466684033,11.700000000000001,0.5999999999999979
1.5505415466684032,11.700000000000001,0.5999999999999979
1.551541546668403,11.700000000000001,0.5999999999999979
1.552541546668403,11.700000000000001,0.5999999999999979
1.5535415466684028,11.700000000000001,0.5999999999999979
1.5545415466684027,11.700000000000001,0.5999999999999979
1.5555415466684026,11.700000000000001,0.5999999999999979
1.5565415466684025,11.700000000000001,0.5999999999999979
1.5575415466684024,11.700000000000001,0.5999999999999979
1.5585415466684023,11.700000000000001,0.5999999999999979
1.5595415466684022,11.700000000000001,0.5999999999999979
1.560541546668402,11.700000000000001,0.5999999999999979
1.561541546668402,11.700000000000001,0.5999999999999979
1.5625415466684018,11.700000000000001,0.5999999999999979
1.5635415466684017,11.700000000000001,0.5999999999999979
1.5645415466684016,11.700000000000001,0.5999999999999979
1.5655415466684015,11.700000000000001,0.5999999999999979
1.5665415466684014,11.700000000000001,0.5999999999999979
1.5675415466684013,11.700000000000001,0.5999999999999979
1.5685415466684012,11.700000000000001,0.5999999999999979
1.569541546668401,11.700000000000001,0.5999999999999979
1.570541546668401,11.700000000000001,0.5999999999999979
1.5715415466684008,11.700000000000001,0.5999999999999979
1.5725415466684007,11.700000000000001,0.5999999999999979
1.5735415466684006,11.700000000000001,0.5999999999999979
1.5745415466684005,11.700000000000001,0.5999999999999979
1.5755415466684004,11.700000000000001,0.5999999999999979
1.5765415466684003,11.700000000000001,0.5999999999999979
1.5775415466684002,11.700000000000001,0.5999999999999979
1.5785415466684,11.700000000000001,0.5999999999999979
1.5795415466684,11.700000000000001,0.5999999999999979
1.5805415466683999,11.700000000000001,0.5999999999999979
1.5815415466683997,11.700000000000001,0.5999999999999979
1.5825415466683996,11.700000000000001,0.5999999999999979
1.5835415466683995,11.700000000000001,0.5999999999999979
1.5845415466683994,11.700000000000001,0.5999999999999979
1.5855415466683993,11.700000000000001,0.5999999999999979
1.5865415466683992,11.700000000000001,0.5999999999999979
1.587541546668399,11.700000000000001,0.5999999999999979
1.588541546668399,11.700000000000001,0.5999999999999979
1.5895415466683989,11.700000000000001,0.5999999999999979
1.5905415466683988,11.700000000000001,0.5999999999999979
1.5915415466683986,11.700000000000001,0.5999999999999979
1.5925415466683985,11.700000000000001,0.5999999999999979
1.5935415466683984,11.700000000000001,0.5999999999999979
1.5945415466683983,11.700000000000001,0.5999999999999979
1.5955415466683982,11.700000000000001,0.5999999999999979
1.596541546668398,11.700000000000001,0.5999999999999979
1.597541546668398,11.700000000000001,0.5999999999999979
1.5985415466683979,11.700000000000001,0.5999999999999979
1.5995415466683978,11.700000000000001,0.5999999999999979
1.6005415466683977,11.700000000000001,0.5999999999999979
1.6015415466683975,11.700000000000001,0.5999999999999979
1.6025415466683974,11.700000000000001,0.5999999999999979
1.6035415466683973,11.700000000000001,0.5999999999999979
1.6045415466683972,11.700000000000001,0.5999999999999979
1.605541546668397,11.700000000000001,0.5999999999999979
1.606541546668397,11.700000000000001,0.5999999999999979
1.6075415466683969,11.700000000000001,0.5999999999999979
1.6085415466683968,11.700000000000001,0.5999999999999979
1.6095415466683967,11.700000000000001,0.5999999999999979
1.6105415466683966,11.700000000000001,0.5999999999999979
1.6115415466683964,11.700000000000001,0.5999999999999979
1.6125415466683963,11.700000000000001,0.5999999999999979
1.6135415466683962,11.700000000000001,0.5999999999999979
1.614541546668396,11.700000000000001,0.5999999999999979
1.615541546668396,11.700000000000001,0.5999999999999979
1.616541546668396,11.700000000000001,0.5999999999999979
1.6175415466683958,11.700000000000001,0.5999999999999979
1.6185415466683957,11.700000000000001,0.5999999999999979
1.6195415466683956,11.700000000000001,0.5999999999999979
1.6205415466683954,11.700000000000001,0.5999999999999979
1.6215415466683953,11.700000000000001,0.5999999999999979
1.6225415466683952,11.700000000000001,0.5999999999999979
1.6235415466683951,11.700000000000001,0.5999999999999979
1.624541546668395,11.700000000000001,0.5999999999999979
1.625541546668395,11.700000000000001,0.5999999999999979
1.6265415466683948,11.700000000000001,0.5999999999999979
1.6275415466683947,11.700000000000001,0.5999999999999979
1.6285415466683946,11.700000000000001,0.5999999999999979
1.6295415466683945,11.700000000000001,0.5999999999999979
1.6305415466683943,11.700000000000001,0.5999999999999979
1.6315415466683942,11.700000000000001,0.5999999999999979
1.6325415466683941,11.700000000000001,0.5999999999999979
1.633541546668394,11.700000000000001,0.5999999999999979
1.634541546668394,11.700000000000001,0.5999999999999979
1.6355415466683938,11.700000000000001,0.5999999999999979
1.6365415466683937,11.700000000000001,0.5999999999999979
1.6375415466683936,11.700000000000001,0.5999999999999979
1.6385415466683935,11.700000000000001,0.5999999999999979
1.6395415466683934,11.700000000000001,0.5999999999999979
1.6405415466683932,11.700000000000001,0.5999999999999979
1.6415415466683931,11.700000000000001,0.5999999999999979
1.642541546668393,11.700000000000001,0.5999999999999979
1.643541546668393,11.700000000000001,0.5999999999999979
1.6445415466683928,11.700000000000001,0.5999999999999979
1.6455415466683927,11.700000000000001,0.5999999999999979
1.6465415466683926,11.700000000000001,0.5999999999999979
1.6475415466683925,11.700000000000001,0.5999999999999979
1.6485415466683924,11.700000000000001,0.5999999999999979
1.6495415466683923,11.700000000000001,0.5999999999999979
1.6505415466683921,11.700000000000001,0.5999999999999979
1.651541546668392,11.700000000000001,0.5999999999999979
1.652541546668392,11.700000000000001,0.5999999999999979
1.6535415466683918,11.700000000000001,0.5999999999999979
1.6545415466683917,11.700000000000001,0.5999999999999979
1.6555415466683916,11.700000000000001,0.5999999999999979
1.6565415466683915,11.700000000000001,0.5999999999999979
1.6575415466683914,11.700000000000001,0.5999999999999979
1.6585415466683913,11.700000000000001,0.5999999999999979
1.6595415466683912,11.700000000000001,0.5999999999999979
1.660541546668391,11.700000000000001,0.5999999999999979
1.661541546668391,11.700000000000001,0.5999999999999979
1.6625415466683908,11.700000000000001,0.5999999999999979
1.6635415466683907,11.700000000000001,0.5999999999999979
1.6645415466683906,11.700000000000001,0.5999999999999979
1.6655415466683905,11.700000000000001,0.5999999999999979
1.6665415466683904,11.700000000000001,0.5999999999999979
1.6675415466683903,11.700000000000001,0.5999999999999979
1.6685415466683902,11.700000000000001,0.5999999999999979
1.66954154666839,11.700000000000001,0.5999999999999979
1.67054154666839,11.700000000000001,0.5999999999999979
1.6715415466683898,11.700000000000001,0.5999999999999979
1.6725415466683897,11.700000000000001,0.5999999999999979
1.6735415466683896,11.700000000000001,0.5999999999999979
1.6745415466683895,11.700000000000001,0.5999999999999979
1.6755415466683894,11.700000000000001,0.5999999999999979
1.6765415466683893,11.700000000000001,0.5999999999999979
1.6775415466683892,11.700000000000001,0.5999999999999979
1.678541546668389,11.700000000000001,0.5999999999999979
1.679541546668389,11.700000000000001,0.5999999999999979
1.6805415466683888,11.700000000000001,0.5999999999999979
1.6815415466683887,11.700000000000001,0.5999999999999979
1.6825415466683886,11.700000000000001,0.5999999999999979
1.6835415466683885,11.700000000000001,0.5999999999999979
1.6845415466683884,11.700000000000001,0.5999999999999979
1.6855415466683883,11.700000000000001,0.5999999999999979
1.6865415466683882,11.700000000000001,0.5999999999999979
1.687541546668388,11.700000000000001,0.5999999999999979
1.688541546668388,11.700000000000001,0.5999999999999979
1.6895415466683879,11.700000000000001,0.5999999999999979
1.6905415466683877,11.700000000000001,0.5999999999999979
1.6915415466683876,11.700000000000001,0.5999999999999979
1.6925415466683875,11.700000000000001,0.5999999999999979
1.6935415466683874,11.700000000000001,0.5999999999999979
1.6945415466683873,11.700000000000001,0.5999999999999979
1.6955415466683872,11.700000000000001,0.5999999999999979
1.696541546668387,11.700000000000001,0.5999999999999979
1.697541546668387,11.700000000000001,0.5999999999999979
1.6985415466683869,11.700000000000001,0.5999999999999979
1.6995415466683867,11.700000000000001,0.5999999999999979
1.7005415466683866,11.700000000000001,0.5999999999999979
1.7015415466683865,11.700000000000001,0.5999999999999979
1.7025415466683864,11.700000000000001,0.5999999999999979
1.7035415466683863,11.700000000000001,0.5999999999999979
1.7045415466683862,11.700000000000001,0.5999999999999979
1.705541546668386,11.700000000000001,0.5999999999999979
1.706541546668386,11.700000000000001,0.5999999999999979
1.7075415466683859,11.700000000000001,0.5999999999999979
1.7085415466683858,11.700000000000001,0.5999999999999979
1.7095415466683856,11.700000000000001,0.5999999999999979
1.7105415466683855,11.700000000000001,0.5999999999999979
1.7115415466683854,11.700000000000001,0.5999999999999979
1.7125415466683853,11.700000000000001,0.5999999999999979
1.7135415466683852,11.700000000000001,0.5999999999999979
1.714541546668385,11.700000000000001,0.5999999999999979
1.715541546668385,11.700000000000001,0.5999999999999979
1.7165415466683849,11.700000000000001,0.5999999999999979
1.7175415466683848,11.700000000000001,0.5999999999999979
1.7185415466683847,11.700000000000001,0.5999999999999979
1.7195415466683845,11.700000000000001,0.5999999999999979
1.7205415466683844,11.700000000000001,0.5999999999999979
1.7215415466683843,11.700000000000001,0.5999999999999979
1.7225415466683842,11.700000000000001,0.5999999999999979
1.723541546668384,11.700000000000001,0.5999999999999979
1.724541546668384,11.700000000000001,0.5999999999999979
1.7255415466683839,11.700000000000001,0.5999999999999979
1.7265415466683838,11.700000000000001,0.5999999999999979
1.7275415466683837,11.700000000000001,0.5999999999999979
1.7285415466683836,11.700000000000001,0.5999999999999979
1.7295415466683834,11.700000000000001,0.5999999999999979
1.7305415466683833,11.700000000000001,0.5999999999999979
1.7315415466683832,11.700000000000001,0.5999999999999979
1.7325415466683831,11.700000000000001,0.5999999999999979
1.733541546668383,11.700000000000001,0.5999999999999979
1.734541546668383,11.700000000000001,0.5999999999999979
1.7355415466683828,11.700000000000001,0.5999999999999979
1.7365415466683827,11.700000000000001,0.5999999999999979
1.7375415466683826,11.700000000000001,0.5999999999999979
1.7385415466683825,11.700000000000001,0.5999999999999979
1.7395415466683823,11.700000000000001,0.5999999999999979
1.7405415466683822,11.700000000000001,0.5999999999999979
1.7415415466683821,11.700000000000001,0.5999999999999979
1.742541546668382,11.700000000000001,0.5999999999999979
1.743541546668382,11.700000000000001,0.5999999999999979
1.7445415466683818,11.700000000000001,0.5999999999999979
1.7455415466683817,11.700000000000001,0.5999999999999979
1.7465415466683816,11.700000000000001,0.5999999999999979
1.7475415466683815,11.700000000000001,0.5999999999999979
1.7485415466683814,11.700000000000001,0.5999999999999979
1.7495415466683812,11.700000000000001,0.5999999999999979
1.7505415466683811,11.700000000000001,0.5999999999999979
1.751541546668381,11.700000000000001,0.5999999999999979
1.752541546668381,11.700000000000001,0.5999999999999979
1.7535415466683808,11.700000000000001,0.5999999999999979
1.7545415466683807,11.700000000000001,0.5999999999999979
1.7555415466683806,11.700000000000001,0.5999999999999979
1.7565415466683805,11.700000000000001,0.5999999999999979
1.7575415466683804,11.700000000000001,0.5999999999999979
1.7585415466683803,11.700000000000001,0.5999999999999979
1.7595415466683801,11.700000000000001,0.5999999999999979
1.76054154666838,11.700000000000001,0.5999999999999979
1.76154154666838,11.700000000000001,0.5999999999999979
1.7625415466683798,11.700000000000001,0.5999999999999979
1.7635415466683797,11.700000000000001,0.5999999999999979
1.7645415466683796,11.700000000000001,0.5999999999999979
1.7655415466683795,11.700000000000001,0.5999999999999979
1.7665415466683794,11.700000000000001,0.5999999999999979
1.7675415466683793,11.700000000000001,0.5999999999999979
1.7685415466683791,11.700000000000001,0.5999999999999979
1.769541546668379,11.700000000000001,0.5999999999999979
1.770541546668379,11.700000000000001,0.5999999999999979
1.7715415466683788,11.700000000000001,0.5999999999999979
1.7725415466683787,11.700000000000001,0.5999999999999979
1.7735415466683786,11.700000000000001,0.5999999999999979
1.7745415466683785,11.700000000000001,0.5999999999999979
1.7755415466683784,11.700000000000001,0.5999999999999979
1.7765415466683783,11.700000000000001,0.5999999999999979
1.7775415466683782,11.700000000000001,0.5999999999999979
1.778541546668378,11.700000000000001,0.5999999999999979
1.779541546668378,11.700000000000001,0.5999999999999979
1.7805415466683778,11.700000000000001,0.5999999999999979
1.7815415466683777,11.700000000000001,0.5999999999999979
1.7825415466683776,11.700000000000001,0.5999999999999979
1.7835415466683775,11.700000000000001,0.5999999999999979
1.7845415466683774,11.700000000000001,0.5999999999999979
1.7855415466683773,11.700000000000001,0.5999999999999979
1.7865415466683772,11.700000000000001,0.5999999999999979
1.787541546668377,11.700000000000001,0.5999999999999979
1.788541546668377,11.700000000000001,0.5999999999999979
1.7895415466683768,11.700000000000001,0.5999999999999979
1.7905415466683767,11.700000000000001,0.5999999999999979
1.7915415466683766,11.700000000000001,0.5999999999999979
1.7925415466683765,11.700000000000001,0.5999999999999979
1.7935415466683764,11.700000000000001,0.5999999999999979
1.7945415466683763,11.700000000000001,0.5999999999999979
1.7955415466683762,11.700000000000001,0.5999999999999979
1.796541546668376,11.700000000000001,0.5999999999999979
1.797541546668376,11.700000000000001,0.5999999999999979
1.7985415466683758,11.700000000000001,0.5999999999999979
1.7995415466683757,11.700000000000001,0.5999999999999979
1.8005415466683756,11.700000000000001,0.5999999999999979
1.8015415466683755,11.700000000000001,0.5999999999999979
1.8025415466683754,11.700000000000001,0.5999999999999979
1.8035415466683753,11.700000000000001,0.5999999999999979
1.8045415466683752,11.700000000000001,0.5999999999999979
1.805541546668375,11.700000000000001,0.5999999999999979
1.806541546668375,11.700000000000001,0.5999999999999979
1.8075415466683749,11.700000000000001,0.5999999999999979
1.8085415466683747,11.700000000000001,0.5999999999999979
1.8095415466683746,11.700000000000001,0.5999999999999979
1.8105415466683745,11.700000000000001,0.5999999999999979
1.8115415466683744,11.700000000000001,0.5999999999999979
1.8125415466683743,11.700000000000001,0.5999999999999979
1.8135415466683742,11.700000000000001,0.5999999999999979
1.814541546668374,11.700000000000001,0.5999999999999979
1.815541546668374,11.700000000000001,0.5999999999999979
1.8165415466683739,11.700000000000001,0.5999999999999979
1.8175415466683738,11.700000000000001,0.5999999999999979
1.8185415466683736,11.700000000000001,0.5999999999999979
1.8195415466683735,11.700000000000001,0.5999999999999979
1.8205415466683734,11.700000000000001,0.5999999999999979
1.8215415466683733,11.700000000000001,0.5999999999999979
1.8225415466683732,11.700000000000001,0.5999999999999979
1.823541546668373,11.700000000000001,0.5999999999999979
1.824541546668373,11.700000000000001,0.5999999999999979
1.8255415466683729,11.700000000000001,0.5999999999999979
1.8265415466683728,11.700000000000001,0.5999999999999979
1.8275415466683727,11.700000000000001,0.5999999999999979
1.8285415466683725,11.700000000000001,0.5999999999999979
1.8295415466683724,11.700000000000001,0.5999999999999979
1.8305415466683723,11.700000000000001,0.5999999999999979
1.8315415466683722,11.700000000000001,0.5999999999999979
1.832541546668372,11.700000000000001,0.5999999999999979
1.833541546668372,11.700000000000001,0.5999999999999979
1.8345415466683719,11.700000000000001,0.5999999999999979
1.8355415466683718,11.700000000000001,0.5999999999999979
1.8365415466683717,11.700000000000001,0.5999999999999979
1.8375415466683716,11.700000000000001,0.5999999999999979
1.8385415466683714,11.700000000000001,0.5999999999999979
1.8395415466683713,11.700000000000001,0.5999999999999979
1.8405415466683712,11.700000000000001,0.5999999999999979
1.841541546668371,11.700000000000001,0.5999999999999979
1.842541546668371,11.700000000000001,0.5999999999999979
1.843541546668371,11.700000000000001,0.5999999999999979
1.8445415466683708,11.700000000000001,0.5999999999999979
1.8455415466683707,11.700000000000001,0.5999999999999979
1.8465415466683706,11.700000000000001,0.5999999999999979
1.8475415466683704,11.700000000000001,0.5999999999999979
1.8485415466683703,11.700000000000001,0.5999999999999979
1.8495415466683702,11.700000000000001,0.5999999999999979
1.8505415466683701,11.700000000000001,0.5999999999999979
1.85154154666837,11.700000000000001,0.5999999999999979
1.85254154666837,11.700000000000001,0.5999999999999979
1.8535415466683698,11.700000000000001,0.5999999999999979
1.8545415466683697,11.700000000000001,0.5999999999999979
1.8555415466683696,11.700000000000001,0.5999999999999979
1.8565415466683695,11.700000000000001,0.5999999999999979
1.8575415466683693,11.700000000000001,0.5999999999999979
1.8585415466683692,11.700000000000001,0.5999999999999979
1.8595415466683691,11.700000000000001,0.5999999999999979
1.860541546668369,11.700000000000001,0.5999999999999979
1.861541546668369,11.700000000000001,0.5999999999999979
1.8625415466683688,11.700000000000001,0.5999999999999979
1.8635415466683687,11.700000000000001,0.5999999999999979
1.8645415466683686,11.700000000000001,0.5999999999999979
1.8655415466683685,11.700000000000001,0.5999999999999979
1.8665415466683684,11.700000000000001,0.5999999999999979
1.8675415466683682,11.700000000000001,0.5999999999999979
1.8685415466683681,11.700000000000001,0.5999999999999979
1.869541546668368,11.700000000000001,0.5999999999999979
1.870541546668368,11.700000000000001,0.5999999999999979
1.8715415466683678,11.700000000000001,0.5999999999999979
1.8725415466683677,11.700000000000001,0.5999999999999979
1.8735415466683676,11.700000000000001,0.5999999999999979
1.8745415466683675,11.700000000000001,0.5999999999999979
1.8755415466683674,11.700000000000001,0.5999999999999979
1.8765415466683673,11.700000000000001,0.5999999999999979
1.8775415466683671,11.700000000000001,0.5999999999999979
1.878541546668367,11.700000000000001,0.5999999999999979
1.879541546668367,11.700000000000001,0.5999999999999979
1.8805415466683668,11.700000000000001,0.5999999999999979
1.8815415466683667,11.700000000000001,0.5999999999999979
1.8825415466683666,11.700000000000001,0.5999999999999979
1.8835415466683665,11.700000000000001,0.5999999999999979
1.8845415466683664,11.700000000000001,0.5999999999999979
1.8855415466683663,11.700000000000001,0.5999999999999979
1.8865415466683662,11.700000000000001,0.5999999999999979
1.887541546668366,11.700000000000001,0.5999999999999979
1.888541546668366,11.700000000000001,0.5999999999999979
1.8895415466683658,11.700000000000001,0.5999999999999979
1.8905415466683657,11.700000000000001,0.5999999999999979
1.8915415466683656,11.700000000000001,0.5999999999999979
1.8925415466683655,11.700000000000001,0.5999999999999979
1.8935415466683654,11.700000000000001,0.5999999999999979
1.8945415466683653,11.700000000000001,0.5999999999999979
1.8955415466683652,11.700000000000001,0.5999999999999979
1.896541546668365,11.700000000000001,0.5999999999999979
1.897541546668365,11.700000000000001,0.5999999999999979
1.8985415466683648,11.700000000000001,0.5999999999999979
1.8995415466683647,11.700000000000001,0.5999999999999979
1.9005415466683646,11.700000000000001,0.5999999999999979
1.9015415466683645,11.700000000000001,0.5999999999999979
1.9025415466683644,11.700000000000001,0.5999999999999979
1.9035415466683643,11.700000000000001,0.5999999999999979
1.9045415466683642,11.700000000000001,0.5999999999999979
1.905541546668364,11.700000000000001,0.5999999999999979
1.906541546668364,11.700000000000001,0.5999999999999979
1.9075415466683638,11.700000000000001,0.5999999999999979
1.9085415466683637,11.700000000000001,0.5999999999999979
1.9095415466683636,11.700000000000001,0.5999999999999979
1.9105415466683635,11.700000000000001,0.5999999999999979
1.9115415466683634,11.700000000000001,0.5999999999999979
1.9125415466683633,11.700000000000001,0.5999999999999979
1.9135415466683632,11.700000000000001,0.5999999999999979
1.914541546668363,11.700000000000001,0.5999999999999979
1.915541546668363,11.700000000000001,0.5999999999999979
1.9165415466683628,11.700000000000001,0.5999999999999979
1.9175415466683627,11.700000000000001,0.5999999999999979
1.9185415466683626,11.700000000000001,0.5999999999999979
1.9195415466683625,11.700000000000001,0.5999999999999979
1.9205415466683624,11.700000000000001,0.5999999999999979
1.9215415466683623,11.700000000000001,0.5999999999999979
1.9225415466683622,11.700000000000001,0.5999999999999979
1.923541546668362,11.700000000000001,0.5999999999999979
1.924541546668362,11.700000000000001,0.5999999999999979
1.9255415466683619,11.700000000000001,0.5999999999999979
1.9265415466683617,11.700000000000001,0.5999999999999979
1.9275415466683616,11.700000000000001,0.5999999999999979
1.9285415466683615,11.700000000000001,0.5999999999999979
1.9295415466683614,11.700000000000001,0.5999999999999979
1.9305415466683613,11.700000000000001,0.5999999999999979
1.9315415466683612,11.700000000000001,0.5999999999999979
1.932541546668361,11.700000000000001,0.5999999999999979
1.933541546668361,11.700000000000001,0.5999999999999979
1.9345415466683609,11.700000000000001,0.5999999999999979
1.9355415466683608,11.700000000000001,0.5999999999999979
1.9365415466683606,11.700000000000001,0.5999999999999979
1.9375415466683605,11.700000000000001,0.5999999999999979
1.9385415466683604,11.700000000000001,0.5999999999999979
1.9395415466683603,11.700000000000001,0.5999999999999979
1.9405415466683602,11.700000000000001,0.5999999999999979
1.94154154666836,11.700000000000001,0.5999999999999979
1.94254154666836,11.700000000000001,0.5999999999999979
1.9435415466683599,11.700000000000001,0.5999999999999979
1.9445415466683598,11.700000000000001,0.5999999999999979
1.9455415466683597,11.700000000000001,0.5999999999999979
1.9465415466683595,11.700000000000001,0.5999999999999979
1.9475415466683594,11.700000000000001,0.5999999999999979
1.9485415466683593,11.700000000000001,0.5999999999999979
1.9495415466683592,11.700000000000001,0.5999999999999979
1.950541546668359,11.700000000000001,0.5999999999999979
1.951541546668359,11.700000000000001,0.5999999999999979
1.9525415466683589,11.700000000000001,0.5999999999999979
1.9535415466683588,11.700000000000001,0.5999999999999979
1.9545415466683587,11.700000000000001,0.5999999999999979
1.9555415466683586,11.700000000000001,0.5999999999999979
1.9565415466683584,11.700000000000001,0.5999999999999979
1.9575415466683583,11.700000000000001,0.5999999999999979
1.9585415466683582,11.700000000000001,0.5999999999999979
1.9595415466683581,11.700000000000001,0.5999999999999979
1.960541546668358,11.700000000000001,0.5999999999999979
1.961541546668358,11.700000000000001,0.5999999999999979
1.9625415466683578,11.700000000000001,0.5999999999999979
1.9635415466683577,11.700000000000001,0.5999999999999979
1.9645415466683576,11.700000000000001,0.5999999999999979
1.9655415466683575,11.700000000000001,0.5999999999999979
1.9665415466683573,11.700000000000001,0.5999999999999979
1.9675415466683572,11.700000000000001,0.5999999999999979
1.9685415466683571,11.700000000000001,0.5999999999999979
1.969541546668357,11.700000000000001,0.5999999999999979
1.970541546668357,11.700000000000001,0.5999999999999979
1.9715415466683568,11.700000000000001,0.5999999999999979
1.9725415466683567,11.700000000000001,0.5999999999999979
1.9735415466683566,11.700000000000001,0.5999999999999979
1.9745415466683565,11.700000000000001,0.5999999999999979
1.9755415466683564,11.700000000000001,0.5999999999999979
1.9765415466683562,11.700000000000001,0.5999999999999979
1.9775415466683561,11.700000000000001,0.5999999999999979
1.978541546668356,11.700000000000001,0.5999999999999979
1.979541546668356,11.700000000000001,0.5999999999999979
1.9805415466683558,11.700000000000001,0.5999999999999979
1.9815415466683557,11.700000000000001,0.5999999999999979
1.9825415466683556,11.700000000000001,0.5999999999999979
1.9835415466683555,11.700000000000001,0.5999999999999979
1.9845415466683554,11.700000000000001,0.5999999999999979
1.9855415466683553,11.700000000000001,0.5999999999999979
1.9865415466683551,11.700000000000001,0.5999999999999979
1.987541546668355,11.700000000000001,0.5999999999999979
1.988541546668355,11.700000000000001,0.5999999999999979
1.9895415466683548,11.700000000000001,0.5999999999999979
1.9905415466683547,11.700000000000001,0.5999999999999979
1.9915415466683546,11.700000000000001,0.5999999999999979
1.9925415466683545,11.700000000000001,0.5999999999999979
1.9935415466683544,11.700000000000001,0.5999999999999979
1.9945415466683543,11.700000000000001,0.5999999999999979
1.9955415466683541,11.700000000000001,0.5999999999999979
1.996541546668354,11.700000000000001,0.5999999999999979
1.997541546668354,11.700000000000001,0.5999999999999979
1.9985415466683538,11.700000000000001,0.5999999999999979
1.9995415466683537,11.700000000000001,0.5999999999999979
2.000541546668354,11.700000000000001,0.5999999999999979
2.0015415466683537,11.700000000000001,0.5999999999999979
2.0025415466683536,11.700000000000001,0.5999999999999979
2.0035415466683535,11.700000000000001,0.5999999999999979
2.0045415466683534,11.700000000000001,0.5999999999999979
2.0055415466683533,11.700000000000001,0.5999999999999979
2.006541546668353,11.700000000000001,0.5999999999999979
2.007541546668353,11.700000000000001,0.5999999999999979
2.008541546668353,11.700000000000001,0.5999999999999979
2.009541546668353,11.700000000000001,0.5999999999999979
2.0105415466683527,11.700000000000001,0.5999999999999979
2.0115415466683526,11.700000000000001,0.5999999999999979
2.0125415466683525,11.700000000000001,0.5999999999999979
2.0135415466683524,11.700000000000001,0.5999999999999979
2.0145415466683523,11.700000000000001,0.5999999999999979
2.015541546668352,11.700000000000001,0.5999999999999979
2.016541546668352,11.700000000000001,0.5999999999999979
2.017541546668352,11.700000000000001,0.5999999999999979
2.018541546668352,11.700000000000001,0.5999999999999979
2.0195415466683517,11.700000000000001,0.5999999999999979
2.0205415466683516,11.700000000000001,0.5999999999999979
2.0215415466683515,11.700000000000001,0.5999999999999979
2.0225415466683514,11.700000000000001,0.5999999999999979
2.0235415466683513,11.700000000000001,0.5999999999999979
2.024541546668351,11.700000000000001,0.5999999999999979
2.025541546668351,11.700000000000001,0.5999999999999979
2.026541546668351,11.700000000000001,0.5999999999999979
2.027541546668351,11.700000000000001,0.5999999999999979
2.0285415466683507,11.700000000000001,0.5999999999999979
2.0295415466683506,11.700000000000001,0.5999999999999979
2.0305415466683505,11.700000000000001,0.5999999999999979
2.0315415466683504,11.700000000000001,0.5999999999999979
2.0325415466683503,11.700000000000001,0.5999999999999979
2.03354154666835,11.700000000000001,0.5999999999999979
2.03454154666835,11.700000000000001,0.5999999999999979
2.03554154666835,11.700000000000001,0.5999999999999979
2.03654154666835,11.700000000000001,0.5999999999999979
2.0375415466683497,11.700000000000001,0.5999999999999979
2.0385415466683496,11.700000000000001,0.5999999999999979
2.0395415466683495,11.700000000000001,0.5999999999999979
2.0405415466683494,11.700000000000001,0.5999999999999979
2.0415415466683493,11.700000000000001,0.5999999999999979
2.042541546668349,11.700000000000001,0.5999999999999979
2.043541546668349,11.700000000000001,0.5999999999999979
2.044541546668349,11.700000000000001,0.5999999999999979
2.045541546668349,11.700000000000001,0.5999999999999979
2.0465415466683488,11.700000000000001,0.5999999999999979
2.0475415466683486,11.700000000000001,0.5999999999999979
2.0485415466683485,11.700000000000001,0.5999999999999979
2.0495415466683484,11.700000000000001,0.5999999999999979
2.0505415466683483,11.700000000000001,0.5999999999999979
2.051541546668348,11.700000000000001,0.5999999999999979
2.052541546668348,11.700000000000001,0.5999999999999979
2.053541546668348,11.700000000000001,0.5999999999999979
2.054541546668348,11.700000000000001,0.5999999999999979
2.0555415466683478,11.700000000000001,0.5999999999999979
2.0565415466683477,11.700000000000001,0.5999999999999979
2.0575415466683475,11.700000000000001,0.5999999999999979
2.0585415466683474,11.700000000000001,0.5999999999999979
2.0595415466683473,11.700000000000001,0.5999999999999979
2.060541546668347,11.700000000000001,0.5999999999999979
2.061541546668347,11.700000000000001,0.5999999999999979
2.062541546668347,11.700000000000001,0.5999999999999979
2.063541546668347,11.700000000000001,0.5999999999999979
2.0645415466683468,11.700000000000001,0.5999999999999979
2.0655415466683467,11.700000000000001,0.5999999999999979
2.0665415466683466,11.700000000000001,0.5999999999999979
2.0675415466683464,11.700000000000001,0.5999999999999979
2.0685415466683463,11.700000000000001,0.5999999999999979
2.069541546668346,11.700000000000001,0.5999999999999979
2.070541546668346,11.700000000000001,0.5999999999999979
2.071541546668346,11.700000000000001,0.5999999999999979
2.072541546668346,11.700000000000001,0.5999999999999979
2.073541546668346,11.700000000000001,0.5999999999999979
2.0745415466683457,11.700000000000001,0.5999999999999979
2.0755415466683456,11.700000000000001,0.5999999999999979
2.0765415466683455,11.700000000000001,0.5999999999999979
2.0775415466683453,11.700000000000001,0.5999999999999979
2.0785415466683452,11.700000000000001,0.5999999999999979
2.079541546668345,11.700000000000001,0.5999999999999979
2.080541546668345,11.700000000000001,0.5999999999999979
2.081541546668345,11.700000000000001,0.5999999999999979
2.082541546668345,11.700000000000001,0.5999999999999979
2.0835415466683447,11.700000000000001,0.5999999999999979
2.0845415466683446,11.700000000000001,0.5999999999999979
2.0855415466683445,11.700000000000001,0.5999999999999979
2.0865415466683443,11.700000000000001,0.5999999999999979
2.0875415466683442,11.700000000000001,0.5999999999999979
2.088541546668344,11.700000000000001,0.5999999999999979
2.089541546668344,11.700000000000001,0.5999999999999979
2.090541546668344,11.700000000000001,0.5999999999999979
2.091541546668344,11.700000000000001,0.5999999999999979
2.0925415466683437,11.700000000000001,0.5999999999999979
2.0935415466683436,11.700000000000001,0.5999999999999979
2.0945415466683435,11.700000000000001,0.5999999999999979
2.0955415466683434,11.700000000000001,0.5999999999999979
2.0965415466683432,11.700000000000001,0.5999999999999979
2.097541546668343,11.700000000000001,0.5999999999999979
2.098541546668343,11.700000000000001,0.5999999999999979
2.099541546668343,11.700000000000001,0.5999999999999979
2.100541546668343,11.700000000000001,0.5999999999999979
2.1015415466683427,11.700000000000001,0.5999999999999979
2.1025415466683426,11.700000000000001,0.5999999999999979
2.1035415466683425,11.700000000000001,0.5999999999999979
2.1045415466683424,11.700000000000001,0.5999999999999979
2.1055415466683423,11.700000000000001,0.5999999999999979
2.106541546668342,11.700000000000001,0.5999999999999979
2.107541546668342,11.700000000000001,0.5999999999999979
2.108541546668342,11.700000000000001,0.5999999999999979
2.109541546668342,11.700000000000001,0.5999999999999979
2.1105415466683417,11.700000000000001,0.5999999999999979
2.1115415466683416,11.700000000000001,0.5999999999999979
2.1125415466683415,11.700000000000001,0.5999999999999979
2.1135415466683414,11.700000000000001,0.5999999999999979
2.1145415466683413,11.700000000000001,0.5999999999999979
2.115541546668341,11.700000000000001,0.5999999999999979
2.116541546668341,11.700000000000001,0.5999999999999979
2.117541546668341,11.700000000000001,0.5999999999999979
2.118541546668341,11.700000000000001,0.5999999999999979
2.1195415466683407,11.700000000000001,0.5999999999999979
2.1205415466683406,11.700000000000001,0.5999999999999979
2.1215415466683405,11.700000000000001,0.5999999999999979
2.1225415466683404,11.700000000000001,0.5999999999999979
2.1235415466683403,11.700000000000001,0.5999999999999979
2.12454154666834,11.700000000000001,0.5999999999999979
2.12554154666834,11.700000000000001,0.5999999999999979
2.12654154666834,11.700000000000001,0.5999999999999979
2.12754154666834,11.700000000000001,0.5999999999999979
2.1285415466683397,11.700000000000001,0.5999999999999979
2.1295415466683396,11.700000000000001,0.5999999999999979
2.1305415466683395,11.700000000000001,0.5999999999999979
2.1315415466683394,11.700000000000001,0.5999999999999979
2.1325415466683393,11.700000000000001,0.5999999999999979
2.133541546668339,11.700000000000001,0.5999999999999979
2.134541546668339,11.700000000000001,0.5999999999999979
2.135541546668339,11.700000000000001,0.5999999999999979
2.136541546668339,11.700000000000001,0.5999999999999979
2.1375415466683387,11.700000000000001,0.5999999999999979
2.1385415466683386,11.700000000000001,0.5999999999999979
2.1395415466683385,11.700000000000001,0.5999999999999979
2.1405415466683384,11.700000000000001,0.5999999999999979
2.1415415466683383,11.700000000000001,0.5999999999999979
2.142541546668338,11.700000000000001,0.5999999999999979
2.143541546668338,11.700000000000001,0.5999999999999979
2.144541546668338,11.700000000000001,0.5999999999999979
2.145541546668338,11.700000000000001,0.5999999999999979
2.1465415466683377,11.700000000000001,0.5999999999999979
2.1475415466683376,11.700000000000001,0.5999999999999979
2.1485415466683375,11.700000000000001,0.5999999999999979
2.1495415466683374,11.700000000000001,0.5999999999999979
2.1505415466683373,11.700000000000001,0.5999999999999979
2.151541546668337,11.700000000000001,0.5999999999999979
2.152541546668337,11.700000000000001,0.5999999999999979
2.153541546668337,11.700000000000001,0.5999999999999979
2.154541546668337,11.700000000000001,0.5999999999999979
2.1555415466683367,11.700000000000001,0.5999999999999979
2.1565415466683366,11.700000000000001,0.5999999999999979
2.1575415466683365,11.700000000000001,0.5999999999999979
2.1585415466683364,11.700000000000001,0.5999999999999979
2.1595415466683363,11.700000000000001,0.5999999999999979
2.160541546668336,11.700000000000001,0.5999999999999979
2.161541546668336,11.700000000000001,0.5999999999999979
2.162541546668336,11.700000000000001,0.5999999999999979
2.163541546668336,11.700000000000001,0.5999999999999979
2.1645415466683358,11.700000000000001,0.5999999999999979
2.1655415466683356,11.700000000000001,0.5999999999999979
2.1665415466683355,11.700000000000001,0.5999999999999979
2.1675415466683354,11.700000000000001,0.5999999999999979
2.1685415466683353,11.700000000000001,0.5999999999999979
2.169541546668335,11.700000000000001,0.5999999999999979
2.170541546668335,11.700000000000001,0.5999999999999979
2.171541546668335,11.700000000000001,0.5999999999999979
2.172541546668335,11.700000000000001,0.5999999999999979
2.1735415466683348,11.700000000000001,0.5999999999999979
2.1745415466683347,11.700000000000001,0.5999999999999979
2.1755415466683345,11.700000000000001,0.5999999999999979
2.1765415466683344,11.700000000000001,0.5999999999999979
2.1775415466683343,11.700000000000001,0.5999999999999979
2.178541546668334,11.700000000000001,0.5999999999999979
2.179541546668334,11.700000000000001,0.5999999999999979
2.180541546668334,11.700000000000001,0.5999999999999979
2.181541546668334,11.700000000000001,0.5999999999999979
2.1825415466683338,11.700000000000001,0.5999999999999979
2.1835415466683337,11.700000000000001,0.5999999999999979
2.1845415466683336,11.700000000000001,0.5999999999999979
2.1855415466683334,11.700000000000001,0.5999999999999979
2.1865415466683333,11.700000000000001,0.5999999999999979
2.1875415466683332,11.700000000000001,0.5999999999999979
2.188541546668333,11.700000000000001,0.5999999999999979
2.189541546668333,11.700000000000001,0.5999999999999979
2.190541546668333,11.700000000000001,0.5999999999999979
2.191541546668333,11.700000000000001,0.5999999999999979
2.1925415466683327,11.700000000000001,0.5999999999999979
2.1935415466683326,11.700000000000001,0.5999999999999979
2.1945415466683325,11.700000000000001,0.5999999999999979
2.1955415466683323,11.700000000000001,0.5999999999999979
2.1965415466683322,11.700000000000001,0.5999999999999979
2.197541546668332,11.700000000000001,0.5999999999999979
2.198541546668332,11.700000000000001,0.5999999999999979
2.199541546668332,11.700000000000001,0.5999999999999979
2.200541546668332,11.700000000000001,0.5999999999999979
2.2015415466683317,11.700000000000001,0.5999999999999979
2.2025415466683316,11.700000000000001,0.5999999999999979
2.2035415466683315,11.700000000000001,0.5999999999999979
2.2045415466683314,11.700000000000001,0.5999999999999979
2.2055415466683312,11.700000000000001,0.5999999999999979
2.206541546668331,11.700000000000001,0.5999999999999979
2.207541546668331,11.700000000000001,0.5999999999999979
2.208541546668331,11.700000000000001,0.5999999999999979
2.209541546668331,11.700000000000001,0.5999999999999979
2.2105415466683307,11.700000000000001,0.5999999999999979
2.2115415466683306,11.700000000000001,0.5999999999999979
2.2125415466683305,11.700000000000001,0.5999999999999979
2.2135415466683304,11.700000000000001,0.5999999999999979
2.2145415466683303,11.700000000000001,0.5999999999999979
2.21554154666833,11.700000000000001,0.5999999999999979
2.21654154666833,11.700000000000001,0.5999999999999979
2.21754154666833,11.700000000000001,0.5999999999999979
2.21854154666833,11.700000000000001,0.5999999999999979
2.2195415466683297,11.700000000000001,0.5999999999999979
2.2205415466683296,11.700000000000001,0.5999999999999979
2.2215415466683295,11.700000000000001,0.5999999999999979
2.2225415466683294,11.700000000000001,0.5999999999999979
2.2235415466683293,11.700000000000001,0.5999999999999979
2.224541546668329,11.700000000000001,0.5999999999999979
2.225541546668329,11.700000000000001,0.5999999999999979
2.226541546668329,11.700000000000001,0.5999999999999979
2.227541546668329,11.700000000000001,0.5999999999999979
2.2285415466683287,11.700000000000001,0.5999999999999979
2.2295415466683286,11.700000000000001,0.5999999999999979
2.2305415466683285,11.700000000000001,0.5999999999999979
2.2315415466683284,11.700000000000001,0.5999999999999979
2.2325415466683283,11.700000000000001,0.5999999999999979
2.233541546668328,11.700000000000001,0.5999999999999979
2.234541546668328,11.700000000000001,0.5999999999999979
2.235541546668328,11.700000000000001,0.5999999999999979
2.236541546668328,11.700000000000001,0.5999999999999979
2.2375415466683277,11.700000000000001,0.5999999999999979
2.2385415466683276,11.700000000000001,0.5999999999999979
2.2395415466683275,11.700000000000001,0.5999999999999979
2.2405415466683274,11.700000000000001,0.5999999999999979
2.2415415466683273,11.700000000000001,0.5999999999999979
2.242541546668327,11.700000000000001,0.5999999999999979
2.243541546668327,11.700000000000001,0.5999999999999979
2.244541546668327,11.700000000000001,0.5999999999999979
2.245541546668327,11.700000000000001,0.5999999999999979
2.2465415466683267,11.700000000000001,0.5999999999999979
2.2475415466683266,11.700000000000001,0.5999999999999979
2.2485415466683265,11.700000000000001,0.5999999999999979
2.2495415466683264,11.700000000000001,0.5999999999999979
2.2505415466683263,11.700000000000001,0.5999999999999979
2.251541546668326,11.700000000000001,0.5999999999999979
2.252541546668326,11.700000000000001,0.5999999999999979
2.253541546668326,11.700000000000001,0.5999999999999979
2.254541546668326,11.700000000000001,0.5999999999999979
2.2555415466683257,11.700000000000001,0.5999999999999979
2.2565415466683256,11.700000000000001,0.5999999999999979
2.2575415466683255,11.700000000000001,0.5999999999999979
2.2585415466683254,11.700000000000001,0.5999999999999979
2.2595415466683253,11.700000000000001,0.5999999999999979
2.260541546668325,11.700000000000001,0.5999999999999979
2.261541546668325,11.700000000000001,0.5999999999999979
2.262541546668325,11.700000000000001,0.5999999999999979
2.263541546668325,11.700000000000001,0.5999999999999979
2.2645415466683247,11.700000000000001,0.5999999999999979
2.2655415466683246,11.700000000000001,0.5999999999999979
2.2665415466683245,11.700000000000001,0.5999999999999979
2.2675415466683244,11.700000000000001,0.5999999999999979
2.2685415466683243,11.700000000000001,0.5999999999999979
2.269541546668324,11.700000000000001,0.5999999999999979
2.270541546668324,11.700000000000001,0.5999999999999979
2.271541546668324,11.700000000000001,0.5999999999999979
2.272541546668324,11.700000000000001,0.5999999999999979
2.2735415466683238,11.700000000000001,0.5999999999999979
2.2745415466683236,11.700000000000001,0.5999999999999979
2.2755415466683235,11.700000000000001,0.5999999999999979
2.2765415466683234,11.700000000000001,0.5999999999999979
2.2775415466683233,11.700000000000001,0.5999999999999979
2.278541546668323,11.700000000000001,0.5999999999999979
2.279541546668323,11.700000000000001,0.5999999999999979
2.280541546668323,11.700000000000001,0.5999999999999979
2.281541546668323,11.700000000000001,0.5999999999999979
2.2825415466683228,11.700000000000001,0.5999999999999979
2.2835415466683227,11.700000000000001,0.5999999999999979
2.2845415466683225,11.700000000000001,0.5999999999999979
2.2855415466683224,11.700000000000001,0.5999999999999979
2.2865415466683223,11.700000000000001,0.5999999999999979
2.287541546668322,11.700000000000001,0.5999999999999979
2.288541546668322,11.700000000000001,0.5999999999999979
2.289541546668322,11.700000000000001,0.5999999999999979
2.290541546668322,11.700000000000001,0.5999999999999979
2.2915415466683218,11.700000000000001,0.5999999999999979
2.2925415466683217,11.700000000000001,0.5999999999999979
2.2935415466683216,11.700000000000001,0.5999999999999979
2.2945415466683214,11.700000000000001,0.5999999999999979
2.2955415466683213,11.700000000000001,0.5999999999999979
2.296541546668321,11.700000000000001,0.5999999999999979
2.297541546668321,11.700000000000001,0.5999999999999979
2.298541546668321,11.700000000000001,0.5999999999999979
2.299541546668321,11.700000000000001,0.5999999999999979
2.300541546668321,11.700000000000001,0.5999999999999979
2.3015415466683207,11.700000000000001,0.5999999999999979
2.3025415466683206,11.700000000000001,0.5999999999999979
2.3035415466683204,11.700000000000001,0.5999999999999979
2.3045415466683203,11.700000000000001,0.5999999999999979
2.3055415466683202,11.700000000000001,0.5999999999999979
2.30654154666832,11.700000000000001,0.5999999999999979
2.30754154666832,11.700000000000001,0.5999999999999979
2.30854154666832,11.700000000000001,0.5999999999999979
2.30954154666832,11.700000000000001,0.5999999999999979
2.3105415466683197,11.700000000000001,0.5999999999999979
2.3115415466683196,11.700000000000001,0.5999999999999979
2.3125415466683195,11.700000000000001,0.5999999999999979
2.3135415466683193,11.700000000000001,0.5999999999999979
2.3145415466683192,11.700000000000001,0.5999999999999979
2.315541546668319,11.700000000000001,0.5999999999999979
2.316541546668319,11.700000000000001,0.5999999999999979
2.317541546668319,11.700000000000001,0.5999999999999979
2.318541546668319,11.700000000000001,0.5999999999999979
2.3195415466683187,11.700000000000001,0.5999999999999979
2.3205415466683186,11.700000000000001,0.5999999999999979
2.3215415466683185,11.700000000000001,0.5999999999999979
2.3225415466683184,11.700000000000001,0.5999999999999979
2.3235415466683182,11.700000000000001,0.5999999999999979
2.324541546668318,11.700000000000001,0.5999999999999979
2.325541546668318,11.700000000000001,0.5999999999999979
2.326541546668318,11.700000000000001,0.5999999999999979
2.327541546668318,11.700000000000001,0.5999999999999979
2.3285415466683177,11.700000000000001,0.5999999999999979
2.3295415466683176,11.700000000000001,0.5999999999999979
2.3305415466683175,11.700000000000001,0.5999999999999979
2.3315415466683174,11.700000000000001,0.5999999999999979
2.3325415466683173,11.700000000000001,0.5999999999999979
2.333541546668317,11.700000000000001,0.5999999999999979
2.334541546668317,11.700000000000001,0.5999999999999979
2.335541546668317,11.700000000000001,0.5999999999999979
2.336541546668317,11.700000000000001,0.5999999999999979
2.3375415466683167,11.700000000000001,0.5999999999999979
2.3385415466683166,11.700000000000001,0.5999999999999979
2.3395415466683165,11.700000000000001,0.5999999999999979
2.3405415466683164,11.700000000000001,0.5999999999999979
2.3415415466683163,11.700000000000001,0.5999999999999979
2.342541546668316,11.700000000000001,0.5999999999999979
2.343541546668316,11.700000000000001,0.5999999999999979
2.344541546668316,11.700000000000001,0.5999999999999979
2.345541546668316,11.700000000000001,0.5999999999999979
2.3465415466683157,11.700000000000001,0.5999999999999979
2.3475415466683156,11.700000000000001,0.5999999999999979
2.3485415466683155,11.700000000000001,0.5999999999999979
2.3495415466683154,11.700000000000001,0.5999999999999979
2.3505415466683153,11.700000000000001,0.5999999999999979
2.351541546668315,11.700000000000001,0.5999999999999979
2.352541546668315,11.700000000000001,0.5999999999999979
2.353541546668315,11.700000000000001,0.5999999999999979
2.354541546668315,11.700000000000001,0.5999999999999979
2.3555415466683147,11.700000000000001,0.5999999999999979
2.3565415466683146,11.700000000000001,0.5999999999999979
2.3575415466683145,11.700000000000001,0.5999999999999979
2.3585415466683144,11.700000000000001,0.5999999999999979
2.3595415466683143,11.700000000000001,0.5999999999999979
2.360541546668314,11.700000000000001,0.5999999999999979
2.361541546668314,11.700000000000001,0.5999999999999979
2.362541546668314,11.700000000000001,0.5999999999999979
2.363541546668314,11.700000000000001,0.5999999999999979
2.3645415466683137,11.700000000000001,0.5999999999999979
2.3655415466683136,11.700000000000001,0.5999999999999979
2.3665415466683135,11.700000000000001,0.5999999999999979
2.3675415466683134,11.700000000000001,0.5999999999999979
2.3685415466683133,11.700000000000001,0.5999999999999979
2.369541546668313,11.700000000000001,0.5999999999999979
2.370541546668313,11.700000000000001,0.5999999999999979
2.371541546668313,11.700000000000001,0.5999999999999979
2.372541546668313,11.700000000000001,0.5999999999999979
2.3735415466683127,11.700000000000001,0.5999999999999979
2.3745415466683126,11.700000000000001,0.5999999999999979
2.3755415466683125,11.700000000000001,0.5999999999999979
2.3765415466683124,11.700000000000001,0.5999999999999979
2.3775415466683123,11.700000000000001,0.5999999999999979
2.378541546668312,11.700000000000001,0.5999999999999979
2.379541546668312,11.700000000000001,0.5999999999999979
2.380541546668312,11.700000000000001,0.5999999999999979
2.381541546668312,11.700000000000001,0.5999999999999979
2.3825415466683117,11.700000000000001,0.5999999999999979
2.3835415466683116,11.700000000000001,0.5999999999999979
2.3845415466683115,11.700000000000001,0.5999999999999979
2.3855415466683114,11.700000000000001,0.5999999999999979
2.3865415466683113,11.700000000000001,0.5999999999999979
2.387541546668311,11.700000000000001,0.5999999999999979
2.388541546668311,11.700000000000001,0.5999999999999979
2.389541546668311,11.700000000000001,0.5999999999999979
2.390541546668311,11.700000000000001,0.5999999999999979
2.3915415466683108,11.700000000000001,0.5999999999999979
2.3925415466683106,11.700000000000001,0.5999999999999979
2.3935415466683105,11.700000000000001,0.5999999999999979
2.3945415466683104,11.700000000000001,0.5999999999999979
2.3955415466683103,11.700000000000001,0.5999999999999979
2.39654154666831,11.700000000000001,0.5999999999999979
2.39754154666831,11.700000000000001,0.5999999999999979
2.39854154666831,11.700000000000001,0.5999999999999979
2.39954154666831,11.700000000000001,0.5999999999999979
2.4005415466683098,11.700000000000001,0.5999999999999979
2.4015415466683097,11.700000000000001,0.5999999999999979
2.4025415466683095,11.700000000000001,0.5999999999999979
2.4035415466683094,11.700000000000001,0.5999999999999979
2.4045415466683093,11.700000000000001,0.5999999999999979
2.405541546668309,11.700000000000001,0.5999999999999979
2.406541546668309,11.700000000000001,0.5999999999999979
2.407541546668309,11.700000000000001,0.5999999999999979
2.408541546668309,11.700000000000001,0.5999999999999979
2.4095415466683088,11.700000000000001,0.5999999999999979
2.4105415466683087,11.700000000000001,0.5999999999999979
2.4115415466683086,11.700000000000001,0.5999999999999979
2.4125415466683084,11.700000000000001,0.5999999999999979
2.4135415466683083,11.700000000000001,0.5999999999999979
2.4145415466683082,11.700000000000001,0.5999999999999979
2.415541546668308,11.700000000000001,0.5999999999999979
2.416541546668308,11.700000000000001,0.5999999999999979
2.417541546668308,11.700000000000001,0.5999999999999979
2.418541546668308,11.700000000000001,0.5999999999999979
2.4195415466683077,11.700000000000001,0.5999999999999979
2.4205415466683076,11.700000000000001,0.5999999999999979
2.4215415466683075,11.700000000000001,0.5999999999999979
2.4225415466683073,11.700000000000001,0.5999999999999979
2.4235415466683072,11.700000000000001,0.5999999999999979
2.424541546668307,11.700000000000001,0.5999999999999979
2.425541546668307,11.700000000000001,0.5999999999999979
2.426541546668307,11.700000000000001,0.5999999999999979
2.427541546668307,11.700000000000001,0.5999999999999979
2.4285415466683067,11.700000000000001,0.5999999999999979
2.4295415466683066,11.700000000000001,0.5999999999999979
2.4305415466683065,11.700000000000001,0.5999999999999979
2.4315415466683064,11.700000000000001,0.5999999999999979
2.4325415466683062,11.700000000000001,0.5999999999999979
2.433541546668306,11.700000000000001,0.5999999999999979
2.434541546668306,11.700000000000001,0.5999999999999979
2.435541546668306,11.700000000000001,0.5999999999999979
2.436541546668306,11.700000000000001,0.5999999999999979
2.4375415466683057,11.700000000000001,0.5999999999999979
2.4385415466683056,11.700000000000001,0.5999999999999979
2.4395415466683055,11.700000000000001,0.5999999999999979
2.4405415466683054,11.700000000000001,0.5999999999999979
2.4415415466683053,11.700000000000001,0.5999999999999979
2.442541546668305,11.700000000000001,0.5999999999999979
2.443541546668305,11.700000000000001,0.5999999999999979
2.444541546668305,11.700000000000001,0.5999999999999979
2.445541546668305,11.700000000000001,0.5999999999999979
2.4465415466683047,11.700000000000001,0.5999999999999979
2.4475415466683046,11.700000000000001,0.5999999999999979
2.4485415466683045,11.700000000000001,0.5999999999999979
2.4495415466683044,11.700000000000001,0.5999999999999979
2.4505415466683043,11.700000000000001,0.5999999999999979
2.451541546668304,11.700000000000001,0.5999999999999979
2.452541546668304,11.700000000000001,0.5999999999999979
2.453541546668304,11.700000000000001,0.5999999999999979
2.454541546668304,11.700000000000001,0.5999999999999979
2.4555415466683037,11.700000000000001,0.5999999999999979
2.4565415466683036,11.700000000000001,0.5999999999999979
2.4575415466683035,11.700000000000001,0.5999999999999979
2.4585415466683034,11.700000000000001,0.5999999999999979
2.4595415466683033,11.700000000000001,0.5999999999999979
2.460541546668303,11.700000000000001,0.5999999999999979
2.461541546668303,11.700000000000001,0.5999999999999979
2.462541546668303,11.700000000000001,0.5999999999999979
2.463541546668303,11.700000000000001,0.5999999999999979
2.4645415466683027,11.700000000000001,0.5999999999999979
2.4655415466683026,11.700000000000001,0.5999999999999979
2.4665415466683025,11.700000000000001,0.5999999999999979
2.4675415466683024,11.700000000000001,0.5999999999999979
2.4685415466683023,11.700000000000001,0.5999999999999979
2.469541546668302,11.700000000000001,0.5999999999999979
2.470541546668302,11.700000000000001,0.5999999999999979
2.471541546668302,11.700000000000001,0.5999999999999979
2.472541546668302,11.700000000000001,0.5999999999999979
2.4735415466683017,11.700000000000001,0.5999999999999979
2.4745415466683016,11.700000000000001,0.5999999999999979
2.4755415466683015,11.700000000000001,0.5999999999999979
2.4765415466683014,11.700000000000001,0.5999999999999979
2.4775415466683013,11.700000000000001,0.5999999999999979
2.478541546668301,11.700000000000001,0.5999999999999979
2.479541546668301,11.700000000000001,0.5999999999999979
2.480541546668301,11.700000000000001,0.5999999999999979
2.481541546668301,11.700000000000001,0.5999999999999979
2.4825415466683007,11.700000000000001,0.5999999999999979
2.4835415466683006,11.700000000000001,0.5999999999999979
2.4845415466683005,11.700000000000001,0.5999999999999979
2.4855415466683004,11.700000000000001,0.5999999999999979
2.4865415466683003,11.700000000000001,0.5999999999999979
2.4875415466683,11.700000000000001,0.5999999999999979
2.4885415466683,11.700000000000001,0.5999999999999979
2.4895415466683,11.700000000000001,0.5999999999999979
2.4905415466683,11.700000000000001,0.5999999999999979
2.4915415466682997,11.700000000000001,0.5999999999999979
2.4925415466682996,11.700000000000001,0.5999999999999979
2.4935415466682995,11.700000000000001,0.5999999999999979
2.4945415466682994,11.700000000000001,0.5999999999999979
2.4955415466682993,11.700000000000001,0.5999999999999979
2.496541546668299,11.700000000000001,0.5999999999999979
2.497541546668299,11.700000000000001,0.5999999999999979
2.498541546668299,11.700000000000001,0.5999999999999979
2.499541546668299,11.700000000000001,0.5999999999999979
2.5005415466682988,11.700000000000001,0.5999999999999979
2.5015415466682986,11.700000000000001,0.5999999999999979
2.5025415466682985,11.700000000000001,0.5999999999999979
2.5035415466682984,11.700000000000001,0.5999999999999979
2.5045415466682983,11.700000000000001,0.5999999999999979
2.505541546668298,11.700000000000001,0.5999999999999979
2.506541546668298,11.700000000000001,0.5999999999999979
2.507541546668298,11.700000000000001,0.5999999999999979
2.508541546668298,11.700000000000001,0.5999999999999979
2.5095415466682978,11.700000000000001,0.5999999999999979
2.5105415466682977,11.700000000000001,0.5999999999999979
2.5115415466682975,11.700000000000001,0.5999999999999979
2.5125415466682974,11.700000000000001,0.5999999999999979
2.5135415466682973,11.700000000000001,0.5999999999999979
2.514541546668297,11.700000000000001,0.5999999999999979
2.515541546668297,11.700000000000001,0.5999999999999979
2.516541546668297,11.700000000000001,0.5999999999999979
2.517541546668297,11.700000000000001,0.5999999999999979
2.5185415466682968,11.700000000000001,0.5999999999999979
2.5195415466682967,11.700000000000001,0.5999999999999979
2.5205415466682966,11.700000000000001,0.5999999999999979
2.5215415466682964,11.700000000000001,0.5999999999999979
2.5225415466682963,11.700000000000001,0.5999999999999979
2.523541546668296,11.700000000000001,0.5999999999999979
2.524541546668296,11.700000000000001,0.5999999999999979
2.525541546668296,11.700000000000001,0.5999999999999979
2.526541546668296,11.700000000000001,0.5999999999999979
2.527541546668296,11.700000000000001,0.5999999999999979
2.5285415466682957,11.700000000000001,0.5999999999999979
2.5295415466682956,11.700000000000001,0.5999999999999979
2.5305415466682954,11.700000000000001,0.5999999999999979
2.5315415466682953,11.700000000000001,0.5999999999999979
2.5325415466682952,11.700000000000001,0.5999999999999979
2.533541546668295,11.700000000000001,0.5999999999999979
2.534541546668295,11.700000000000001,0.5999999999999979
2.535541546668295,11.700000000000001,0.5999999999999979
2.536541546668295,11.700000000000001,0.5999999999999979
2.5375415466682947,11.700000000000001,0.5999999999999979
2.5385415466682946,11.700000000000001,0.5999999999999979
2.5395415466682945,11.700000000000001,0.5999999999999979
2.5405415466682943,11.700000000000001,0.5999999999999979
2.5415415466682942,11.700000000000001,0.5999999999999979
2.542541546668294,11.700000000000001,0.5999999999999979
2.543541546668294,11.700000000000001,0.5999999999999979
2.544541546668294,11.700000000000001,0.5999999999999979
2.545541546668294,11.700000000000001,0.5999999999999979
2.5465415466682937,11.700000000000001,0.5999999999999979
2.5475415466682936,11.700000000000001,0.5999999999999979
2.5485415466682935,11.700000000000001,0.5999999999999979
2.5495415466682934,11.700000000000001,0.5999999999999979
2.5505415466682932,11.700000000000001,0.5999999999999979
2.551541546668293,11.700000000000001,0.5999999999999979
2.552541546668293,11.700000000000001,0.5999999999999979
2.553541546668293,11.700000000000001,0.5999999999999979
2.554541546668293,11.700000000000001,0.5999999999999979
2.5555415466682927,11.700000000000001,0.5999999999999979
2.5565415466682926,11.700000000000001,0.5999999999999979
2.5575415466682925,11.700000000000001,0.5999999999999979
2.5585415466682924,11.700000000000001,0.5999999999999979
2.5595415466682923,11.700000000000001,0.5999999999999979
2.560541546668292,11.700000000000001,0.5999999999999979
2.561541546668292,11.700000000000001,0.5999999999999979
2.562541546668292,11.700000000000001,0.5999999999999979
2.563541546668292,11.700000000000001,0.5999999999999979
2.5645415466682917,11.700000000000001,0.5999999999999979
2.5655415466682916,11.700000000000001,0.5999999999999979
2.5665415466682915,11.700000000000001,0.5999999999999979
2.5675415466682914,11.700000000000001,0.5999999999999979
2.5685415466682913,11.700000000000001,0.5999999999999979
2.569541546668291,11.700000000000001,0.5999999999999979
2.570541546668291,11.700000000000001,0.5999999999999979
2.571541546668291,11.700000000000001,0.5999999999999979
2.572541546668291,11.700000000000001,0.5999999999999979
2.5735415466682907,11.700000000000001,0.5999999999999979
2.5745415466682906,11.700000000000001,0.5999999999999979
2.5755415466682905,11.700000000000001,0.5999999999999979
2.5765415466682904,11.700000000000001,0.5999999999999979
2.5775415466682903,11.700000000000001,0.5999999999999979
2.57854154666829,11.700000000000001,0.5999999999999979
2.57954154666829,11.700000000000001,0.5999999999999979
2.58054154666829,11.700000000000001,0.5999999999999979
2.58154154666829,11.700000000000001,0.5999999999999979
2.5825415466682897,11.700000000000001,0.5999999999999979
2.5835415466682896,11.700000000000001,0.5999999999999979
2.5845415466682895,11.700000000000001,0.5999999999999979
2.5855415466682894,11.700000000000001,0.5999999999999979
2.5865415466682893,11.700000000000001,0.5999999999999979
2.587541546668289,11.700000000000001,0.5999999999999979
2.588541546668289,11.700000000000001,0.5999999999999979
2.589541546668289,11.700000000000001,0.5999999999999979
2.590541546668289,11.700000000000001,0.5999999999999979
2.5915415466682887,11.700000000000001,0.5999999999999979
2.5925415466682886,11.700000000000001,0.5999999999999979
2.5935415466682885,11.700000000000001,0.5999999999999979
2.5945415466682884,11.700000000000001,0.5999999999999979
2.5955415466682883,11.700000000000001,0.5999999999999979
2.596541546668288,11.700000000000001,0.5999999999999979
2.597541546668288,11.700000000000001,0.5999999999999979
2.598541546668288,11.700000000000001,0.5999999999999979
2.599541546668288,11.700000000000001,0.5999999999999979
2.6005415466682877,11.700000000000001,0.5999999999999979
2.6015415466682876,11.700000000000001,0.5999999999999979
2.6025415466682875,11.700000000000001,0.5999999999999979
2.6035415466682874,11.700000000000001,0.5999999999999979
2.6045415466682873,11.700000000000001,0.5999999999999979
2.605541546668287,11.700000000000001,0.5999999999999979
2.606541546668287,11.700000000000001,0.5999999999999979
2.607541546668287,11.700000000000001,0.5999999999999979
2.608541546668287,11.700000000000001,0.5999999999999979
2.6095415466682867,11.700000000000001,0.5999999999999979
2.6105415466682866,11.700000000000001,0.5999999999999979
2.6115415466682865,11.700000000000001,0.5999999999999979
2.6125415466682864,11.700000000000001,0.5999999999999979
2.6135415466682863,11.700000000000001,0.5999999999999979
2.614541546668286,11.700000000000001,0.5999999999999979
2.615541546668286,11.700000000000001,0.5999999999999979
2.616541546668286,11.700000000000001,0.5999999999999979
2.617541546668286,11.700000000000001,0.5999999999999979
2.6185415466682858,11.700000000000001,0.5999999999999979
2.6195415466682856,11.700000000000001,0.5999999999999979
2.6205415466682855,11.700000000000001,0.5999999999999979
2.6215415466682854,11.700000000000001,0.5999999999999979
2.6225415466682853,11.700000000000001,0.5999999999999979
2.623541546668285,11.700000000000001,0.5999999999999979
2.624541546668285,11.700000000000001,0.5999999999999979
2.625541546668285,11.700000000000001,0.5999999999999979
2.626541546668285,11.700000000000001,0.5999999999999979
2.6275415466682848,11.700000000000001,0.5999999999999979
2.6285415466682847,11.700000000000001,0.5999999999999979
2.6295415466682845,11.700000000000001,0.5999999999999979
2.6305415466682844,11.700000000000001,0.5999999999999979
2.6315415466682843,11.700000000000001,0.5999999999999979
2.632541546668284,11.700000000000001,0.5999999999999979
2.633541546668284,11.700000000000001,0.5999999999999979
2.634541546668284,11.700000000000001,0.5999999999999979
2.635541546668284,11.700000000000001,0.5999999999999979
2.6365415466682838,11.700000000000001,0.5999999999999979
2.6375415466682837,11.700000000000001,0.5999999999999979
2.6385415466682836,11.700000000000001,0.5999999999999979
2.6395415466682834,11.700000000000001,0.5999999999999979
2.6405415466682833,11.700000000000001,0.5999999999999979
2.6415415466682832,11.700000000000001,0.5999999999999979
2.642541546668283,11.700000000000001,0.5999999999999979
2.643541546668283,11.700000000000001,0.5999999999999979
2.644541546668283,11.700000000000001,0.5999999999999979
2.645541546668283,11.700000000000001,0.5999999999999979
2.6465415466682827,11.700000000000001,0.5999999999999979
2.6475415466682826,11.700000000000001,0.5999999999999979
2.6485415466682825,11.700000000000001,0.5999999999999979
2.6495415466682823,11.700000000000001,0.5999999999999979
2.6505415466682822,11.700000000000001,0.5999999999999979
2.651541546668282,11.700000000000001,0.5999999999999979
2.652541546668282,11.700000000000001,0.5999999999999979
2.653541546668282,11.700000000000001,0.5999999999999979
2.654541546668282,11.700000000000001,0.5999999999999979
2.6555415466682817,11.700000000000001,0.5999999999999979
2.6565415466682816,11.700000000000001,0.5999999999999979
2.6575415466682815,11.700000000000001,0.5999999999999979
2.6585415466682814,11.700000000000001,0.5999999999999979
2.6595415466682812,11.700000000000001,0.5999999999999979
2.660541546668281,11.700000000000001,0.5999999999999979
2.661541546668281,11.700000000000001,0.5999999999999979
2.662541546668281,11.700000000000001,0.5999999999999979
2.663541546668281,11.700000000000001,0.5999999999999979
2.6645415466682807,11.700000000000001,0.5999999999999979
2.6655415466682806,11.700000000000001,0.5999999999999979
2.6665415466682805,11.700000000000001,0.5999999999999979
2.6675415466682804,11.700000000000001,0.5999999999999979
2.6685415466682803,11.700000000000001,0.5999999999999979
2.66954154666828,11.700000000000001,0.5999999999999979
2.67054154666828,11.700000000000001,0.5999999999999979
2.67154154666828,11.700000000000001,0.5999999999999979
2.67254154666828,11.700000000000001,0.5999999999999979
2.6735415466682797,11.700000000000001,0.5999999999999979
2.6745415466682796,11.700000000000001,0.5999999999999979
2.6755415466682795,11.700000000000001,0.5999999999999979
2.6765415466682794,11.700000000000001,0.5999999999999979
2.6775415466682793,11.700000000000001,0.5999999999999979
2.678541546668279,11.700000000000001,0.5999999999999979
2.679541546668279,11.700000000000001,0.5999999999999979
2.680541546668279,11.700000000000001,0.5999999999999979
2.681541546668279,11.700000000000001,0.5999999999999979
2.6825415466682787,11.700000000000001,0.5999999999999979
2.6835415466682786,11.700000000000001,0.5999999999999979
2.6845415466682785,11.700000000000001,0.5999999999999979
2.6855415466682784,11.700000000000001,0.5999999999999979
2.6865415466682783,11.700000000000001,0.5999999999999979
2.687541546668278,11.700000000000001,0.5999999999999979
2.688541546668278,11.700000000000001,0.5999999999999979
2.689541546668278,11.700000000000001,0.5999999999999979
2.690541546668278,11.700000000000001,0.5999999999999979
2.6915415466682777,11.700000000000001,0.5999999999999979
2.6925415466682776,11.700000000000001,0.5999999999999979
2.6935415466682775,11.700000000000001,0.5999999999999979
2.6945415466682774,11.700000000000001,0.5999999999999979
2.6955415466682773,11.700000000000001,0.5999999999999979
2.696541546668277,11.700000000000001,0.5999999999999979
2.697541546668277,11.700000000000001,0.5999999999999979
2.698541546668277,11.700000000000001,0.5999999999999979
2.699541546668277,11.700000000000001,0.5999999999999979
2.7005415466682767,11.700000000000001,0.5999999999999979
2.7015415466682766,11.700000000000001,0.5999999999999979
2.7025415466682765,11.700000000000001,0.5999999999999979
2.7035415466682764,11.700000000000001,0.5999999999999979
2.7045415466682763,11.700000000000001,0.5999999999999979
2.705541546668276,11.700000000000001,0.5999999999999979
2.706541546668276,11.700000000000001,0.5999999999999979
2.707541546668276,11.700000000000001,0.5999999999999979
2.708541546668276,11.700000000000001,0.5999999999999979
2.7095415466682757,11.700000000000001,0.5999999999999979
2.7105415466682756,11.700000000000001,0.5999999999999979
2.7115415466682755,11.700000000000001,0.5999999999999979
2.7125415466682754,11.700000000000001,0.5999999999999979
2.7135415466682753,11.700000000000001,0.5999999999999979
2.714541546668275,11.700000000000001,0.5999999999999979
2.715541546668275,11.700000000000001,0.5999999999999979
2.716541546668275,11.700000000000001,0.5999999999999979
2.717541546668275,11.700000000000001,0.5999999999999979
2.7185415466682747,11.700000000000001,0.5999999999999979
2.7195415466682746,11.700000000000001,0.5999999999999979
2.7205415466682745,11.700000000000001,0.5999999999999979
2.7215415466682744,11.700000000000001,0.5999999999999979
2.7225415466682743,11.700000000000001,0.5999999999999979
2.723541546668274,11.700000000000001,0.5999999999999979
2.724541546668274,11.700000000000001,0.5999999999999979
2.725541546668274,11.700000000000001,0.5999999999999979
2.726541546668274,11.700000000000001,0.5999999999999979
2.7275415466682738,11.700000000000001,0.5999999999999979
2.7285415466682736,11.700000000000001,0.5999999999999979
2.7295415466682735,11.700000000000001,0.5999999999999979
2.7305415466682734,11.700000000000001,0.5999999999999979
2.7315415466682733,11.700000000000001,0.5999999999999979
2.732541546668273,11.700000000000001,0.5999999999999979
2.733541546668273,11.700000000000001,0.5999999999999979
2.734541546668273,11.700000000000001,0.5999999999999979
2.735541546668273,11.700000000000001,0.5999999999999979
2.7365415466682728,11.700000000000001,0.5999999999999979
2.7375415466682727,11.700000000000001,0.5999999999999979
2.7385415466682725,11.700000000000001,0.5999999999999979
2.7395415466682724,11.700000000000001,0.5999999999999979
2.7405415466682723,11.700000000000001,0.5999999999999979
2.741541546668272,11.700000000000001,0.5999999999999979
2.742541546668272,11.700000000000001,0.5999999999999979
2.743541546668272,11.700000000000001,0.5999999999999979
2.744541546668272,11.700000000000001,0.5999999999999979
2.7455415466682718,11.700000000000001,0.5999999999999979
2.7465415466682717,11.700000000000001,0.5999999999999979
2.7475415466682716,11.700000000000001,0.5999999999999979
2.7485415466682714,11.700000000000001,0.5999999999999979
2.7495415466682713,11.700000000000001,0.5999999999999979
2.750541546668271,11.700000000000001,0.5999999999999979
2.751541546668271,11.700000000000001,0.5999999999999979
2.752541546668271,11.700000000000001,0.5999999999999979
2.753541546668271,11.700000000000001,0.5999999999999979
2.754541546668271,11.700000000000001,0.5999999999999979
2.7555415466682707,11.700000000000001,0.5999999999999979
2.7565415466682706,11.700000000000001,0.5999999999999979
2.7575415466682704,11.700000000000001,0.5999999999999979
2.7585415466682703,11.700000000000001,0.5999999999999979
2.7595415466682702,11.700000000000001,0.5999999999999979
2.76054154666827,11.700000000000001,0.5999999999999979
2.76154154666827,11.700000000000001,0.5999999999999979
2.76254154666827,11.700000000000001,0.5999999999999979
2.76354154666827,11.700000000000001,0.5999999999999979
2.7645415466682697,11.700000000000001,0.5999999999999979
2.7655415466682696,11.700000000000001,0.5999999999999979
2.7665415466682695,11.700000000000001,0.5999999999999979
2.7675415466682693,11.700000000000001,0.5999999999999979
2.7685415466682692,11.700000000000001,0.5999999999999979
2.769541546668269,11.700000000000001,0.5999999999999979
2.770541546668269,11.700000000000001,0.5999999999999979
2.771541546668269,11.700000000000001,0.5999999999999979
2.772541546668269,11.700000000000001,0.5999999999999979
2.7735415466682687,11.700000000000001,0.5999999999999979
2.7745415466682686,11.700000000000001,0.5999999999999979
2.7755415466682685,11.700000000000001,0.5999999999999979
2.7765415466682684,11.700000000000001,0.5999999999999979
2.7775415466682682,11.700000000000001,0.5999999999999979
2.778541546668268,11.700000000000001,0.5999999999999979
2.779541546668268,11.700000000000001,0.5999999999999979
2.780541546668268,11.700000000000001,0.5999999999999979
2.781541546668268,11.700000000000001,0.5999999999999979
2.7825415466682677,11.700000000000001,0.5999999999999979
2.7835415466682676,11.700000000000001,0.5999999999999979
2.7845415466682675,11.700000000000001,0.5999999999999979
2.7855415466682674,11.700000000000001,0.5999999999999979
2.7865415466682673,11.700000000000001,0.5999999999999979
2.787541546668267,11.700000000000001,0.5999999999999979
2.788541546668267,11.700000000000001,0.5999999999999979
2.789541546668267,11.700000000000001,0.5999999999999979
2.790541546668267,11.700000000000001,0.5999999999999979
2.7915415466682667,11.700000000000001,0.5999999999999979
2.7925415466682666,11.700000000000001,0.5999999999999979
2.7935415466682665,11.700000000000001,0.5999999999999979
2.7945415466682664,11.700000000000001,0.5999999999999979
2.7955415466682663,11.700000000000001,0.5999999999999979
2.796541546668266,11.700000000000001,0.5999999999999979
2.797541546668266,11.700000000000001,0.5999999999999979
2.798541546668266,11.700000000000001,0.5999999999999979
2.799541546668266,11.700000000000001,0.5999999999999979
2.8005415466682657,11.700000000000001,0.5999999999999979
2.8015415466682656,11.700000000000001,0.5999999999999979
2.8025415466682655,11.700000000000001,0.5999999999999979
2.8035415466682654,11.700000000000001,0.5999999999999979
2.8045415466682653,11.700000000000001,0.5999999999999979
2.805541546668265,11.700000000000001,0.5999999999999979
2.806541546668265,11.700000000000001,0.5999999999999979
2.807541546668265,11.700000000000001,0.5999999999999979
2.808541546668265,11.700000000000001,0.5999999999999979
2.8095415466682647,11.700000000000001,0.5999999999999979
2.8105415466682646,11.700000000000001,0.5999999999999979
2.8115415466682645,11.700000000000001,0.5999999999999979
2.8125415466682644,11.700000000000001,0.5999999999999979
2.8135415466682643,11.700000000000001,0.5999999999999979
2.814541546668264,11.700000000000001,0.5999999999999979
2.815541546668264,11.700000000000001,0.5999999999999979
2.816541546668264,11.700000000000001,0.5999999999999979
2.817541546668264,11.700000000000001,0.5999999999999979
2.8185415466682637,11.700000000000001,0.5999999999999979
2.8195415466682636,11.700000000000001,0.5999999999999979
2.8205415466682635,11.700000000000001,0.5999999999999979
2.8215415466682634,11.700000000000001,0.5999999999999979
2.8225415466682633,11.700000000000001,0.5999999999999979
2.823541546668263,11.700000000000001,0.5999999999999979
2.824541546668263,11.700000000000001,0.5999999999999979
2.825541546668263,11.700000000000001,0.5999999999999979
2.826541546668263,11.700000000000001,0.5999999999999979
2.8275415466682627,11.700000000000001,0.5999999999999979
2.8285415466682626,11.700000000000001,0.5999999999999979
2.8295415466682625,11.700000000000001,0.5999999999999979
2.8305415466682624,11.700000000000001,0.5999999999999979
2.8315415466682623,11.700000000000001,0.5999999999999979
2.832541546668262,11.700000000000001,0.5999999999999979
2.833541546668262,11.700000000000001,0.5999999999999979
2.834541546668262,11.700000000000001,0.5999999999999979
2.835541546668262,11.700000000000001,0.5999999999999979
2.8365415466682617,11.700000000000001,0.5999999999999979
2.8375415466682616,11.700000000000001,0.5999999999999979
2.8385415466682615,11.700000000000001,0.5999999999999979
2.8395415466682614,11.700000000000001,0.5999999999999979
2.8405415466682613,11.700000000000001,0.5999999999999979
2.841541546668261,11.700000000000001,0.5999999999999979
2.842541546668261,11.700000000000001,0.5999999999999979
2.843541546668261,11.700000000000001,0.5999999999999979
2.844541546668261,11.700000000000001,0.5999999999999979
2.8455415466682608,11.700000000000001,0.5999999999999979
2.8465415466682606,11.700000000000001,0.5999999999999979
2.8475415466682605,11.700000000000001,0.5999999999999979
2.8485415466682604,11.700000000000001,0.5999999999999979
2.8495415466682603,11.700000000000001,0.5999999999999979
2.85054154666826,11.700000000000001,0.5999999999999979
2.85154154666826,11.700000000000001,0.5999999999999979
2.85254154666826,11.700000000000001,0.5999999999999979
2.85354154666826,11.700000000000001,0.5999999999999979
2.8545415466682598,11.700000000000001,0.5999999999999979
2.8555415466682597,11.700000000000001,0.5999999999999979
2.8565415466682595,11.700000000000001,0.5999999999999979
2.8575415466682594,11.700000000000001,0.5999999999999979
2.8585415466682593,11.700000000000001,0.5999999999999979
2.859541546668259,11.700000000000001,0.5999999999999979
2.860541546668259,11.700000000000001,0.5999999999999979
2.861541546668259,11.700000000000001,0.5999999999999979
2.862541546668259,11.700000000000001,0.5999999999999979
2.8635415466682588,11.700000000000001,0.5999999999999979
2.8645415466682587,11.700000000000001,0.5999999999999979
2.8655415466682586,11.700000000000001,0.5999999999999979
2.8665415466682584,11.700000000000001,0.5999999999999979
2.8675415466682583,11.700000000000001,0.5999999999999979
2.8685415466682582,11.700000000000001,0.5999999999999979
2.869541546668258,11.700000000000001,0.5999999999999979
2.870541546668258,11.700000000000001,0.5999999999999979
2.871541546668258,11.700000000000001,0.5999999999999979
2.872541546668258,11.700000000000001,0.5999999999999979
2.8735415466682577,11.700000000000001,0.5999999999999979
2.8745415466682576,11.700000000000001,0.5999999999999979
2.8755415466682575,11.700000000000001,0.5999999999999979
2.8765415466682573,11.700000000000001,0.5999999999999979
2.8775415466682572,11.700000000000001,0.5999999999999979
2.878541546668257,11.700000000000001,0.5999999999999979
2.879541546668257,11.700000000000001,0.5999999999999979
2.880541546668257,11.700000000000001,0.5999999999999979
2.881541546668257,11.700000000000001,0.5999999999999979
2.8825415466682567,11.700000000000001,0.5999999999999979
2.8835415466682566,11.700000000000001,0.5999999999999979
2.8845415466682565,11.700000000000001,0.5999999999999979
2.8855415466682564,11.700000000000001,0.5999999999999979
2.8865415466682562,11.700000000000001,0.5999999999999979
2.887541546668256,11.700000000000001,0.5999999999999979
2.888541546668256,11.700000000000001,0.5999999999999979
2.889541546668256,11.700000000000001,0.5999999999999979
2.890541546668256,11.700000000000001,0.5999999999999979
2.8915415466682557,11.700000000000001,0.5999999999999979
2.8925415466682556,11.700000000000001,0.5999999999999979
2.8935415466682555,11.700000000000001,0.5999999999999979
2.8945415466682554,11.700000000000001,0.5999999999999979
2.8955415466682553,11.700000000000001,0.5999999999999979
2.896541546668255,11.700000000000001,0.5999999999999979
2.897541546668255,11.700000000000001,0.5999999999999979
2.898541546668255,11.700000000000001,0.5999999999999979
2.899541546668255,11.700000000000001,0.5999999999999979
2.9005415466682547,11.700000000000001,0.5999999999999979
2.9015415466682546,11.700000000000001,0.5999999999999979
2.9025415466682545,11.700000000000001,0.5999999999999979
2.9035415466682544,11.700000000000001,0.5999999999999979
2.9045415466682543,11.700000000000001,0.5999999999999979
2.905541546668254,11.700000000000001,0.5999999999999979
2.906541546668254,11.700000000000001,0.5999999999999979
2.907541546668254,11.700000000000001,0.5999999999999979
2.908541546668254,11.700000000000001,0.5999999999999979
2.9095415466682537,11.700000000000001,0.5999999999999979
2.9105415466682536,11.700000000000001,0.5999999999999979
2.9115415466682535,11.700000000000001,0.5999999999999979
2.9125415466682534,11.700000000000001,0.5999999999999979
2.9135415466682533,11.700000000000001,0.5999999999999979
2.914541546668253,11.700000000000001,0.5999999999999979
2.915541546668253,11.700000000000001,0.5999999999999979
2.916541546668253,11.700000000000001,0.5999999999999979
2.917541546668253,11.700000000000001,0.5999999999999979
2.9185415466682527,11.700000000000001,0.5999999999999979
2.9195415466682526,11.700000000000001,0.5999999999999979
2.9205415466682525,11.700000000000001,0.5999999999999979
2.9215415466682524,11.700000000000001,0.5999999999999979
2.9225415466682523,11.700000000000001,0.5999999999999979
2.923541546668252,11.700000000000001,0.5999999999999979
2.924541546668252,11.700000000000001,0.5999999999999979
2.925541546668252,11.700000000000001,0.5999999999999979
2.926541546668252,11.700000000000001,0.5999999999999979
2.9275415466682517,11.700000000000001,0.5999999999999979
2.9285415466682516,11.700000000000001,0.5999999999999979
2.9295415466682515,11.700000000000001,0.5999999999999979
2.9305415466682514,11.700000000000001,0.5999999999999979
2.9315415466682513,11.700000000000001,0.5999999999999979
2.932541546668251,11.700000000000001,0.5999999999999979
2.933541546668251,11.700000000000001,0.5999999999999979
2.934541546668251,11.700000000000001,0.5999999999999979
2.935541546668251,11.700000000000001,0.5999999999999979
2.9365415466682507,11.700000000000001,0.5999999999999979
2.9375415466682506,11.700000000000001,0.5999999999999979
2.9385415466682505,11.700000000000001,0.5999999999999979
2.9395415466682504,11.700000000000001,0.5999999999999979
2.9405415466682503,11.700000000000001,0.5999999999999979
2.94154154666825,11.700000000000001,0.5999999999999979
2.94254154666825,11.700000000000001,0.5999999999999979
2.94354154666825,11.700000000000001,0.5999999999999979
2.94454154666825,11.700000000000001,0.5999999999999979
2.9455415466682497,11.700000000000001,0.5999999999999979
2.9465415466682496,11.700000000000001,0.5999999999999979
2.9475415466682495,11.700000000000001,0.5999999999999979
2.9485415466682494,11.700000000000001,0.5999999999999979
2.9495415466682493,11.700000000000001,0.5999999999999979
2.950541546668249,11.700000000000001,0.5999999999999979
2.951541546668249,11.700000000000001,0.5999999999999979
2.952541546668249,11.700000000000001,0.5999999999999979
2.953541546668249,11.700000000000001,0.5999999999999979
2.9545415466682488,11.700000000000001,0.5999999999999979
2.9555415466682486,11.700000000000001,0.5999999999999979
2.9565415466682485,11.700000000000001,0.5999999999999979
2.9575415466682484,11.700000000000001,0.5999999999999979
2.9585415466682483,11.700000000000001,0.5999999999999979
2.959541546668248,11.700000000000001,0.5999999999999979
2.960541546668248,11.700000000000001,0.5999999999999979
2.961541546668248,11.700000000000001,0.5999999999999979
2.962541546668248,11.700000000000001,0.5999999999999979
2.9635415466682478,11.700000000000001,0.5999999999999979
2.9645415466682477,11.700000000000001,0.5999999999999979
2.9655415466682475,11.700000000000001,0.5999999999999979
2.9665415466682474,11.700000000000001,0.5999999999999979
2.9675415466682473,11.700000000000001,0.5999999999999979
2.968541546668247,11.700000000000001,0.5999999999999979
2.969541546668247,11.700000000000001,0.5999999999999979
2.970541546668247,11.700000000000001,0.5999999999999979
2.971541546668247,11.700000000000001,0.5999999999999979
2.9725415466682468,11.700000000000001,0.5999999999999979
2.9735415466682467,11.700000000000001,0.5999999999999979
2.9745415466682465,11.700000000000001,0.5999999999999979
2.9755415466682464,11.700000000000001,0.5999999999999979
2.9765415466682463,11.700000000000001,0.5999999999999979
2.977541546668246,11.700000000000001,0.5999999999999979
2.978541546668246,11.700000000000001,0.5999999999999979
2.979541546668246,11.700000000000001,0.5999999999999979
2.980541546668246,11.700000000000001,0.5999999999999979
2.981541546668246,11.700000000000001,0.5999999999999979
2.9825415466682457,11.700000000000001,0.5999999999999979
2.9835415466682456,11.700000000000001,0.5999999999999979
2.9845415466682454,11.700000000000001,0.5999999999999979
2.9855415466682453,11.700000000000001,0.5999999999999979
2.9865415466682452,11.700000000000001,0.5999999999999979
2.987541546668245,11.700000000000001,0.5999999999999979
2.988541546668245,11.700000000000001,0.5999999999999979
2.989541546668245,11.700000000000001,0.5999999999999979
2.990541546668245,11.700000000000001,0.5999999999999979
2.9915415466682447,11.700000000000001,0.5999999999999979
2.9925415466682446,11.700000000000001,0.5999999999999979
2.9935415466682445,11.700000000000001,0.5999999999999979
2.9945415466682443,11.700000000000001,0.5999999999999979
2.9955415466682442,11.700000000000001,0.5999999999999979
2.996541546668244,11.700000000000001,0.5999999999999979
2.997541546668244,11.700000000000001,0.5999999999999979
2.998541546668244,11.700000000000001,0.5999999999999979
2.999541546668244,11.700000000000001,0.5999999999999979
3.0005415466682437,11.700000000000001,0.5999999999999979
3.0015415466682436,11.700000000000001,0.5999999999999979
3.0025415466682435,11.700000000000001,0.5999999999999979
3.0035415466682434,11.700000000000001,0.5999999999999979
3.0045415466682432,11.700000000000001,0.5999999999999979
3.005541546668243,11.700000000000001,0.5999999999999979
3.006541546668243,11.700000000000001,0.5999999999999979
3.007541546668243,11.700000000000001,0.5999999999999979
3.008541546668243,11.700000000000001,0.5999999999999979
3.0095415466682427,11.700000000000001,0.5999999999999979
3.0105415466682426,11.700000000000001,0.5999999999999979
3.0115415466682425,11.700000000000001,0.5999999999999979
3.0125415466682424,11.700000000000001,0.5999999999999979
3.0135415466682423,11.700000000000001,0.5999999999999979
3.014541546668242,11.700000000000001,0.5999999999999979
3.015541546668242,11.700000000000001,0.5999999999999979
3.016541546668242,11.700000000000001,0.5999999999999979
3.017541546668242,11.700000000000001,0.5999999999999979
3.0185415466682417,11.700000000000001,0.5999999999999979
3.0195415466682416,11.700000000000001,0.5999999999999979
3.0205415466682415,11.700000000000001,0.5999999999999979
3.0215415466682414,11.700000000000001,0.5999999999999979
3.0225415466682413,11.700000000000001,0.5999999999999979
3.023541546668241,11.700000000000001,0.5999999999999979
3.024541546668241,11.700000000000001,0.5999999999999979
3.025541546668241,11.700000000000001,0.5999999999999979
3.026541546668241,11.700000000000001,0.5999999999999979
3.0275415466682407,11.700000000000001,0.5999999999999979
3.0285415466682406,11.700000000000001,0.5999999999999979
3.0295415466682405,11.700000000000001,0.5999999999999979
3.0305415466682404,11.700000000000001,0.5999999999999979
3.0315415466682403,11.700000000000001,0.5999999999999979
3.03254154666824,11.700000000000001,0.5999999999999979
3.03354154666824,11.700000000000001,0.5999999999999979
3.03454154666824,11.700000000000001,0.5999999999999979
3.03554154666824,11.700000000000001,0.5999999999999979
3.0365415466682397,11.700000000000001,0.5999999999999979
3.0375415466682396,11.700000000000001,0.5999999999999979
3.0385415466682395,11.700000000000001,0.5999999999999979
3.0395415466682394,11.700000000000001,0.5999999999999979
3.0405415466682393,11.700000000000001,0.5999999999999979
3.041541546668239,11.700000000000001,0.5999999999999979
3.042541546668239,11.700000000000001,0.5999999999999979
3.043541546668239,11.700000000000001,0.5999999999999979
3.044541546668239,11.700000000000001,0.5999999999999979
3.0455415466682387,11.700000000000001,0.5999999999999979
3.0465415466682386,11.700000000000001,0.5999999999999979
3.0475415466682385,11.700000000000001,0.5999999999999979
3.0485415466682384,11.700000000000001,0.5999999999999979
3.0495415466682383,11.700000000000001,0.5999999999999979
3.050541546668238,11.700000000000001,0.5999999999999979
3.051541546668238,11.700000000000001,0.5999999999999979
3.052541546668238,11.700000000000001,0.5999999999999979
3.053541546668238,11.700000000000001,0.5999999999999979
3.0545415466682377,11.700000000000001,0.5999999999999979
3.0555415466682376,11.700000000000001,0.5999999999999979
3.0565415466682375,11.700000000000001,0.5999999999999979
3.0575415466682374,11.700000000000001,0.5999999999999979
3.0585415466682373,11.700000000000001,0.5999999999999979
3.059541546668237,11.700000000000001,0.5999999999999979
3.060541546668237,11.700000000000001,0.5999999999999979
3.061541546668237,11.700000000000001,0.5999999999999979
3.062541546668237,11.700000000000001,0.5999999999999979
3.0635415466682367,11.700000000000001,0.5999999999999979
3.0645415466682366,11.700000000000001,0.5999999999999979
3.0655415466682365,11.700000000000001,0.5999999999999979
3.0665415466682364,11.700000000000001,0.5999999999999979
3.0675415466682363,11.700000000000001,0.5999999999999979
3.068541546668236,11.700000000000001,0.5999999999999979
3.069541546668236,11.700000000000001,0.5999999999999979
3.070541546668236,11.700000000000001,0.5999999999999979
3.071541546668236,11.700000000000001,0.5999999999999979
3.0725415466682358,11.700000000000001,0.5999999999999979
3.0735415466682356,11.700000000000001,0.5999999999999979
3.0745415466682355,11.700000000000001,0.5999999999999979
3.0755415466682354,11.700000000000001,0.5999999999999979
3.0765415466682353,11.700000000000001,0.5999999999999979
3.077541546668235,11.700000000000001,0.5999999999999979
3.078541546668235,11.700000000000001,0.5999999999999979
3.079541546668235,11.700000000000001,0.5999999999999979
3.080541546668235,11.700000000000001,0.5999999999999979
3.0815415466682348,11.700000000000001,0.5999999999999979
3.0825415466682347,11.700000000000001,0.5999999999999979
3.0835415466682345,11.700000000000001,0.5999999999999979
3.0845415466682344,11.700000000000001,0.5999999999999979
3.0855415466682343,11.700000000000001,0.5999999999999979
3.086541546668234,11.700000000000001,0.5999999999999979
3.087541546668234,11.700000000000001,0.5999999999999979
3.088541546668234,11.700000000000001,0.5999999999999979
3.089541546668234,11.700000000000001,0.5999999999999979
3.0905415466682338,11.700000000000001,0.5999999999999979
3.0915415466682337,11.700000000000001,0.5999999999999979
3.0925415466682336,11.700000000000001,0.5999999999999979
3.0935415466682334,11.700000000000001,0.5999999999999979
3.0945415466682333,11.700000000000001,0.5999999999999979
3.0955415466682332,11.700000000000001,0.5999999999999979
3.096541546668233,11.700000000000001,0.5999999999999979
3.097541546668233,11.700000000000001,0.5999999999999979
3.098541546668233,11.700000000000001,0.5999999999999979
3.099541546668233,11.700000000000001,0.5999999999999979
3.1005415466682327,11.700000000000001,0.5999999999999979
3.1015415466682326,11.700000000000001,0.5999999999999979
3.1025415466682325,11.700000000000001,0.5999999999999979
3.1035415466682323,11.700000000000001,0.5999999999999979
3.1045415466682322,11.700000000000001,0.5999999999999979
3.105541546668232,11.700000000000001,0.5999999999999979
3.106541546668232,11.700000000000001,0.5999999999999979
3.107541546668232,11.700000000000001,0.5999999999999979
3.108541546668232,11.700000000000001,0.5999999999999979
3.1095415466682317,11.700000000000001,0.5999999999999979
3.1105415466682316,11.700000000000001,0.5999999999999979
3.1115415466682315,11.700000000000001,0.5999999999999979
3.1125415466682314,11.700000000000001,0.5999999999999979
3.1135415466682312,11.700000000000001,0.5999999999999979
3.114541546668231,11.700000000000001,0.5999999999999979
3.115541546668231,11.700000000000001,0.5999999999999979
3.116541546668231,11.700000000000001,0.5999999999999979
3.117541546668231,11.700000000000001,0.5999999999999979
3.1185415466682307,11.700000000000001,0.5999999999999979
3.1195415466682306,11.700000000000001,0.5999999999999979
3.1205415466682305,11.700000000000001,0.5999999999999979
3.1215415466682304,11.700000000000001,0.5999999999999979
3.1225415466682303,11.700000000000001,0.5999999999999979
3.12354154666823,11.700000000000001,0.5999999999999979
3.12454154666823,11.700000000000001,0.5999999999999979
3.12554154666823,11.700000000000001,0.5999999999999979
3.12654154666823,11.700000000000001,0.5999999999999979
3.1275415466682297,11.700000000000001,0.5999999999999979
3.1285415466682296,11.700000000000001,0.5999999999999979
3.1295415466682295,11.700000000000001,0.5999999999999979
3.1305415466682294,11.700000000000001,0.5999999999999979
3.1315415466682293,11.700000000000001,0.5999999999999979
3.132541546668229,11.700000000000001,0.5999999999999979
3.133541546668229,11.700000000000001,0.5999999999999979
3.134541546668229,11.700000000000001,0.5999999999999979
3.135541546668229,11.700000000000001,0.5999999999999979
3.1365415466682287,11.700000000000001,0.5999999999999979
3.1375415466682286,11.700000000000001,0.5999999999999979
3.1385415466682285,11.700000000000001,0.5999999999999979
3.1395415466682284,11.700000000000001,0.5999999999999979
3.1405415466682283,11.700000000000001,0.5999999999999979
3.141541546668228,11.700000000000001,0.5999999999999979
3.142541546668228,11.700000000000001,0.5999999999999979
3.143541546668228,11.700000000000001,0.5999999999999979
3.144541546668228,11.700000000000001,0.5999999999999979
3.1455415466682277,11.700000000000001,0.5999999999999979
3.1465415466682276,11.700000000000001,0.5999999999999979
3.1475415466682275,11.700000000000001,0.5999999999999979
3.1485415466682274,11.700000000000001,0.5999999999999979
3.1495415466682273,11.700000000000001,0.5999999999999979
3.150541546668227,11.700000000000001,0.5999999999999979
3.151541546668227,11.700000000000001,0.5999999999999979
3.152541546668227,11.700000000000001,0.5999999999999979
3.153541546668227,11.700000000000001,0.5999999999999979
3.1545415466682267,11.700000000000001,0.5999999999999979
3.1555415466682266,11.700000000000001,0.5999999999999979
3.1565415466682265,11.700000000000001,0.5999999999999979
3.1575415466682264,11.700000000000001,0.5999999999999979
3.1585415466682263,11.700000000000001,0.5999999999999979
3.159541546668226,11.700000000000001,0.5999999999999979
3.160541546668226,11.700000000000001,0.5999999999999979
3.161541546668226,11.700000000000001,0.5999999999999979
3.162541546668226,11.700000000000001,0.5999999999999979
3.1635415466682257,11.700000000000001,0.5999999999999979
3.1645415466682256,11.700000000000001,0.5999999999999979
3.1655415466682255,11.700000000000001,0.5999999999999979
3.1665415466682254,11.700000000000001,0.5999999999999979
3.1675415466682253,11.700000000000001,0.5999999999999979
3.168541546668225,11.700000000000001,0.5999999999999979
3.169541546668225,11.700000000000001,0.5999999999999979
3.170541546668225,11.700000000000001,0.5999999999999979
3.171541546668225,11.700000000000001,0.5999999999999979
3.1725415466682247,11.700000000000001,0.5999999999999979
3.1735415466682246,11.700000000000001,0.5999999999999979
3.1745415466682245,11.700000000000001,0.5999999999999979
3.1755415466682244,11.700000000000001,0.5999999999999979
3.1765415466682243,11.700000000000001,0.5999999999999979
3.177541546668224,11.700000000000001,0.5999999999999979
3.178541546668224,11.700000000000001,0.5999999999999979
3.179541546668224,11.700000000000001,0.5999999999999979
3.180541546668224,11.700000000000001,0.5999999999999979
3.1815415466682238,11.700000000000001,0.5999999999999979
3.1825415466682236,11.700000000000001,0.5999999999999979
3.1835415466682235,11.700000000000001,0.5999999999999979
3.1845415466682234,11.700000000000001,0.5999999999999979
3.1855415466682233,11.700000000000001,0.5999999999999979
3.186541546668223,11.700000000000001,0.5999999999999979
3.187541546668223,11.700000000000001,0.5999999999999979
3.188541546668223,11.700000000000001,0.5999999999999979
3.189541546668223,11.700000000000001,0.5999999999999979
3.1905415466682228,11.700000000000001,0.5999999999999979
3.1915415466682227,11.700000000000001,0.5999999999999979
3.1925415466682225,11.700000000000001,0.5999999999999979
3.1935415466682224,11.700000000000001,0.5999999999999979
3.1945415466682223,11.700000000000001,0.5999999999999979
3.195541546668222,11.700000000000001,0.5999999999999979
3.196541546668222,11.700000000000001,0.5999999999999979
3.197541546668222,11.700000000000001,0.5999999999999979
3.198541546668222,11.700000000000001,0.5999999999999979
3.1995415466682218,11.700000000000001,0.5999999999999979
3.2005415466682217,11.700000000000001,0.5999999999999979
3.2015415466682215,11.700000000000001,0.5999999999999979
3.2025415466682214,11.700000000000001,0.5999999999999979
3.2035415466682213,11.700000000000001,0.5999999999999979
3.204541546668221,11.700000000000001,0.5999999999999979
3.205541546668221,11.700000000000001,0.5999999999999979
3.206541546668221,11.700000000000001,0.5999999999999979
3.207541546668221,11.700000000000001,0.5999999999999979
3.208541546668221,11.700000000000001,0.5999999999999979
3.2095415466682207,11.700000000000001,0.5999999999999979
3.2105415466682206,11.700000000000001,0.5999999999999979
3.2115415466682204,11.700000000000001,0.5999999999999979
3.2125415466682203,11.700000000000001,0.5999999999999979
3.2135415466682202,11.700000000000001,0.5999999999999979
3.21454154666822,11.700000000000001,0.5999999999999979
3.21554154666822,11.700000000000001,0.5999999999999979
3.21654154666822,11.700000000000001,0.5999999999999979
3.21754154666822,11.700000000000001,0.5999999999999979
3.2185415466682197,11.700000000000001,0.5999999999999979
3.2195415466682196,11.700000000000001,0.5999999999999979
3.2205415466682195,11.700000000000001,0.5999999999999979
3.2215415466682193,11.700000000000001,0.5999999999999979
3.2225415466682192,11.700000000000001,0.5999999999999979
3.223541546668219,11.700000000000001,0.5999999999999979
3.224541546668219,11.700000000000001,0.5999999999999979
3.225541546668219,11.700000000000001,0.5999999999999979
3.226541546668219,11.700000000000001,0.5999999999999979
3.2275415466682187,11.700000000000001,0.5999999999999979
3.2285415466682186,11.700000000000001,0.5999999999999979
3.2295415466682185,11.700000000000001,0.5999999999999979
3.2305415466682184,11.700000000000001,0.5999999999999979
3.2315415466682182,11.700000000000001,0.5999999999999979
3.232541546668218,11.700000000000001,0.5999999999999979
3.233541546668218,11.700000000000001,0.5999999999999979
3.234541546668218,11.700000000000001,0.5999999999999979
3.235541546668218,11.700000000000001,0.5999999999999979
3.2365415466682177,11.700000000000001,0.5999999999999979
3.2375415466682176,11.700000000000001,0.5999999999999979
3.2385415466682175,11.700000000000001,0.5999999999999979
3.2395415466682174,11.700000000000001,0.5999999999999979
3.2405415466682173,11.700000000000001,0.5999999999999979
3.241541546668217,11.700000000000001,0.5999999999999979
3.242541546668217,11.700000000000001,0.5999999999999979
3.243541546668217,11.700000000000001,0.5999999999999979
3.244541546668217,11.700000000000001,0.5999999999999979
3.2455415466682167,11.700000000000001,0.5999999999999979
3.2465415466682166,11.700000000000001,0.5999999999999979
3.2475415466682165,11.700000000000001,0.5999999999999979
3.2485415466682164,11.700000000000001,0.5999999999999979
3.2495415466682163,11.700000000000001,0.5999999999999979
3.250541546668216,11.700000000000001,0.5999999999999979
3.251541546668216,11.700000000000001,0.5999999999999979
3.252541546668216,11.700000000000001,0.5999999999999979
3.253541546668216,11.700000000000001,0.5999999999999979
3.2545415466682157,11.700000000000001,0.5999999999999979
3.2555415466682156,11.700000000000001,0.5999999999999979
3.2565415466682155,11.700000000000001,0.5999999999999979
3.2575415466682154,11.700000000000001,0.5999999999999979
3.2585415466682153,11.700000000000001,0.5999999999999979
3.259541546668215,11.700000000000001,0.5999999999999979
3.260541546668215,11.700000000000001,0.5999999999999979
3.261541546668215,11.700000000000001,0.5999999999999979
3.262541546668215,11.700000000000001,0.5999999999999979
3.2635415466682147,11.700000000000001,0.5999999999999979
3.2645415466682146,11.700000000000001,0.5999999999999979
3.2655415466682145,11.700000000000001,0.5999999999999979
3.2665415466682144,11.700000000000001,0.5999999999999979
3.2675415466682143,11.700000000000001,0.5999999999999979
3.268541546668214,11.700000000000001,0.5999999999999979
3.269541546668214,11.700000000000001,0.5999999999999979
3.270541546668214,11.700000000000001,0.5999999999999979
3.271541546668214,11.700000000000001,0.5999999999999979
3.2725415466682137,11.700000000000001,0.5999999999999979
3.2735415466682136,11.700000000000001,0.5999999999999979
3.2745415466682135,11.700000000000001,0.5999999999999979
3.2755415466682134,11.700000000000001,0.5999999999999979
3.2765415466682133,11.700000000000001,0.5999999999999979
3.277541546668213,11.700000000000001,0.5999999999999979
3.278541546668213,11.700000000000001,0.5999999999999979
3.279541546668213,11.700000000000001,0.5999999999999979
3.280541546668213,11.700000000000001,0.5999999999999979
3.2815415466682127,11.700000000000001,0.5999999999999979
3.2825415466682126,11.700000000000001,0.5999999999999979
3.2835415466682125,11.700000000000001,0.5999999999999979
3.2845415466682124,11.700000000000001,0.5999999999999979
3.2855415466682123,11.700000000000001,0.5999999999999979
3.286541546668212,11.700000000000001,0.5999999999999979
3.287541546668212,11.700000000000001,0.5999999999999979
3.288541546668212,11.700000000000001,0.5999999999999979
3.289541546668212,11.700000000000001,0.5999999999999979
3.2905415466682117,11.700000000000001,0.5999999999999979
3.2915415466682116,11.700000000000001,0.5999999999999979
3.2925415466682115,11.700000000000001,0.5999999999999979
3.2935415466682114,11.700000000000001,0.5999999999999979
3.2945415466682113,11.700000000000001,0.5999999999999979
3.295541546668211,11.700000000000001,0.5999999999999979
3.296541546668211,11.700000000000001,0.5999999999999979
3.297541546668211,11.700000000000001,0.5999999999999979
3.298541546668211,11.700000000000001,0.5999999999999979
3.2995415466682108,11.700000000000001,0.5999999999999979
3.3005415466682106,11.700000000000001,0.5999999999999979
3.3015415466682105,11.700000000000001,0.5999999999999979
3.3025415466682104,11.700000000000001,0.5999999999999979
3.3035415466682103,11.700000000000001,0.5999999999999979
3.30454154666821,11.700000000000001,0.5999999999999979
3.30554154666821,11.700000000000001,0.5999999999999979
3.30654154666821,11.700000000000001,0.5999999999999979
3.30754154666821,11.700000000000001,0.5999999999999979
3.3085415466682098,11.700000000000001,0.5999999999999979
3.3095415466682097,11.700000000000001,0.5999999999999979
3.3105415466682095,11.700000000000001,0.5999999999999979
3.3115415466682094,11.700000000000001,0.5999999999999979
3.3125415466682093,11.700000000000001,0.5999999999999979
3.313541546668209,11.700000000000001,0.5999999999999979
3.314541546668209,11.700000000000001,0.5999999999999979
3.315541546668209,11.700000000000001,0.5999999999999979
3.316541546668209,11.700000000000001,0.5999999999999979
3.3175415466682088,11.700000000000001,0.5999999999999979
3.3185415466682087,11.700000000000001,0.5999999999999979
3.3195415466682086,11.700000000000001,0.5999999999999979
3.3205415466682084,11.700000000000001,0.5999999999999979
3.3215415466682083,11.700000000000001,0.5999999999999979
3.3225415466682082,11.700000000000001,0.5999999999999979
3.323541546668208,11.700000000000001,0.5999999999999979
3.324541546668208,11.700000000000001,0.5999999999999979
3.325541546668208,11.700000000000001,0.5999999999999979
3.326541546668208,11.700000000000001,0.5999999999999979
3.3275415466682077,11.700000000000001,0.5999999999999979
3.3285415466682076,11.700000000000001,0.5999999999999979
3.3295415466682075,11.700000000000001,0.5999999999999979
3.3305415466682073,11.700000000000001,0.5999999999999979
3.3315415466682072,11.700000000000001,0.5999999999999979
3.332541546668207,11.700000000000001,0.5999999999999979
3.333541546668207,11.700000000000001,0.5999999999999979
3.334541546668207,11.700000000000001,0.5999999999999979
3.335541546668207,11.700000000000001,0.5999999999999979
3.3365415466682067,11.700000000000001,0.5999999999999979
3.3375415466682066,11.700000000000001,0.5999999999999979
3.3385415466682065,11.700000000000001,0.5999999999999979
3.3395415466682064,11.700000000000001,0.5999999999999979
3.3405415466682062,11.700000000000001,0.5999999999999979
3.341541546668206,11.700000000000001,0.5999999999999979
3.342541546668206,11.700000000000001,0.5999999999999979
3.343541546668206,11.700000000000001,0.5999999999999979
3.344541546668206,11.700000000000001,0.5999999999999979
3.3455415466682057,11.700000000000001,0.5999999999999979
3.3465415466682056,11.700000000000001,0.5999999999999979
3.3475415466682055,11.700000000000001,0.5999999999999979
3.3485415466682054,11.700000000000001,0.5999999999999979
3.3495415466682052,11.700000000000001,0.5999999999999979
3.350541546668205,11.700000000000001,0.5999999999999979
3.351541546668205,11.700000000000001,0.5999999999999979
3.352541546668205,11.700000000000001,0.5999999999999979
3.353541546668205,11.700000000000001,0.5999999999999979
3.3545415466682047,11.700000000000001,0.5999999999999979
3.3555415466682046,11.700000000000001,0.5999999999999979
3.3565415466682045,11.700000000000001,0.5999999999999979
3.3575415466682044,11.700000000000001,0.5999999999999979
3.3585415466682043,11.700000000000001,0.5999999999999979
3.359541546668204,11.700000000000001,0.5999999999999979
3.360541546668204,11.700000000000001,0.5999999999999979
3.361541546668204,11.700000000000001,0.5999999999999979
3.362541546668204,11.700000000000001,0.5999999999999979
3.3635415466682037,11.700000000000001,0.5999999999999979
3.3645415466682036,11.700000000000001,0.5999999999999979
3.3655415466682035,11.700000000000001,0.5999999999999979
3.3665415466682034,11.700000000000001,0.5999999999999979
3.3675415466682033,11.700000000000001,0.5999999999999979
3.368541546668203,11.700000000000001,0.5999999999999979
3.369541546668203,11.700000000000001,0.5999999999999979
3.370541546668203,11.700000000000001,0.5999999999999979
3.371541546668203,11.700000000000001,0.5999999999999979
3.3725415466682027,11.700000000000001,0.5999999999999979
3.3735415466682026,11.700000000000001,0.5999999999999979
3.3745415466682025,11.700000000000001,0.5999999999999979
3.3755415466682024,11.700000000000001,0.5999999999999979
3.3765415466682023,11.700000000000001,0.5999999999999979
3.377541546668202,11.700000000000001,0.5999999999999979
3.378541546668202,11.700000000000001,0.5999999999999979
3.379541546668202,11.700000000000001,0.5999999999999979
3.380541546668202,11.700000000000001,0.5999999999999979
3.3815415466682017,11.700000000000001,0.5999999999999979
3.3825415466682016,11.700000000000001,0.5999999999999979
3.3835415466682015,11.700000000000001,0.5999999999999979
3.3845415466682014,11.700000000000001,0.5999999999999979
3.3855415466682013,11.700000000000001,0.5999999999999979
3.386541546668201,11.700000000000001,0.5999999999999979
3.387541546668201,11.700000000000001,0.5999999999999979
3.388541546668201,11.700000000000001,0.5999999999999979
3.389541546668201,11.700000000000001,0.5999999999999979
3.3905415466682007,11.700000000000001,0.5999999999999979
3.3915415466682006,11.700000000000001,0.5999999999999979
3.3925415466682005,11.700000000000001,0.5999999999999979
3.3935415466682004,11.700000000000001,0.5999999999999979
3.3945415466682003,11.700000000000001,0.5999999999999979
3.3955415466682,11.700000000000001,0.5999999999999979
3.3965415466682,11.700000000000001,0.5999999999999979
3.3975415466682,11.700000000000001,0.5999999999999979
3.3985415466682,11.700000000000001,0.5999999999999979
3.3995415466681997,11.700000000000001,0.5999999999999979
3.4005415466681996,11.700000000000001,0.5999999999999979
3.4015415466681995,11.700000000000001,0.5999999999999979
3.4025415466681994,11.700000000000001,0.5999999999999979
3.4035415466681993,11.700000000000001,0.5999999999999979
3.404541546668199,11.700000000000001,0.5999999999999979
3.405541546668199,11.700000000000001,0.5999999999999979
3.406541546668199,11.700000000000001,0.5999999999999979
3.407541546668199,11.700000000000001,0.5999999999999979
3.4085415466681988,11.700000000000001,0.5999999999999979
3.4095415466681986,11.700000000000001,0.5999999999999979
3.4105415466681985,11.700000000000001,0.5999999999999979
3.4115415466681984,11.700000000000001,0.5999999999999979
3.4125415466681983,11.700000000000001,0.5999999999999979
3.413541546668198,11.700000000000001,0.5999999999999979
3.414541546668198,11.700000000000001,0.5999999999999979
3.415541546668198,11.700000000000001,0.5999999999999979
3.416541546668198,11.700000000000001,0.5999999999999979
3.4175415466681978,11.700000000000001,0.5999999999999979
3.4185415466681977,11.700000000000001,0.5999999999999979
3.4195415466681975,11.700000000000001,0.5999999999999979
3.4205415466681974,11.700000000000001,0.5999999999999979
3.4215415466681973,11.700000000000001,0.5999999999999979
3.422541546668197,11.700000000000001,0.5999999999999979
3.423541546668197,11.700000000000001,0.5999999999999979
3.424541546668197,11.700000000000001,0.5999999999999979
3.425541546668197,11.700000000000001,0.5999999999999979
3.4265415466681968,11.700000000000001,0.5999999999999979
3.4275415466681967,11.700000000000001,0.5999999999999979
3.4285415466681965,11.700000000000001,0.5999999999999979
3.4295415466681964,11.700000000000001,0.5999999999999979
3.4305415466681963,11.700000000000001,0.5999999999999979
3.431541546668196,11.700000000000001,0.5999999999999979
3.432541546668196,11.700000000000001,0.5999999999999979
3.433541546668196,11.700000000000001,0.5999999999999979
3.434541546668196,11.700000000000001,0.5999999999999979
3.435541546668196,11.700000000000001,0.5999999999999979
3.4365415466681957,11.700000000000001,0.5999999999999979
3.4375415466681956,11.700000000000001,0.5999999999999979
3.4385415466681954,11.700000000000001,0.5999999999999979
3.4395415466681953,11.700000000000001,0.5999999999999979
3.4405415466681952,11.700000000000001,0.5999999999999979
3.441541546668195,11.700000000000001,0.5999999999999979
3.442541546668195,11.700000000000001,0.5999999999999979
3.443541546668195,11.700000000000001,0.5999999999999979
3.444541546668195,11.700000000000001,0.5999999999999979
3.4455415466681947,11.700000000000001,0.5999999999999979
3.4465415466681946,11.700000000000001,0.5999999999999979
3.4475415466681945,11.700000000000001,0.5999999999999979
3.4485415466681943,11.700000000000001,0.5999999999999979
3.4495415466681942,11.700000000000001,0.5999999999999979
3.450541546668194,11.700000000000001,0.5999999999999979
3.451541546668194,11.700000000000001,0.5999999999999979
3.452541546668194,11.700000000000001,0.5999999999999979
3.453541546668194,11.700000000000001,0.5999999999999979
3.4545415466681937,11.700000000000001,0.5999999999999979
3.4555415466681936,11.700000000000001,0.5999999999999979
3.4565415466681935,11.700000000000001,0.5999999999999979
3.4575415466681934,11.700000000000001,0.5999999999999979
3.4585415466681932,11.700000000000001,0.5999999999999979
3.459541546668193,11.700000000000001,0.5999999999999979
3.460541546668193,11.700000000000001,0.5999999999999979
3.461541546668193,11.700000000000001,0.5999999999999979
3.462541546668193,11.700000000000001,0.5999999999999979
3.4635415466681927,11.700000000000001,0.5999999999999979
3.4645415466681926,11.700000000000001,0.5999999999999979
3.4655415466681925,11.700000000000001,0.5999999999999979
3.4665415466681924,11.700000000000001,0.5999999999999979
3.4675415466681923,11.700000000000001,0.5999999999999979
3.468541546668192,11.700000000000001,0.5999999999999979
3.469541546668192,11.700000000000001,0.5999999999999979
3.470541546668192,11.700000000000001,0.5999999999999979
3.471541546668192,11.700000000000001,0.5999999999999979
3.4725415466681917,11.700000000000001,0.5999999999999979
3.4735415466681916,11.700000000000001,0.5999999999999979
3.4745415466681915,11.700000000000001,0.5999999999999979
3.4755415466681914,11.700000000000001,0.5999999999999979
3.4765415466681913,11.700000000000001,0.5999999999999979
3.477541546668191,11.700000000000001,0.5999999999999979
3.478541546668191,11.700000000000001,0.5999999999999979
3.479541546668191,11.700000000000001,0.5999999999999979
3.480541546668191,11.700000000000001,0.5999999999999979
3.4815415466681907,11.700000000000001,0.5999999999999979
3.4825415466681906,11.700000000000001,0.5999999999999979
3.4835415466681905,11.700000000000001,0.5999999999999979
3.4845415466681904,11.700000000000001,0.5999999999999979
3.4855415466681903,11.700000000000001,0.5999999999999979
3.48654154666819,11.700000000000001,0.5999999999999979
3.48754154666819,11.700000000000001,0.5999999999999979
3.48854154666819,11.700000000000001,0.5999999999999979
3.48954154666819,11.700000000000001,0.5999999999999979
3.4905415466681897,11.700000000000001,0.5999999999999979
3.4915415466681896,11.700000000000001,0.5999999999999979
3.4925415466681895,11.700000000000001,0.5999999999999979
3.4935415466681894,11.700000000000001,0.5999999999999979
3.4945415466681893,11.700000000000001,0.5999999999999979
3.495541546668189,11.700000000000001,0.5999999999999979
3.496541546668189,11.700000000000001,0.5999999999999979
3.497541546668189,11.700000000000001,0.5999999999999979
3.498541546668189,11.700000000000001,0.5999999999999979
3.4995415466681887,11.700000000000001,0.5999999999999979
3.5005415466681886,11.700000000000001,0.5999999999999979
3.5015415466681885,11.700000000000001,0.5999999999999979
3.5025415466681884,11.700000000000001,0.5999999999999979
3.5035415466681883,11.700000000000001,0.5999999999999979
3.504541546668188,11.700000000000001,0.5999999999999979
3.505541546668188,11.700000000000001,0.5999999999999979
3.506541546668188,11.700000000000001,0.5999999999999979
3.507541546668188,11.700000000000001,0.5999999999999979
3.5085415466681877,11.700000000000001,0.5999999999999979
3.5095415466681876,11.700000000000001,0.5999999999999979
3.5105415466681875,11.700000000000001,0.5999999999999979
3.5115415466681874,11.700000000000001,0.5999999999999979
3.5125415466681873,11.700000000000001,0.5999999999999979
3.513541546668187,11.700000000000001,0.5999999999999979
3.514541546668187,11.700000000000001,0.5999999999999979
3.515541546668187,11.700000000000001,0.5999999999999979
3.516541546668187,11.700000000000001,0.5999999999999979
3.5175415466681867,11.700000000000001,0.5999999999999979
3.5185415466681866,11.700000000000001,0.5999999999999979
3.5195415466681865,11.700000000000001,0.5999999999999979
3.5205415466681864,11.700000000000001,0.5999999999999979
3.5215415466681863,11.700000000000001,0.5999999999999979
3.522541546668186,11.700000000000001,0.5999999999999979
3.523541546668186,11.700000000000001,0.5999999999999979
3.524541546668186,11.700000000000001,0.5999999999999979
3.525541546668186,11.700000000000001,0.5999999999999979
3.5265415466681858,11.700000000000001,0.5999999999999979
3.5275415466681856,11.700000000000001,0.5999999999999979
3.5285415466681855,11.700000000000001,0.5999999999999979
3.5295415466681854,11.700000000000001,0.5999999999999979
3.5305415466681853,11.700000000000001,0.5999999999999979
3.531541546668185,11.700000000000001,0.5999999999999979
3.532541546668185,11.700000000000001,0.5999999999999979
3.533541546668185,11.700000000000001,0.5999999999999979
3.534541546668185,11.700000000000001,0.5999999999999979
3.5355415466681848,11.700000000000001,0.5999999999999979
3.5365415466681847,11.700000000000001,0.5999999999999979
3.5375415466681845,11.700000000000001,0.5999999999999979
3.5385415466681844,11.700000000000001,0.5999999999999979
3.5395415466681843,11.700000000000001,0.5999999999999979
3.540541546668184,11.700000000000001,0.5999999999999979
3.541541546668184,11.700000000000001,0.5999999999999979
3.542541546668184,11.700000000000001,0.5999999999999979
3.543541546668184,11.700000000000001,0.5999999999999979
3.5445415466681838,11.700000000000001,0.5999999999999979
3.5455415466681837,11.700000000000001,0.5999999999999979
3.5465415466681836,11.700000000000001,0.5999999999999979
3.5475415466681834,11.700000000000001,0.5999999999999979
3.5485415466681833,11.700000000000001,0.5999999999999979
3.5495415466681832,11.700000000000001,0.5999999999999979
3.550541546668183,11.700000000000001,0.5999999999999979
3.551541546668183,11.700000000000001,0.5999999999999979
3.552541546668183,11.700000000000001,0.5999999999999979
3.553541546668183,11.700000000000001,0.5999999999999979
3.5545415466681827,11.700000000000001,0.5999999999999979
3.5555415466681826,11.700000000000001,0.5999999999999979
3.5565415466681825,11.700000000000001,0.5999999999999979
3.5575415466681823,11.700000000000001,0.5999999999999979
3.5585415466681822,11.700000000000001,0.5999999999999979
3.559541546668182,11.700000000000001,0.5999999999999979
3.560541546668182,11.700000000000001,0.5999999999999979
3.561541546668182,11.700000000000001,0.5999999999999979
3.562541546668182,11.700000000000001,0.5999999999999979
3.5635415466681817,11.700000000000001,0.5999999999999979
3.5645415466681816,11.700000000000001,0.5999999999999979
3.5655415466681815,11.700000000000001,0.5999999999999979
3.5665415466681814,11.700000000000001,0.5999999999999979
3.5675415466681812,11.700000000000001,0.5999999999999979
3.568541546668181,11.700000000000001,0.5999999999999979
3.569541546668181,11.700000000000001,0.5999999999999979
3.570541546668181,11.700000000000001,0.5999999999999979
3.571541546668181,11.700000000000001,0.5999999999999979
3.5725415466681807,11.700000000000001,0.5999999999999979
3.5735415466681806,11.700000000000001,0.5999999999999979
3.5745415466681805,11.700000000000001,0.5999999999999979
3.5755415466681804,11.700000000000001,0.5999999999999979
3.5765415466681802,11.700000000000001,0.5999999999999979
3.57754154666818,11.700000000000001,0.5999999999999979
3.57854154666818,11.700000000000001,0.5999999999999979
3.57954154666818,11.700000000000001,0.5999999999999979
3.58054154666818,11.700000000000001,0.5999999999999979
3.5815415466681797,11.700000000000001,0.5999999999999979
3.5825415466681796,11.700000000000001,0.5999999999999979
3.5835415466681795,11.700000000000001,0.5999999999999979
3.5845415466681794,11.700000000000001,0.5999999999999979
3.5855415466681793,11.700000000000001,0.5999999999999979
3.586541546668179,11.700000000000001,0.5999999999999979
3.587541546668179,11.700000000000001,0.5999999999999979
3.588541546668179,11.700000000000001,0.5999999999999979
3.589541546668179,11.700000000000001,0.5999999999999979
3.5905415466681787,11.700000000000001,0.5999999999999979
3.5915415466681786,11.700000000000001,0.5999999999999979
3.5925415466681785,11.700000000000001,0.5999999999999979
3.5935415466681784,11.700000000000001,0.5999999999999979
3.5945415466681783,11.700000000000001,0.5999999999999979
3.595541546668178,11.700000000000001,0.5999999999999979
3.596541546668178,11.700000000000001,0.5999999999999979
3.597541546668178,11.700000000000001,0.5999999999999979
3.598541546668178,11.700000000000001,0.5999999999999979
3.5995415466681777,11.700000000000001,0.5999999999999979
3.6005415466681776,11.700000000000001,0.5999999999999979
3.6015415466681775,11.700000000000001,0.5999999999999979
3.6025415466681774,11.700000000000001,0.5999999999999979
3.6035415466681773,11.700000000000001,0.5999999999999979
3.604541546668177,11.700000000000001,0.5999999999999979
3.605541546668177,11.700000000000001,0.5999999999999979
3.606541546668177,11.700000000000001,0.5999999999999979
3.607541546668177,11.700000000000001,0.5999999999999979
3.6085415466681767,11.700000000000001,0.5999999999999979
3.6095415466681766,11.700000000000001,0.5999999999999979
3.6105415466681765,11.700000000000001,0.5999999999999979
3.6115415466681764,11.700000000000001,0.5999999999999979
3.6125415466681763,11.700000000000001,0.5999999999999979
3.613541546668176,11.700000000000001,0.5999999999999979
3.614541546668176,11.700000000000001,0.5999999999999979
3.615541546668176,11.700000000000001,0.5999999999999979
3.616541546668176,11.700000000000001,0.5999999999999979
3.6175415466681757,11.700000000000001,0.5999999999999979
3.6185415466681756,11.700000000000001,0.5999999999999979
3.6195415466681755,11.700000000000001,0.5999999999999979
3.6205415466681754,11.700000000000001,0.5999999999999979
3.6215415466681753,11.700000000000001,0.5999999999999979
3.622541546668175,11.700000000000001,0.5999999999999979
3.623541546668175,11.700000000000001,0.5999999999999979
3.624541546668175,11.700000000000001,0.5999999999999979
3.625541546668175,11.700000000000001,0.5999999999999979
3.6265415466681747,11.700000000000001,0.5999999999999979
3.6275415466681746,11.700000000000001,0.5999999999999979
3.6285415466681745,11.700000000000001,0.5999999999999979
3.6295415466681744,11.700000000000001,0.5999999999999979
3.6305415466681743,11.700000000000001,0.5999999999999979
3.631541546668174,11.700000000000001,0.5999999999999979
3.632541546668174,11.700000000000001,0.5999999999999979
3.633541546668174,11.700000000000001,0.5999999999999979
3.634541546668174,11.700000000000001,0.5999999999999979
3.6355415466681738,11.700000000000001,0.5999999999999979
3.6365415466681736,11.700000000000001,0.5999999999999979
3.6375415466681735,11.700000000000001,0.5999999999999979
3.6385415466681734,11.700000000000001,0.5999999999999979
3.6395415466681733,11.700000000000001,0.5999999999999979
3.640541546668173,11.700000000000001,0.5999999999999979
3.641541546668173,11.700000000000001,0.5999999999999979
3.642541546668173,11.700000000000001,0.5999999999999979
3.643541546668173,11.700000000000001,0.5999999999999979
3.6445415466681728,11.700000000000001,0.5999999999999979
3.6455415466681726,11.700000000000001,0.5999999999999979
3.6465415466681725,11.700000000000001,0.5999999999999979
3.6475415466681724,11.700000000000001,0.5999999999999979
3.6485415466681723,11.700000000000001,0.5999999999999979
3.649541546668172,11.700000000000001,0.5999999999999979
3.650541546668172,11.700000000000001,0.5999999999999979
3.651541546668172,11.700000000000001,0.5999999999999979
3.652541546668172,11.700000000000001,0.5999999999999979
3.6535415466681718,11.700000000000001,0.5999999999999979
3.6545415466681717,11.700000000000001,0.5999999999999979
3.6555415466681715,11.700000000000001,0.5999999999999979
3.6565415466681714,11.700000000000001,0.5999999999999979
3.6575415466681713,11.700000000000001,0.5999999999999979
3.658541546668171,11.700000000000001,0.5999999999999979
3.659541546668171,11.700000000000001,0.5999999999999979
3.660541546668171,11.700000000000001,0.5999999999999979
3.661541546668171,11.700000000000001,0.5999999999999979
3.6625415466681708,11.700000000000001,0.5999999999999979
3.6635415466681707,11.700000000000001,0.5999999999999979
3.6645415466681706,11.700000000000001,0.5999999999999979
3.6655415466681704,11.700000000000001,0.5999999999999979
3.6665415466681703,11.700000000000001,0.5999999999999979
3.6675415466681702,11.700000000000001,0.5999999999999979
3.66854154666817,11.700000000000001,0.5999999999999979
3.66954154666817,11.700000000000001,0.5999999999999979
3.67054154666817,11.700000000000001,0.5999999999999979
3.67154154666817,11.700000000000001,0.5999999999999979
3.6725415466681697,11.700000000000001,0.5999999999999979
3.6735415466681696,11.700000000000001,0.5999999999999979
3.6745415466681695,11.700000000000001,0.5999999999999979
3.6755415466681693,11.700000000000001,0.5999999999999979
3.6765415466681692,11.700000000000001,0.5999999999999979
3.677541546668169,11.700000000000001,0.5999999999999979
3.678541546668169,11.700000000000001,0.5999999999999979
3.679541546668169,11.700000000000001,0.5999999999999979
3.680541546668169,11.700000000000001,0.5999999999999979
3.6815415466681687,11.700000000000001,0.5999999999999979
3.6825415466681686,11.700000000000001,0.5999999999999979
3.6835415466681685,11.700000000000001,0.5999999999999979
3.6845415466681684,11.700000000000001,0.5999999999999979
3.6855415466681682,11.700000000000001,0.5999999999999979
3.686541546668168,11.700000000000001,0.5999999999999979
3.687541546668168,11.700000000000001,0.5999999999999979
3.688541546668168,11.700000000000001,0.5999999999999979
3.689541546668168,11.700000000000001,0.5999999999999979
3.6905415466681677,11.700000000000001,0.5999999999999979
3.6915415466681676,11.700000000000001,0.5999999999999979
3.6925415466681675,11.700000000000001,0.5999999999999979
3.6935415466681674,11.700000000000001,0.5999999999999979
3.6945415466681673,11.700000000000001,0.5999999999999979
3.695541546668167,11.700000000000001,0.5999999999999979
3.696541546668167,11.700000000000001,0.5999999999999979
3.697541546668167,11.700000000000001,0.5999999999999979
3.698541546668167,11.700000000000001,0.5999999999999979
3.6995415466681667,11.700000000000001,0.5999999999999979
3.7005415466681666,11.700000000000001,0.5999999999999979
3.7015415466681665,11.700000000000001,0.5999999999999979
3.7025415466681664,11.700000000000001,0.5999999999999979
3.7035415466681663,11.700000000000001,0.5999999999999979
3.704541546668166,11.700000000000001,0.5999999999999979
3.705541546668166,11.700000000000001,0.5999999999999979
3.706541546668166,11.700000000000001,0.5999999999999979
3.707541546668166,11.700000000000001,0.5999999999999979
3.7085415466681657,11.700000000000001,0.5999999999999979
3.7095415466681656,11.700000000000001,0.5999999999999979
3.7105415466681655,11.700000000000001,0.5999999999999979
3.7115415466681654,11.700000000000001,0.5999999999999979
3.7125415466681653,11.700000000000001,0.5999999999999979
3.713541546668165,11.700000000000001,0.5999999999999979
3.714541546668165,11.700000000000001,0.5999999999999979
3.715541546668165,11.700000000000001,0.5999999999999979
3.716541546668165,11.700000000000001,0.5999999999999979
3.7175415466681647,11.700000000000001,0.5999999999999979
3.7185415466681646,11.700000000000001,0.5999999999999979
3.7195415466681645,11.700000000000001,0.5999999999999979
3.7205415466681644,11.700000000000001,0.5999999999999979
3.7215415466681643,11.700000000000001,0.5999999999999979
3.722541546668164,11.700000000000001,0.5999999999999979
3.723541546668164,11.700000000000001,0.5999999999999979
3.724541546668164,11.700000000000001,0.5999999999999979
3.725541546668164,11.700000000000001,0.5999999999999979
3.7265415466681637,11.700000000000001,0.5999999999999979
3.7275415466681636,11.700000000000001,0.5999999999999979
3.7285415466681635,11.700000000000001,0.5999999999999979
3.7295415466681634,11.700000000000001,0.5999999999999979
3.7305415466681633,11.700000000000001,0.5999999999999979
3.731541546668163,11.700000000000001,0.5999999999999979
3.732541546668163,11.700000000000001,0.5999999999999979
3.733541546668163,11.700000000000001,0.5999999999999979
3.734541546668163,11.700000000000001,0.5999999999999979
3.7355415466681627,11.700000000000001,0.5999999999999979
3.7365415466681626,11.700000000000001,0.5999999999999979
3.7375415466681625,11.700000000000001,0.5999999999999979
3.7385415466681624,11.700000000000001,0.5999999999999979
3.7395415466681623,11.700000000000001,0.5999999999999979
3.740541546668162,11.700000000000001,0.5999999999999979
3.741541546668162,11.700000000000001,0.5999999999999979
3.742541546668162,11.700000000000001,0.5999999999999979
3.743541546668162,11.700000000000001,0.5999999999999979
3.7445415466681617,11.700000000000001,0.5999999999999979
3.7455415466681616,11.700000000000001,0.5999999999999979
3.7465415466681615,11.700000000000001,0.5999999999999979
3.7475415466681614,11.700000000000001,0.5999999999999979
3.7485415466681613,11.700000000000001,0.5999999999999979
3.749541546668161,11.700000000000001,0.5999999999999979
3.750541546668161,11.700000000000001,0.5999999999999979
3.751541546668161,11.700000000000001,0.5999999999999979
3.752541546668161,11.700000000000001,0.5999999999999979
3.7535415466681608,11.700000000000001,0.5999999999999979
3.7545415466681606,11.700000000000001,0.5999999999999979
3.7555415466681605,11.700000000000001,0.5999999999999979
3.7565415466681604,11.700000000000001,0.5999999999999979
3.7575415466681603,11.700000000000001,0.5999999999999979
3.75854154666816,11.700000000000001,0.5999999999999979
3.75954154666816,11.700000000000001,0.5999999999999979
3.76054154666816,11.700000000000001,0.5999999999999979
3.76154154666816,11.700000000000001,0.5999999999999979
3.7625415466681598,11.700000000000001,0.5999999999999979
3.7635415466681597,11.700000000000001,0.5999999999999979
3.7645415466681595,11.700000000000001,0.5999999999999979
3.7655415466681594,11.700000000000001,0.5999999999999979
3.7665415466681593,11.700000000000001,0.5999999999999979
3.767541546668159,11.700000000000001,0.5999999999999979
3.768541546668159,11.700000000000001,0.5999999999999979
3.769541546668159,11.700000000000001,0.5999999999999979
3.770541546668159,11.700000000000001,0.5999999999999979
3.7715415466681588,11.700000000000001,0.5999999999999979
3.7725415466681587,11.700000000000001,0.5999999999999979
3.7735415466681586,11.700000000000001,0.5999999999999979
3.7745415466681584,11.700000000000001,0.5999999999999979
3.7755415466681583,11.700000000000001,0.5999999999999979
3.7765415466681582,11.700000000000001,0.5999999999999979
3.777541546668158,11.700000000000001,0.5999999999999979
3.778541546668158,11.700000000000001,0.5999999999999979
3.779541546668158,11.700000000000001,0.5999999999999979
3.780541546668158,11.700000000000001,0.5999999999999979
3.7815415466681577,11.700000000000001,0.5999999999999979
3.7825415466681576,11.700000000000001,0.5999999999999979
3.7835415466681575,11.700000000000001,0.5999999999999979
3.7845415466681573,11.700000000000001,0.5999999999999979
3.7855415466681572,11.700000000000001,0.5999999999999979
3.786541546668157,11.700000000000001,0.5999999999999979
3.787541546668157,11.700000000000001,0.5999999999999979
3.788541546668157,11.700000000000001,0.5999999999999979
3.789541546668157,11.700000000000001,0.5999999999999979
3.7905415466681567,11.700000000000001,0.5999999999999979
3.7915415466681566,11.700000000000001,0.5999999999999979
3.7925415466681565,11.700000000000001,0.5999999999999979
3.7935415466681564,11.700000000000001,0.5999999999999979
3.7945415466681562,11.700000000000001,0.5999999999999979
3.795541546668156,11.700000000000001,0.5999999999999979
3.796541546668156,11.700000000000001,0.5999999999999979
3.797541546668156,11.700000000000001,0.5999999999999979
3.798541546668156,11.700000000000001,0.5999999999999979
3.7995415466681557,11.700000000000001,0.5999999999999979
3.8005415466681556,11.700000000000001,0.5999999999999979
3.8015415466681555,11.700000000000001,0.5999999999999979
3.8025415466681554,11.700000000000001,0.5999999999999979
3.8035415466681552,11.700000000000001,0.5999999999999979
3.804541546668155,11.700000000000001,0.5999999999999979
3.805541546668155,11.700000000000001,0.5999999999999979
3.806541546668155,11.700000000000001,0.5999999999999979
3.807541546668155,11.700000000000001,0.5999999999999979
3.8085415466681547,11.700000000000001,0.5999999999999979
3.8095415466681546,11.700000000000001,0.5999999999999979
3.8105415466681545,11.700000000000001,0.5999999999999979
3.8115415466681544,11.700000000000001,0.5999999999999979
3.8125415466681543,11.700000000000001,0.5999999999999979
3.813541546668154,11.700000000000001,0.5999999999999979
3.814541546668154,11.700000000000001,0.5999999999999979
3.815541546668154,11.700000000000001,0.5999999999999979
3.816541546668154,11.700000000000001,0.5999999999999979
3.8175415466681537,11.700000000000001,0.5999999999999979
3.8185415466681536,11.700000000000001,0.5999999999999979
3.8195415466681535,11.700000000000001,0.5999999999999979
3.8205415466681534,11.700000000000001,0.5999999999999979
3.8215415466681533,11.700000000000001,0.5999999999999979
3.822541546668153,11.700000000000001,0.5999999999999979
3.823541546668153,11.700000000000001,0.5999999999999979
3.824541546668153,11.700000000000001,0.5999999999999979
3.825541546668153,11.700000000000001,0.5999999999999979
3.8265415466681527,11.700000000000001,0.5999999999999979
3.8275415466681526,11.700000000000001,0.5999999999999979
3.8285415466681525,11.700000000000001,0.5999999999999979
3.8295415466681524,11.700000000000001,0.5999999999999979
3.8305415466681523,11.700000000000001,0.5999999999999979
3.831541546668152,11.700000000000001,0.5999999999999979
3.832541546668152,11.700000000000001,0.5999999999999979
3.833541546668152,11.700000000000001,0.5999999999999979
3.834541546668152,11.700000000000001,0.5999999999999979
3.8355415466681517,11.700000000000001,0.5999999999999979
3.8365415466681516,11.700000000000001,0.5999999999999979
3.8375415466681515,11.700000000000001,0.5999999999999979
3.8385415466681514,11.700000000000001,0.5999999999999979
3.8395415466681513,11.700000000000001,0.5999999999999979
3.840541546668151,11.700000000000001,0.5999999999999979
3.841541546668151,11.700000000000001,0.5999999999999979
3.842541546668151,11.700000000000001,0.5999999999999979
3.843541546668151,11.700000000000001,0.5999999999999979
3.8445415466681507,11.700000000000001,0.5999999999999979
3.8455415466681506,11.700000000000001,0.5999999999999979
3.8465415466681505,11.700000000000001,0.5999999999999979
3.8475415466681504,11.700000000000001,0.5999999999999979
3.8485415466681503,11.700000000000001,0.5999999999999979
3.84954154666815,11.700000000000001,0.5999999999999979
3.85054154666815,11.700000000000001,0.5999999999999979
3.85154154666815,11.700000000000001,0.5999999999999979
3.85254154666815,11.700000000000001,0.5999999999999979
3.8535415466681497,11.700000000000001,0.5999999999999979
3.8545415466681496,11.700000000000001,0.5999999999999979
3.8555415466681495,11.700000000000001,0.5999999999999979
3.8565415466681494,11.700000000000001,0.5999999999999979
3.8575415466681493,11.700000000000001,0.5999999999999979
3.858541546668149,11.700000000000001,0.5999999999999979
3.859541546668149,11.700000000000001,0.5999999999999979
3.860541546668149,11.700000000000001,0.5999999999999979
3.861541546668149,11.700000000000001,0.5999999999999979
3.8625415466681488,11.700000000000001,0.5999999999999979
3.8635415466681486,11.700000000000001,0.5999999999999979
3.8645415466681485,11.700000000000001,0.5999999999999979
3.8655415466681484,11.700000000000001,0.5999999999999979
3.8665415466681483,11.700000000000001,0.5999999999999979
3.867541546668148,11.700000000000001,0.5999999999999979
3.868541546668148,11.700000000000001,0.5999999999999979
3.869541546668148,11.700000000000001,0.5999999999999979
3.870541546668148,11.700000000000001,0.5999999999999979
3.8715415466681478,11.700000000000001,0.5999999999999979
3.8725415466681476,11.700000000000001,0.5999999999999979
3.8735415466681475,11.700000000000001,0.5999999999999979
3.8745415466681474,11.700000000000001,0.5999999999999979
3.8755415466681473,11.700000000000001,0.5999999999999979
3.876541546668147,11.700000000000001,0.5999999999999979
3.877541546668147,11.700000000000001,0.5999999999999979
3.878541546668147,11.700000000000001,0.5999999999999979
3.879541546668147,11.700000000000001,0.5999999999999979
3.8805415466681468,11.700000000000001,0.5999999999999979
3.8815415466681467,11.700000000000001,0.5999999999999979
3.8825415466681465,11.700000000000001,0.5999999999999979
3.8835415466681464,11.700000000000001,0.5999999999999979
3.8845415466681463,11.700000000000001,0.5999999999999979
3.885541546668146,11.700000000000001,0.5999999999999979
3.886541546668146,11.700000000000001,0.5999999999999979
3.887541546668146,11.700000000000001,0.5999999999999979
3.888541546668146,11.700000000000001,0.5999999999999979
3.8895415466681458,11.700000000000001,0.5999999999999979
3.8905415466681457,11.700000000000001,0.5999999999999979
3.8915415466681456,11.700000000000001,0.5999999999999979
3.8925415466681454,11.700000000000001,0.5999999999999979
3.8935415466681453,11.700000000000001,0.5999999999999979
3.8945415466681452,11.700000000000001,0.5999999999999979
3.895541546668145,11.700000000000001,0.5999999999999979
3.896541546668145,11.700000000000001,0.5999999999999979
3.897541546668145,11.700000000000001,0.5999999999999979
3.898541546668145,11.700000000000001,0.5999999999999979
3.8995415466681447,11.700000000000001,0.5999999999999979
3.9005415466681446,11.700000000000001,0.5999999999999979
3.9015415466681445,11.700000000000001,0.5999999999999979
3.9025415466681443,11.700000000000001,0.5999999999999979
3.9035415466681442,11.700000000000001,0.5999999999999979
3.904541546668144,11.700000000000001,0.5999999999999979
3.905541546668144,11.700000000000001,0.5999999999999979
3.906541546668144,11.700000000000001,0.5999999999999979
3.907541546668144,11.700000000000001,0.5999999999999979
3.9085415466681437,11.700000000000001,0.5999999999999979
3.9095415466681436,11.700000000000001,0.5999999999999979
3.9105415466681435,11.700000000000001,0.5999999999999979
3.9115415466681434,11.700000000000001,0.5999999999999979
3.9125415466681432,11.700000000000001,0.5999999999999979
3.913541546668143,11.700000000000001,0.5999999999999979
3.914541546668143,11.700000000000001,0.5999999999999979
3.915541546668143,11.700000000000001,0.5999999999999979
3.916541546668143,11.700000000000001,0.5999999999999979
3.9175415466681427,11.700000000000001,0.5999999999999979
3.9185415466681426,11.700000000000001,0.5999999999999979
3.9195415466681425,11.700000000000001,0.5999999999999979
3.9205415466681424,11.700000000000001,0.5999999999999979
3.9215415466681423,11.700000000000001,0.5999999999999979
3.922541546668142,11.700000000000001,0.5999999999999979
3.923541546668142,11.700000000000001,0.5999999999999979
3.924541546668142,11.700000000000001,0.5999999999999979
3.925541546668142,11.700000000000001,0.5999999999999979
3.9265415466681417,11.700000000000001,0.5999999999999979
3.9275415466681416,11.700000000000001,0.5999999999999979
3.9285415466681415,11.700000000000001,0.5999999999999979
3.9295415466681414,11.700000000000001,0.5999999999999979
3.9305415466681413,11.700000000000001,0.5999999999999979
3.931541546668141,11.700000000000001,0.5999999999999979
3.932541546668141,11.700000000000001,0.5999999999999979
3.933541546668141,11.700000000000001,0.5999999999999979
3.934541546668141,11.700000000000001,0.5999999999999979
3.9355415466681407,11.700000000000001,0.5999999999999979
3.9365415466681406,11.700000000000001,0.5999999999999979
3.9375415466681405,11.700000000000001,0.5999999999999979
3.9385415466681404,11.700000000000001,0.5999999999999979
3.9395415466681403,11.700000000000001,0.5999999999999979
3.94054154666814,11.700000000000001,0.5999999999999979
3.94154154666814,11.700000000000001,0.5999999999999979
3.94254154666814,11.700000000000001,0.5999999999999979
3.94354154666814,11.700000000000001,0.5999999999999979
3.9445415466681397,11.700000000000001,0.5999999999999979
3.9455415466681396,11.700000000000001,0.5999999999999979
3.9465415466681395,11.700000000000001,0.5999999999999979
3.9475415466681394,11.700000000000001,0.5999999999999979
3.9485415466681393,11.700000000000001,0.5999999999999979
3.949541546668139,11.700000000000001,0.5999999999999979
3.950541546668139,11.700000000000001,0.5999999999999979
3.951541546668139,11.700000000000001,0.5999999999999979
3.952541546668139,11.700000000000001,0.5999999999999979
3.9535415466681387,11.700000000000001,0.5999999999999979
3.9545415466681386,11.700000000000001,0.5999999999999979
3.9555415466681385,11.700000000000001,0.5999999999999979
3.9565415466681384,11.700000000000001,0.5999999999999979
3.9575415466681383,11.700000000000001,0.5999999999999979
3.958541546668138,11.700000000000001,0.5999999999999979
3.959541546668138,11.700000000000001,0.5999999999999979
3.960541546668138,11.700000000000001,0.5999999999999979
3.961541546668138,11.700000000000001,0.5999999999999979
3.9625415466681377,11.700000000000001,0.5999999999999979
3.9635415466681376,11.700000000000001,0.5999999999999979
3.9645415466681375,11.700000000000001,0.5999999999999979
3.9655415466681374,11.700000000000001,0.5999999999999979
3.9665415466681373,11.700000000000001,0.5999999999999979
3.967541546668137,11.700000000000001,0.5999999999999979
3.968541546668137,11.700000000000001,0.5999999999999979
3.969541546668137,11.700000000000001,0.5999999999999979
3.970541546668137,11.700000000000001,0.5999999999999979
3.9715415466681367,11.700000000000001,0.5999999999999979
3.9725415466681366,11.700000000000001,0.5999999999999979
3.9735415466681365,11.700000000000001,0.5999999999999979
3.9745415466681364,11.700000000000001,0.5999999999999979
3.9755415466681363,11.700000000000001,0.5999999999999979
3.976541546668136,11.700000000000001,0.5999999999999979
3.977541546668136,11.700000000000001,0.5999999999999979
3.978541546668136,11.700000000000001,0.5999999999999979
3.979541546668136,11.700000000000001,0.5999999999999979
3.9805415466681358,11.700000000000001,0.5999999999999979
3.9815415466681356,11.700000000000001,0.5999999999999979
3.9825415466681355,11.700000000000001,0.5999999999999979
3.9835415466681354,11.700000000000001,0.5999999999999979
3.9845415466681353,11.700000000000001,0.5999999999999979
3.985541546668135,11.700000000000001,0.5999999999999979
3.986541546668135,11.700000000000001,0.5999999999999979
3.987541546668135,11.700000000000001,0.5999999999999979
3.988541546668135,11.700000000000001,0.5999999999999979
3.9895415466681348,11.700000000000001,0.5999999999999979
3.9905415466681347,11.700000000000001,0.5999999999999979
3.9915415466681345,11.700000000000001,0.5999999999999979
3.9925415466681344,11.700000000000001,0.5999999999999979
3.9935415466681343,11.700000000000001,0.5999999999999979
3.994541546668134,11.700000000000001,0.5999999999999979
3.995541546668134,11.700000000000001,0.5999999999999979
3.996541546668134,11.700000000000001,0.5999999999999979
3.997541546668134,11.700000000000001,0.5999999999999979
3.9985415466681338,11.700000000000001,0.5999999999999979
3.9995415466681337,11.700000000000001,0.5999999999999979
4.000541546668134,11.700000000000001,0.5999999999999979
4.001541546668134,11.700000000000001,0.5999999999999979
4.002541546668135,11.700000000000001,0.5999999999999979
4.003541546668135,11.700000000000001,0.5999999999999979
4.004541546668135,11.700000000000001,0.5999999999999979
4.005541546668136,11.700000000000001,0.5999999999999979
4.006541546668136,11.700000000000001,0.5999999999999979
4.007541546668136,11.700000000000001,0.5999999999999979
4.008541546668137,11.700000000000001,0.5999999999999979
4.009541546668137,11.700000000000001,0.5999999999999979
4.010541546668137,11.700000000000001,0.5999999999999979
4.011541546668138,11.700000000000001,0.5999999999999979
4.012541546668138,11.700000000000001,0.5999999999999979
4.013541546668138,11.700000000000001,0.5999999999999979
4.014541546668139,11.700000000000001,0.5999999999999979
4.015541546668139,11.700000000000001,0.5999999999999979
4.016541546668139,11.700000000000001,0.5999999999999979
4.01754154666814,11.700000000000001,0.5999999999999979
4.01854154666814,11.700000000000001,0.5999999999999979
4.01954154666814,11.700000000000001,0.5999999999999979
4.020541546668141,11.700000000000001,0.5999999999999979
4.021541546668141,11.700000000000001,0.5999999999999979
4.022541546668141,11.700000000000001,0.5999999999999979
4.023541546668142,11.700000000000001,0.5999999999999979
4.024541546668142,11.700000000000001,0.5999999999999979
4.025541546668142,11.700000000000001,0.5999999999999979
4.026541546668143,11.700000000000001,0.5999999999999979
4.027541546668143,11.700000000000001,0.5999999999999979
4.028541546668143,11.700000000000001,0.5999999999999979
4.029541546668144,11.700000000000001,0.5999999999999979
4.030541546668144,11.700000000000001,0.5999999999999979
4.031541546668144,11.700000000000001,0.5999999999999979
4.032541546668145,11.700000000000001,0.5999999999999979
4.033541546668145,11.700000000000001,0.5999999999999979
4.034541546668145,11.700000000000001,0.5999999999999979
4.035541546668146,11.700000000000001,0.5999999999999979
4.036541546668146,11.700000000000001,0.5999999999999979
4.037541546668146,11.700000000000001,0.5999999999999979
4.038541546668147,11.700000000000001,0.5999999999999979
4.039541546668147,11.700000000000001,0.5999999999999979
4.040541546668147,11.700000000000001,0.5999999999999979
4.041541546668148,11.700000000000001,0.5999999999999979
4.042541546668148,11.700000000000001,0.5999999999999979
4.043541546668148,11.700000000000001,0.5999999999999979
4.044541546668149,11.700000000000001,0.5999999999999979
4.045541546668149,11.700000000000001,0.5999999999999979
4.046541546668149,11.700000000000001,0.5999999999999979
4.04754154666815,11.700000000000001,0.5999999999999979
4.04854154666815,11.700000000000001,0.5999999999999979
4.04954154666815,11.700000000000001,0.5999999999999979
4.050541546668151,11.700000000000001,0.5999999999999979
4.051541546668151,11.700000000000001,0.5999999999999979
4.052541546668151,11.700000000000001,0.5999999999999979
4.053541546668152,11.700000000000001,0.5999999999999979
4.054541546668152,11.700000000000001,0.5999999999999979
4.055541546668152,11.700000000000001,0.5999999999999979
4.056541546668153,11.700000000000001,0.5999999999999979
4.057541546668153,11.700000000000001,0.5999999999999979
4.058541546668153,11.700000000000001,0.5999999999999979
4.059541546668154,11.700000000000001,0.5999999999999979
4.060541546668154,11.700000000000001,0.5999999999999979
4.061541546668154,11.700000000000001,0.5999999999999979
4.062541546668155,11.700000000000001,0.5999999999999979
4.063541546668155,11.700000000000001,0.5999999999999979
4.064541546668155,11.700000000000001,0.5999999999999979
4.065541546668156,11.700000000000001,0.5999999999999979
4.066541546668156,11.700000000000001,0.5999999999999979
4.067541546668156,11.700000000000001,0.5999999999999979
4.068541546668157,11.700000000000001,0.5999999999999979
4.069541546668157,11.700000000000001,0.5999999999999979
4.070541546668157,11.700000000000001,0.5999999999999979
4.071541546668158,11.700000000000001,0.5999999999999979
4.072541546668158,11.700000000000001,0.5999999999999979
4.073541546668158,11.700000000000001,0.5999999999999979
4.074541546668159,11.700000000000001,0.5999999999999979
4.075541546668159,11.700000000000001,0.5999999999999979
4.076541546668159,11.700000000000001,0.5999999999999979
4.07754154666816,11.700000000000001,0.5999999999999979
4.07854154666816,11.700000000000001,0.5999999999999979
4.07954154666816,11.700000000000001,0.5999999999999979
4.080541546668161,11.700000000000001,0.5999999999999979
4.081541546668161,11.700000000000001,0.5999999999999979
4.082541546668161,11.700000000000001,0.5999999999999979
4.083541546668162,11.700000000000001,0.5999999999999979
4.084541546668162,11.700000000000001,0.5999999999999979
4.085541546668162,11.700000000000001,0.5999999999999979
4.086541546668163,11.700000000000001,0.5999999999999979
4.087541546668163,11.700000000000001,0.5999999999999979
4.088541546668163,11.700000000000001,0.5999999999999979
4.089541546668164,11.700000000000001,0.5999999999999979
4.090541546668164,11.700000000000001,0.5999999999999979
4.091541546668164,11.700000000000001,0.5999999999999979
4.092541546668165,11.700000000000001,0.5999999999999979
4.093541546668165,11.700000000000001,0.5999999999999979
4.094541546668165,11.700000000000001,0.5999999999999979
4.095541546668166,11.700000000000001,0.5999999999999979
4.096541546668166,11.700000000000001,0.5999999999999979
4.097541546668166,11.700000000000001,0.5999999999999979
4.098541546668167,11.700000000000001,0.5999999999999979
4.099541546668167,11.700000000000001,0.5999999999999979
4.100541546668167,11.700000000000001,0.5999999999999979
4.101541546668168,11.700000000000001,0.5999999999999979
4.102541546668168,11.700000000000001,0.5999999999999979
4.103541546668168,11.700000000000001,0.5999999999999979
4.104541546668169,11.700000000000001,0.5999999999999979
4.105541546668169,11.700000000000001,0.5999999999999979
4.106541546668169,11.700000000000001,0.5999999999999979
4.10754154666817,11.700000000000001,0.5999999999999979
4.10854154666817,11.700000000000001,0.5999999999999979
4.10954154666817,11.700000000000001,0.5999999999999979
4.110541546668171,11.700000000000001,0.5999999999999979
4.111541546668171,11.700000000000001,0.5999999999999979
4.112541546668171,11.700000000000001,0.5999999999999979
4.113541546668172,11.700000000000001,0.5999999999999979
4.114541546668172,11.700000000000001,0.5999999999999979
4.115541546668172,11.700000000000001,0.5999999999999979
4.116541546668173,11.700000000000001,0.5999999999999979
4.117541546668173,11.700000000000001,0.5999999999999979
4.118541546668173,11.700000000000001,0.5999999999999979
4.119541546668174,11.700000000000001,0.5999999999999979
4.120541546668174,11.700000000000001,0.5999999999999979
4.121541546668174,11.700000000000001,0.5999999999999979
4.122541546668175,11.700000000000001,0.5999999999999979
4.123541546668175,11.700000000000001,0.5999999999999979
4.124541546668175,11.700000000000001,0.5999999999999979
4.125541546668176,11.700000000000001,0.5999999999999979
4.126541546668176,11.700000000000001,0.5999999999999979
4.127541546668176,11.700000000000001,0.5999999999999979
4.128541546668177,11.700000000000001,0.5999999999999979
4.129541546668177,11.700000000000001,0.5999999999999979
4.130541546668177,11.700000000000001,0.5999999999999979
4.131541546668178,11.700000000000001,0.5999999999999979
4.132541546668178,11.700000000000001,0.5999999999999979
4.133541546668178,11.700000000000001,0.5999999999999979
4.134541546668179,11.700000000000001,0.5999999999999979
4.135541546668179,11.700000000000001,0.5999999999999979
4.136541546668179,11.700000000000001,0.5999999999999979
4.13754154666818,11.700000000000001,0.5999999999999979
4.13854154666818,11.700000000000001,0.5999999999999979
4.13954154666818,11.700000000000001,0.5999999999999979
4.140541546668181,11.700000000000001,0.5999999999999979
4.141541546668181,11.700000000000001,0.5999999999999979
4.142541546668181,11.700000000000001,0.5999999999999979
4.143541546668182,11.700000000000001,0.5999999999999979
4.144541546668182,11.700000000000001,0.5999999999999979
4.145541546668182,11.700000000000001,0.5999999999999979
4.146541546668183,11.700000000000001,0.5999999999999979
4.147541546668183,11.700000000000001,0.5999999999999979
4.148541546668183,11.700000000000001,0.5999999999999979
4.149541546668184,11.700000000000001,0.5999999999999979
4.150541546668184,11.700000000000001,0.5999999999999979
4.151541546668184,11.700000000000001,0.5999999999999979
4.152541546668185,11.700000000000001,0.5999999999999979
4.153541546668185,11.700000000000001,0.5999999999999979
4.154541546668185,11.700000000000001,0.5999999999999979
4.155541546668186,11.700000000000001,0.5999999999999979
4.156541546668186,11.700000000000001,0.5999999999999979
4.157541546668186,11.700000000000001,0.5999999999999979
4.158541546668187,11.700000000000001,0.5999999999999979
4.159541546668187,11.700000000000001,0.5999999999999979
4.160541546668187,11.700000000000001,0.5999999999999979
4.161541546668188,11.700000000000001,0.5999999999999979
4.162541546668188,11.700000000000001,0.5999999999999979
4.163541546668188,11.700000000000001,0.5999999999999979
4.164541546668189,11.700000000000001,0.5999999999999979
4.165541546668189,11.700000000000001,0.5999999999999979
4.166541546668189,11.700000000000001,0.5999999999999979
4.16754154666819,11.700000000000001,0.5999999999999979
4.16854154666819,11.700000000000001,0.5999999999999979
4.16954154666819,11.700000000000001,0.5999999999999979
4.170541546668191,11.700000000000001,0.5999999999999979
4.171541546668191,11.700000000000001,0.5999999999999979
4.172541546668191,11.700000000000001,0.5999999999999979
4.173541546668192,11.700000000000001,0.5999999999999979
4.174541546668192,11.700000000000001,0.5999999999999979
4.175541546668192,11.700000000000001,0.5999999999999979
4.176541546668193,11.700000000000001,0.5999999999999979
4.177541546668193,11.700000000000001,0.5999999999999979
4.178541546668193,11.700000000000001,0.5999999999999979
4.179541546668194,11.700000000000001,0.5999999999999979
4.180541546668194,11.700000000000001,0.5999999999999979
4.181541546668194,11.700000000000001,0.5999999999999979
4.182541546668195,11.700000000000001,0.5999999999999979
4.183541546668195,11.700000000000001,0.5999999999999979
4.1845415466681954,11.700000000000001,0.5999999999999979
4.185541546668196,11.700000000000001,0.5999999999999979
4.186541546668196,11.700000000000001,0.5999999999999979
4.1875415466681964,11.700000000000001,0.5999999999999979
4.188541546668197,11.700000000000001,0.5999999999999979
4.189541546668197,11.700000000000001,0.5999999999999979
4.1905415466681974,11.700000000000001,0.5999999999999979
4.191541546668198,11.700000000000001,0.5999999999999979
4.192541546668198,11.700000000000001,0.5999999999999979
4.1935415466681984,11.700000000000001,0.5999999999999979
4.194541546668199,11.700000000000001,0.5999999999999979
4.195541546668199,11.700000000000001,0.5999999999999979
4.1965415466681995,11.700000000000001,0.5999999999999979
4.1975415466682,11.700000000000001,0.5999999999999979
4.1985415466682,11.700000000000001,0.5999999999999979
4.1995415466682005,11.700000000000001,0.5999999999999979
4.200541546668201,11.700000000000001,0.5999999999999979
4.201541546668201,11.700000000000001,0.5999999999999979
4.2025415466682015,11.700000000000001,0.5999999999999979
4.203541546668202,11.700000000000001,0.5999999999999979
4.204541546668202,11.700000000000001,0.5999999999999979
4.2055415466682025,11.700000000000001,0.5999999999999979
4.206541546668203,11.700000000000001,0.5999999999999979
4.207541546668203,11.700000000000001,0.5999999999999979
4.2085415466682035,11.700000000000001,0.5999999999999979
4.209541546668204,11.700000000000001,0.5999999999999979
4.210541546668204,11.700000000000001,0.5999999999999979
4.2115415466682045,11.700000000000001,0.5999999999999979
4.212541546668205,11.700000000000001,0.5999999999999979
4.213541546668205,11.700000000000001,0.5999999999999979
4.2145415466682055,11.700000000000001,0.5999999999999979
4.215541546668206,11.700000000000001,0.5999999999999979
4.216541546668206,11.700000000000001,0.5999999999999979
4.2175415466682065,11.700000000000001,0.5999999999999979
4.218541546668207,11.700000000000001,0.5999999999999979
4.219541546668207,11.700000000000001,0.5999999999999979
4.2205415466682075,11.700000000000001,0.5999999999999979
4.221541546668208,11.700000000000001,0.5999999999999979
4.222541546668208,11.700000000000001,0.5999999999999979
4.2235415466682085,11.700000000000001,0.5999999999999979
4.224541546668209,11.700000000000001,0.5999999999999979
4.225541546668209,11.700000000000001,0.5999999999999979
4.2265415466682095,11.700000000000001,0.5999999999999979
4.22754154666821,11.700000000000001,0.5999999999999979
4.22854154666821,11.700000000000001,0.5999999999999979
4.2295415466682105,11.700000000000001,0.5999999999999979
4.230541546668211,11.700000000000001,0.5999999999999979
4.231541546668211,11.700000000000001,0.5999999999999979
4.2325415466682115,11.700000000000001,0.5999999999999979
4.233541546668212,11.700000000000001,0.5999999999999979
4.234541546668212,11.700000000000001,0.5999999999999979
4.2355415466682125,11.700000000000001,0.5999999999999979
4.236541546668213,11.700000000000001,0.5999999999999979
4.237541546668213,11.700000000000001,0.5999999999999979
4.2385415466682135,11.700000000000001,0.5999999999999979
4.239541546668214,11.700000000000001,0.5999999999999979
4.240541546668214,11.700000000000001,0.5999999999999979
4.2415415466682145,11.700000000000001,0.5999999999999979
4.242541546668215,11.700000000000001,0.5999999999999979
4.243541546668215,11.700000000000001,0.5999999999999979
4.2445415466682155,11.700000000000001,0.5999999999999979
4.245541546668216,11.700000000000001,0.5999999999999979
4.246541546668216,11.700000000000001,0.5999999999999979
4.2475415466682165,11.700000000000001,0.5999999999999979
4.248541546668217,11.700000000000001,0.5999999999999979
4.249541546668217,11.700000000000001,0.5999999999999979
4.2505415466682175,11.700000000000001,0.5999999999999979
4.251541546668218,11.700000000000001,0.5999999999999979
4.252541546668218,11.700000000000001,0.5999999999999979
4.2535415466682185,11.700000000000001,0.5999999999999979
4.254541546668219,11.700000000000001,0.5999999999999979
4.255541546668219,11.700000000000001,0.5999999999999979
4.2565415466682195,11.700000000000001,0.5999999999999979
4.25754154666822,11.700000000000001,0.5999999999999979
4.25854154666822,11.700000000000001,0.5999999999999979
4.2595415466682205,11.700000000000001,0.5999999999999979
4.260541546668221,11.700000000000001,0.5999999999999979
4.261541546668221,11.700000000000001,0.5999999999999979
4.2625415466682215,11.700000000000001,0.5999999999999979
4.263541546668222,11.700000000000001,0.5999999999999979
4.264541546668222,11.700000000000001,0.5999999999999979
4.2655415466682225,11.700000000000001,0.5999999999999979
4.266541546668223,11.700000000000001,0.5999999999999979
4.267541546668223,11.700000000000001,0.5999999999999979
4.2685415466682235,11.700000000000001,0.5999999999999979
4.269541546668224,11.700000000000001,0.5999999999999979
4.270541546668224,11.700000000000001,0.5999999999999979
4.2715415466682245,11.700000000000001,0.5999999999999979
4.272541546668225,11.700000000000001,0.5999999999999979
4.273541546668225,11.700000000000001,0.5999999999999979
4.2745415466682255,11.700000000000001,0.5999999999999979
4.275541546668226,11.700000000000001,0.5999999999999979
4.276541546668226,11.700000000000001,0.5999999999999979
4.2775415466682265,11.700000000000001,0.5999999999999979
4.278541546668227,11.700000000000001,0.5999999999999979
4.279541546668227,11.700000000000001,0.5999999999999979
4.2805415466682275,11.700000000000001,0.5999999999999979
4.281541546668228,11.700000000000001,0.5999999999999979
4.282541546668228,11.700000000000001,0.5999999999999979
4.2835415466682285,11.700000000000001,0.5999999999999979
4.284541546668229,11.700000000000001,0.5999999999999979
4.285541546668229,11.700000000000001,0.5999999999999979
4.2865415466682295,11.700000000000001,0.5999999999999979
4.28754154666823,11.700000000000001,0.5999999999999979
4.28854154666823,11.700000000000001,0.5999999999999979
4.2895415466682305,11.700000000000001,0.5999999999999979
4.290541546668231,11.700000000000001,0.5999999999999979
4.291541546668231,11.700000000000001,0.5999999999999979
4.2925415466682315,11.700000000000001,0.5999999999999979
4.293541546668232,11.700000000000001,0.5999999999999979
4.294541546668232,11.700000000000001,0.5999999999999979
4.2955415466682325,11.700000000000001,0.5999999999999979
4.296541546668233,11.700000000000001,0.5999999999999979
4.297541546668233,11.700000000000001,0.5999999999999979
4.2985415466682335,11.700000000000001,0.5999999999999979
4.299541546668234,11.700000000000001,0.5999999999999979
4.300541546668234,11.700000000000001,0.5999999999999979
4.3015415466682345,11.700000000000001,0.5999999999999979
4.302541546668235,11.700000000000001,0.5999999999999979
4.303541546668235,11.700000000000001,0.5999999999999979
4.3045415466682355,11.700000000000001,0.5999999999999979
4.305541546668236,11.700000000000001,0.5999999999999979
4.306541546668236,11.700000000000001,0.5999999999999979
4.3075415466682365,11.700000000000001,0.5999999999999979
4.308541546668237,11.700000000000001,0.5999999999999979
4.309541546668237,11.700000000000001,0.5999999999999979
4.3105415466682375,11.700000000000001,0.5999999999999979
4.311541546668238,11.700000000000001,0.5999999999999979
4.312541546668238,11.700000000000001,0.5999999999999979
4.3135415466682385,11.700000000000001,0.5999999999999979
4.314541546668239,11.700000000000001,0.5999999999999979
4.315541546668239,11.700000000000001,0.5999999999999979
4.3165415466682395,11.700000000000001,0.5999999999999979
4.31754154666824,11.700000000000001,0.5999999999999979
4.31854154666824,11.700000000000001,0.5999999999999979
4.3195415466682405,11.700000000000001,0.5999999999999979
4.320541546668241,11.700000000000001,0.5999999999999979
4.321541546668241,11.700000000000001,0.5999999999999979
4.3225415466682415,11.700000000000001,0.5999999999999979
4.323541546668242,11.700000000000001,0.5999999999999979
4.324541546668242,11.700000000000001,0.5999999999999979
4.3255415466682425,11.700000000000001,0.5999999999999979
4.326541546668243,11.700000000000001,0.5999999999999979
4.327541546668243,11.700000000000001,0.5999999999999979
4.3285415466682435,11.700000000000001,0.5999999999999979
4.329541546668244,11.700000000000001,0.5999999999999979
4.330541546668244,11.700000000000001,0.5999999999999979
4.3315415466682445,11.700000000000001,0.5999999999999979
4.332541546668245,11.700000000000001,0.5999999999999979
4.333541546668245,11.700000000000001,0.5999999999999979
4.3345415466682455,11.700000000000001,0.5999999999999979
4.335541546668246,11.700000000000001,0.5999999999999979
4.336541546668246,11.700000000000001,0.5999999999999979
4.3375415466682465,11.700000000000001,0.5999999999999979
4.338541546668247,11.700000000000001,0.5999999999999979
4.339541546668247,11.700000000000001,0.5999999999999979
4.3405415466682475,11.700000000000001,0.5999999999999979
4.341541546668248,11.700000000000001,0.5999999999999979
4.342541546668248,11.700000000000001,0.5999999999999979
4.3435415466682485,11.700000000000001,0.5999999999999979
4.344541546668249,11.700000000000001,0.5999999999999979
4.345541546668249,11.700000000000001,0.5999999999999979
4.3465415466682495,11.700000000000001,0.5999999999999979
4.34754154666825,11.700000000000001,0.5999999999999979
4.34854154666825,11.700000000000001,0.5999999999999979
4.3495415466682505,11.700000000000001,0.5999999999999979
4.350541546668251,11.700000000000001,0.5999999999999979
4.351541546668251,11.700000000000001,0.5999999999999979
4.3525415466682515,11.700000000000001,0.5999999999999979
4.353541546668252,11.700000000000001,0.5999999999999979
4.354541546668252,11.700000000000001,0.5999999999999979
4.3555415466682526,11.700000000000001,0.5999999999999979
4.356541546668253,11.700000000000001,0.5999999999999979
4.357541546668253,11.700000000000001,0.5999999999999979
4.3585415466682536,11.700000000000001,0.5999999999999979
4.359541546668254,11.700000000000001,0.5999999999999979
4.360541546668254,11.700000000000001,0.5999999999999979
4.3615415466682546,11.700000000000001,0.5999999999999979
4.362541546668255,11.700000000000001,0.5999999999999979
4.363541546668255,11.700000000000001,0.5999999999999979
4.364541546668256,11.700000000000001,0.5999999999999979
4.365541546668256,11.700000000000001,0.5999999999999979
4.366541546668256,11.700000000000001,0.5999999999999979
4.367541546668257,11.700000000000001,0.5999999999999979
4.368541546668257,11.700000000000001,0.5999999999999979
4.369541546668257,11.700000000000001,0.5999999999999979
4.370541546668258,11.700000000000001,0.5999999999999979
4.371541546668258,11.700000000000001,0.5999999999999979
4.372541546668258,11.700000000000001,0.5999999999999979
4.373541546668259,11.700000000000001,0.5999999999999979
4.374541546668259,11.700000000000001,0.5999999999999979
4.375541546668259,11.700000000000001,0.5999999999999979
4.37654154666826,11.700000000000001,0.5999999999999979
4.37754154666826,11.700000000000001,0.5999999999999979
4.37854154666826,11.700000000000001,0.5999999999999979
4.379541546668261,11.700000000000001,0.5999999999999979
4.380541546668261,11.700000000000001,0.5999999999999979
4.381541546668261,11.700000000000001,0.5999999999999979
4.382541546668262,11.700000000000001,0.5999999999999979
4.383541546668262,11.700000000000001,0.5999999999999979
4.384541546668262,11.700000000000001,0.5999999999999979
4.385541546668263,11.700000000000001,0.5999999999999979
4.386541546668263,11.700000000000001,0.5999999999999979
4.387541546668263,11.700000000000001,0.5999999999999979
4.388541546668264,11.700000000000001,0.5999999999999979
4.389541546668264,11.700000000000001,0.5999999999999979
4.390541546668264,11.700000000000001,0.5999999999999979
4.391541546668265,11.700000000000001,0.5999999999999979
4.392541546668265,11.700000000000001,0.5999999999999979
4.393541546668265,11.700000000000001,0.5999999999999979
4.394541546668266,11.700000000000001,0.5999999999999979
4.395541546668266,11.700000000000001,0.5999999999999979
4.396541546668266,11.700000000000001,0.5999999999999979
4.397541546668267,11.700000000000001,0.5999999999999979
4.398541546668267,11.700000000000001,0.5999999999999979
4.399541546668267,11.700000000000001,0.5999999999999979
4.400541546668268,11.700000000000001,0.5999999999999979
4.401541546668268,11.700000000000001,0.5999999999999979
4.402541546668268,11.700000000000001,0.5999999999999979
4.403541546668269,11.700000000000001,0.5999999999999979
4.404541546668269,11.700000000000001,0.5999999999999979
4.405541546668269,11.700000000000001,0.5999999999999979
4.40654154666827,11.700000000000001,0.5999999999999979
4.40754154666827,11.700000000000001,0.5999999999999979
4.40854154666827,11.700000000000001,0.5999999999999979
4.409541546668271,11.700000000000001,0.5999999999999979
4.410541546668271,11.700000000000001,0.5999999999999979
4.411541546668271,11.700000000000001,0.5999999999999979
4.412541546668272,11.700000000000001,0.5999999999999979
4.413541546668272,11.700000000000001,0.5999999999999979
4.414541546668272,11.700000000000001,0.5999999999999979
4.415541546668273,11.700000000000001,0.5999999999999979
4.416541546668273,11.700000000000001,0.5999999999999979
4.417541546668273,11.700000000000001,0.5999999999999979
4.418541546668274,11.700000000000001,0.5999999999999979
4.419541546668274,11.700000000000001,0.5999999999999979
4.420541546668274,11.700000000000001,0.5999999999999979
4.421541546668275,11.700000000000001,0.5999999999999979
4.422541546668275,11.700000000000001,0.5999999999999979
4.423541546668275,11.700000000000001,0.5999999999999979
4.424541546668276,11.700000000000001,0.5999999999999979
4.425541546668276,11.700000000000001,0.5999999999999979
4.426541546668276,11.700000000000001,0.5999999999999979
4.427541546668277,11.700000000000001,0.5999999999999979
4.428541546668277,11.700000000000001,0.5999999999999979
4.429541546668277,11.700000000000001,0.5999999999999979
4.430541546668278,11.700000000000001,0.5999999999999979
4.431541546668278,11.700000000000001,0.5999999999999979
4.432541546668278,11.700000000000001,0.5999999999999979
4.433541546668279,11.700000000000001,0.5999999999999979
4.434541546668279,11.700000000000001,0.5999999999999979
4.435541546668279,11.700000000000001,0.5999999999999979
4.43654154666828,11.700000000000001,0.5999999999999979
4.43754154666828,11.700000000000001,0.5999999999999979
4.43854154666828,11.700000000000001,0.5999999999999979
4.439541546668281,11.700000000000001,0.5999999999999979
4.440541546668281,11.700000000000001,0.5999999999999979
4.441541546668281,11.700000000000001,0.5999999999999979
4.442541546668282,11.700000000000001,0.5999999999999979
4.443541546668282,11.700000000000001,0.5999999999999979
4.444541546668282,11.700000000000001,0.5999999999999979
4.445541546668283,11.700000000000001,0.5999999999999979
4.446541546668283,11.700000000000001,0.5999999999999979
4.447541546668283,11.700000000000001,0.5999999999999979
4.448541546668284,11.700000000000001,0.5999999999999979
4.449541546668284,11.700000000000001,0.5999999999999979
4.450541546668284,11.700000000000001,0.5999999999999979
4.451541546668285,11.700000000000001,0.5999999999999979
4.452541546668285,11.700000000000001,0.5999999999999979
4.453541546668285,11.700000000000001,0.5999999999999979
4.454541546668286,11.700000000000001,0.5999999999999979
4.455541546668286,11.700000000000001,0.5999999999999979
4.456541546668286,11.700000000000001,0.5999999999999979
4.457541546668287,11.700000000000001,0.5999999999999979
4.458541546668287,11.700000000000001,0.5999999999999979
4.459541546668287,11.700000000000001,0.5999999999999979
4.460541546668288,11.700000000000001,0.5999999999999979
4.461541546668288,11.700000000000001,0.5999999999999979
4.462541546668288,11.700000000000001,0.5999999999999979
4.463541546668289,11.700000000000001,0.5999999999999979
4.464541546668289,11.700000000000001,0.5999999999999979
4.465541546668289,11.700000000000001,0.5999999999999979
4.46654154666829,11.700000000000001,0.5999999999999979
4.46754154666829,11.700000000000001,0.5999999999999979
4.46854154666829,11.700000000000001,0.5999999999999979
4.469541546668291,11.700000000000001,0.5999999999999979
4.470541546668291,11.700000000000001,0.5999999999999979
4.471541546668291,11.700000000000001,0.5999999999999979
4.472541546668292,11.700000000000001,0.5999999999999979
4.473541546668292,11.700000000000001,0.5999999999999979
4.474541546668292,11.700000000000001,0.5999999999999979
4.475541546668293,11.700000000000001,0.5999999999999979
4.476541546668293,11.700000000000001,0.5999999999999979
4.477541546668293,11.700000000000001,0.5999999999999979
4.478541546668294,11.700000000000001,0.5999999999999979
4.479541546668294,11.700000000000001,0.5999999999999979
4.480541546668294,11.700000000000001,0.5999999999999979
4.481541546668295,11.700000000000001,0.5999999999999979
4.482541546668295,11.700000000000001,0.5999999999999979
4.483541546668295,11.700000000000001,0.5999999999999979
4.484541546668296,11.700000000000001,0.5999999999999979
4.485541546668296,11.700000000000001,0.5999999999999979
4.486541546668296,11.700000000000001,0.5999999999999979
4.487541546668297,11.700000000000001,0.5999999999999979
4.488541546668297,11.700000000000001,0.5999999999999979
4.489541546668297,11.700000000000001,0.5999999999999979
4.490541546668298,11.700000000000001,0.5999999999999979
4.491541546668298,11.700000000000001,0.5999999999999979
4.492541546668298,11.700000000000001,0.5999999999999979
4.493541546668299,11.700000000000001,0.5999999999999979
4.494541546668299,11.700000000000001,0.5999999999999979
4.495541546668299,11.700000000000001,0.5999999999999979
4.4965415466683,11.700000000000001,0.5999999999999979
4.4975415466683,11.700000000000001,0.5999999999999979
4.4985415466683,11.700000000000001,0.5999999999999979
4.499541546668301,11.700000000000001,0.5999999999999979
4.500541546668301,11.700000000000001,0.5999999999999979
4.501541546668301,11.700000000000001,0.5999999999999979
4.502541546668302,11.700000000000001,0.5999999999999979
4.503541546668302,11.700000000000001,0.5999999999999979
4.504541546668302,11.700000000000001,0.5999999999999979
4.505541546668303,11.700000000000001,0.5999999999999979
4.506541546668303,11.700000000000001,0.5999999999999979
4.507541546668303,11.700000000000001,0.5999999999999979
4.508541546668304,11.700000000000001,0.5999999999999979
4.509541546668304,11.700000000000001,0.5999999999999979
4.510541546668304,11.700000000000001,0.5999999999999979
4.511541546668305,11.700000000000001,0.5999999999999979
4.512541546668305,11.700000000000001,0.5999999999999979
4.513541546668305,11.700000000000001,0.5999999999999979
4.514541546668306,11.700000000000001,0.5999999999999979
4.515541546668306,11.700000000000001,0.5999999999999979
4.516541546668306,11.700000000000001,0.5999999999999979
4.517541546668307,11.700000000000001,0.5999999999999979
4.518541546668307,11.700000000000001,0.5999999999999979
4.519541546668307,11.700000000000001,0.5999999999999979
4.520541546668308,11.700000000000001,0.5999999999999979
4.521541546668308,11.700000000000001,0.5999999999999979
4.522541546668308,11.700000000000001,0.5999999999999979
4.523541546668309,11.700000000000001,0.5999999999999979
4.524541546668309,11.700000000000001,0.5999999999999979
4.525541546668309,11.700000000000001,0.5999999999999979
4.52654154666831,11.700000000000001,0.5999999999999979
4.52754154666831,11.700000000000001,0.5999999999999979
4.52854154666831,11.700000000000001,0.5999999999999979
4.529541546668311,11.700000000000001,0.5999999999999979
4.530541546668311,11.700000000000001,0.5999999999999979
4.531541546668311,11.700000000000001,0.5999999999999979
4.532541546668312,11.700000000000001,0.5999999999999979
4.533541546668312,11.700000000000001,0.5999999999999979
4.534541546668312,11.700000000000001,0.5999999999999979
4.535541546668313,11.700000000000001,0.5999999999999979
4.536541546668313,11.700000000000001,0.5999999999999979
4.537541546668313,11.700000000000001,0.5999999999999979
4.538541546668314,11.700000000000001,0.5999999999999979
4.539541546668314,11.700000000000001,0.5999999999999979
4.540541546668314,11.700000000000001,0.5999999999999979
4.541541546668315,11.700000000000001,0.5999999999999979
4.542541546668315,11.700000000000001,0.5999999999999979
4.543541546668315,11.700000000000001,0.5999999999999979
4.544541546668316,11.700000000000001,0.5999999999999979
4.545541546668316,11.700000000000001,0.5999999999999979
4.546541546668316,11.700000000000001,0.5999999999999979
4.547541546668317,11.700000000000001,0.5999999999999979
4.548541546668317,11.700000000000001,0.5999999999999979
4.549541546668317,11.700000000000001,0.5999999999999979
4.550541546668318,11.700000000000001,0.5999999999999979
4.551541546668318,11.700000000000001,0.5999999999999979
4.552541546668318,11.700000000000001,0.5999999999999979
4.553541546668319,11.700000000000001,0.5999999999999979
4.554541546668319,11.700000000000001,0.5999999999999979
4.555541546668319,11.700000000000001,0.5999999999999979
4.55654154666832,11.700000000000001,0.5999999999999979
4.55754154666832,11.700000000000001,0.5999999999999979
4.55854154666832,11.700000000000001,0.5999999999999979
4.559541546668321,11.700000000000001,0.5999999999999979
4.560541546668321,11.700000000000001,0.5999999999999979
4.561541546668321,11.700000000000001,0.5999999999999979
4.562541546668322,11.700000000000001,0.5999999999999979
4.563541546668322,11.700000000000001,0.5999999999999979
4.564541546668322,11.700000000000001,0.5999999999999979
4.565541546668323,11.700000000000001,0.5999999999999979
4.566541546668323,11.700000000000001,0.5999999999999979
4.567541546668323,11.700000000000001,0.5999999999999979
4.568541546668324,11.700000000000001,0.5999999999999979
4.569541546668324,11.700000000000001,0.5999999999999979
4.570541546668324,11.700000000000001,0.5999999999999979
4.571541546668325,11.700000000000001,0.5999999999999979
4.572541546668325,11.700000000000001,0.5999999999999979
4.573541546668325,11.700000000000001,0.5999999999999979
4.574541546668326,11.700000000000001,0.5999999999999979
4.575541546668326,11.700000000000001,0.5999999999999979
4.576541546668326,11.700000000000001,0.5999999999999979
4.577541546668327,11.700000000000001,0.5999999999999979
4.578541546668327,11.700000000000001,0.5999999999999979
4.579541546668327,11.700000000000001,0.5999999999999979
4.580541546668328,11.700000000000001,0.5999999999999979
4.581541546668328,11.700000000000001,0.5999999999999979
4.582541546668328,11.700000000000001,0.5999999999999979
4.583541546668329,11.700000000000001,0.5999999999999979
4.584541546668329,11.700000000000001,0.5999999999999979
4.585541546668329,11.700000000000001,0.5999999999999979
4.58654154666833,11.700000000000001,0.5999999999999979
4.58754154666833,11.700000000000001,0.5999999999999979
4.58854154666833,11.700000000000001,0.5999999999999979
4.589541546668331,11.700000000000001,0.5999999999999979
4.590541546668331,11.700000000000001,0.5999999999999979
4.591541546668331,11.700000000000001,0.5999999999999979
4.592541546668332,11.700000000000001,0.5999999999999979
4.593541546668332,11.700000000000001,0.5999999999999979
4.594541546668332,11.700000000000001,0.5999999999999979
4.595541546668333,11.700000000000001,0.5999999999999979
4.596541546668333,11.700000000000001,0.5999999999999979
4.597541546668333,11.700000000000001,0.5999999999999979
4.598541546668334,11.700000000000001,0.5999999999999979
4.599541546668334,11.700000000000001,0.5999999999999979
4.600541546668334,11.700000000000001,0.5999999999999979
4.601541546668335,11.700000000000001,0.5999999999999979
4.602541546668335,11.700000000000001,0.5999999999999979
4.603541546668335,11.700000000000001,0.5999999999999979
4.604541546668336,11.700000000000001,0.5999999999999979
4.605541546668336,11.700000000000001,0.5999999999999979
4.606541546668336,11.700000000000001,0.5999999999999979
4.607541546668337,11.700000000000001,0.5999999999999979
4.608541546668337,11.700000000000001,0.5999999999999979
4.609541546668337,11.700000000000001,0.5999999999999979
4.610541546668338,11.700000000000001,0.5999999999999979
4.611541546668338,11.700000000000001,0.5999999999999979
4.612541546668338,11.700000000000001,0.5999999999999979
4.613541546668339,11.700000000000001,0.5999999999999979
4.614541546668339,11.700000000000001,0.5999999999999979
4.615541546668339,11.700000000000001,0.5999999999999979
4.61654154666834,11.700000000000001,0.5999999999999979
4.61754154666834,11.700000000000001,0.5999999999999979
4.61854154666834,11.700000000000001,0.5999999999999979
4.619541546668341,11.700000000000001,0.5999999999999979
4.620541546668341,11.700000000000001,0.5999999999999979
4.621541546668341,11.700000000000001,0.5999999999999979
4.622541546668342,11.700000000000001,0.5999999999999979
4.623541546668342,11.700000000000001,0.5999999999999979
4.624541546668342,11.700000000000001,0.5999999999999979
4.625541546668343,11.700000000000001,0.5999999999999979
4.626541546668343,11.700000000000001,0.5999999999999979
4.627541546668343,11.700000000000001,0.5999999999999979
4.628541546668344,11.700000000000001,0.5999999999999979
4.629541546668344,11.700000000000001,0.5999999999999979
4.630541546668344,11.700000000000001,0.5999999999999979
4.631541546668345,11.700000000000001,0.5999999999999979
4.632541546668345,11.700000000000001,0.5999999999999979
4.633541546668345,11.700000000000001,0.5999999999999979
4.634541546668346,11.700000000000001,0.5999999999999979
4.635541546668346,11.700000000000001,0.5999999999999979
4.636541546668346,11.700000000000001,0.5999999999999979
4.637541546668347,11.700000000000001,0.5999999999999979
4.638541546668347,11.700000000000001,0.5999999999999979
4.639541546668347,11.700000000000001,0.5999999999999979
4.640541546668348,11.700000000000001,0.5999999999999979
4.641541546668348,11.700000000000001,0.5999999999999979
4.642541546668348,11.700000000000001,0.5999999999999979
4.643541546668349,11.700000000000001,0.5999999999999979
4.644541546668349,11.700000000000001,0.5999999999999979
4.645541546668349,11.700000000000001,0.5999999999999979
4.64654154666835,11.700000000000001,0.5999999999999979
4.64754154666835,11.700000000000001,0.5999999999999979
4.64854154666835,11.700000000000001,0.5999999999999979
4.649541546668351,11.700000000000001,0.5999999999999979
4.650541546668351,11.700000000000001,0.5999999999999979
4.651541546668351,11.700000000000001,0.5999999999999979
4.652541546668352,11.700000000000001,0.5999999999999979
4.653541546668352,11.700000000000001,0.5999999999999979
4.654541546668352,11.700000000000001,0.5999999999999979
4.655541546668353,11.700000000000001,0.5999999999999979
4.656541546668353,11.700000000000001,0.5999999999999979
4.657541546668353,11.700000000000001,0.5999999999999979
4.658541546668354,11.700000000000001,0.5999999999999979
4.659541546668354,11.700000000000001,0.5999999999999979
4.660541546668354,11.700000000000001,0.5999999999999979
4.661541546668355,11.700000000000001,0.5999999999999979
4.662541546668355,11.700000000000001,0.5999999999999979
4.663541546668355,11.700000000000001,0.5999999999999979
4.664541546668356,11.700000000000001,0.5999999999999979
4.665541546668356,11.700000000000001,0.5999999999999979
4.666541546668356,11.700000000000001,0.5999999999999979
4.667541546668357,11.700000000000001,0.5999999999999979
4.668541546668357,11.700000000000001,0.5999999999999979
4.669541546668357,11.700000000000001,0.5999999999999979
4.670541546668358,11.700000000000001,0.5999999999999979
4.671541546668358,11.700000000000001,0.5999999999999979
4.672541546668358,11.700000000000001,0.5999999999999979
4.673541546668359,11.700000000000001,0.5999999999999979
4.674541546668359,11.700000000000001,0.5999999999999979
4.675541546668359,11.700000000000001,0.5999999999999979
4.67654154666836,11.700000000000001,0.5999999999999979
4.67754154666836,11.700000000000001,0.5999999999999979
4.67854154666836,11.700000000000001,0.5999999999999979
4.679541546668361,11.700000000000001,0.5999999999999979
4.680541546668361,11.700000000000001,0.5999999999999979
4.681541546668361,11.700000000000001,0.5999999999999979
4.682541546668362,11.700000000000001,0.5999999999999979
4.683541546668362,11.700000000000001,0.5999999999999979
4.684541546668362,11.700000000000001,0.5999999999999979
4.685541546668363,11.700000000000001,0.5999999999999979
4.686541546668363,11.700000000000001,0.5999999999999979
4.687541546668363,11.700000000000001,0.5999999999999979
4.688541546668364,11.700000000000001,0.5999999999999979
4.689541546668364,11.700000000000001,0.5999999999999979
4.690541546668364,11.700000000000001,0.5999999999999979
4.691541546668365,11.700000000000001,0.5999999999999979
4.692541546668365,11.700000000000001,0.5999999999999979
4.693541546668365,11.700000000000001,0.5999999999999979
4.694541546668366,11.700000000000001,0.5999999999999979
4.695541546668366,11.700000000000001,0.5999999999999979
4.696541546668366,11.700000000000001,0.5999999999999979
4.697541546668367,11.700000000000001,0.5999999999999979
4.698541546668367,11.700000000000001,0.5999999999999979
4.699541546668367,11.700000000000001,0.5999999999999979
4.700541546668368,11.700000000000001,0.5999999999999979
4.701541546668368,11.700000000000001,0.5999999999999979
4.702541546668368,11.700000000000001,0.5999999999999979
4.703541546668369,11.700000000000001,0.5999999999999979
4.704541546668369,11.700000000000001,0.5999999999999979
4.705541546668369,11.700000000000001,0.5999999999999979
4.70654154666837,11.700000000000001,0.5999999999999979
4.70754154666837,11.700000000000001,0.5999999999999979
4.70854154666837,11.700000000000001,0.5999999999999979
4.709541546668371,11.700000000000001,0.5999999999999979
4.710541546668371,11.700000000000001,0.5999999999999979
4.711541546668371,11.700000000000001,0.5999999999999979
4.712541546668372,11.700000000000001,0.5999999999999979
4.713541546668372,11.700000000000001,0.5999999999999979
4.714541546668372,11.700000000000001,0.5999999999999979
4.715541546668373,11.700000000000001,0.5999999999999979
4.716541546668373,11.700000000000001,0.5999999999999979
4.717541546668373,11.700000000000001,0.5999999999999979
4.718541546668374,11.700000000000001,0.5999999999999979
4.719541546668374,11.700000000000001,0.5999999999999979
4.7205415466683744,11.700000000000001,0.5999999999999979
4.721541546668375,11.700000000000001,0.5999999999999979
4.722541546668375,11.700000000000001,0.5999999999999979
4.7235415466683754,11.700000000000001,0.5999999999999979
4.724541546668376,11.700000000000001,0.5999999999999979
4.725541546668376,11.700000000000001,0.5999999999999979
4.7265415466683764,11.700000000000001,0.5999999999999979
4.727541546668377,11.700000000000001,0.5999999999999979
4.728541546668377,11.700000000000001,0.5999999999999979
4.7295415466683774,11.700000000000001,0.5999999999999979
4.730541546668378,11.700000000000001,0.5999999999999979
4.731541546668378,11.700000000000001,0.5999999999999979
4.7325415466683785,11.700000000000001,0.5999999999999979
4.733541546668379,11.700000000000001,0.5999999999999979
4.734541546668379,11.700000000000001,0.5999999999999979
4.7355415466683795,11.700000000000001,0.5999999999999979
4.73654154666838,11.700000000000001,0.5999999999999979
4.73754154666838,11.700000000000001,0.5999999999999979
4.7385415466683805,11.700000000000001,0.5999999999999979
4.739541546668381,11.700000000000001,0.5999999999999979
4.740541546668381,11.700000000000001,0.5999999999999979
4.7415415466683815,11.700000000000001,0.5999999999999979
4.742541546668382,11.700000000000001,0.5999999999999979
4.743541546668382,11.700000000000001,0.5999999999999979
4.7445415466683825,11.700000000000001,0.5999999999999979
4.745541546668383,11.700000000000001,0.5999999999999979
4.746541546668383,11.700000000000001,0.5999999999999979
4.7475415466683835,11.700000000000001,0.5999999999999979
4.748541546668384,11.700000000000001,0.5999999999999979
4.749541546668384,11.700000000000001,0.5999999999999979
4.7505415466683845,11.700000000000001,0.5999999999999979
4.751541546668385,11.700000000000001,0.5999999999999979
4.752541546668385,11.700000000000001,0.5999999999999979
4.7535415466683855,11.700000000000001,0.5999999999999979
4.754541546668386,11.700000000000001,0.5999999999999979
4.755541546668386,11.700000000000001,0.5999999999999979
4.7565415466683865,11.700000000000001,0.5999999999999979
4.757541546668387,11.700000000000001,0.5999999999999979
4.758541546668387,11.700000000000001,0.5999999999999979
4.7595415466683875,11.700000000000001,0.5999999999999979
4.760541546668388,11.700000000000001,0.5999999999999979
4.761541546668388,11.700000000000001,0.5999999999999979
4.7625415466683885,11.700000000000001,0.5999999999999979
4.763541546668389,11.700000000000001,0.5999999999999979
4.764541546668389,11.700000000000001,0.5999999999999979
4.7655415466683895,11.700000000000001,0.5999999999999979
4.76654154666839,11.700000000000001,0.5999999999999979
4.76754154666839,11.700000000000001,0.5999999999999979
4.7685415466683905,11.700000000000001,0.5999999999999979
4.769541546668391,11.700000000000001,0.5999999999999979
4.770541546668391,11.700000000000001,0.5999999999999979
4.7715415466683915,11.700000000000001,0.5999999999999979
4.772541546668392,11.700000000000001,0.5999999999999979
4.773541546668392,11.700000000000001,0.5999999999999979
4.7745415466683925,11.700000000000001,0.5999999999999979
4.775541546668393,11.700000000000001,0.5999999999999979
4.776541546668393,11.700000000000001,0.5999999999999979
4.7775415466683935,11.700000000000001,0.5999999999999979
4.778541546668394,11.700000000000001,0.5999999999999979
4.779541546668394,11.700000000000001,0.5999999999999979
4.7805415466683945,11.700000000000001,0.5999999999999979
4.781541546668395,11.700000000000001,0.5999999999999979
4.782541546668395,11.700000000000001,0.5999999999999979
4.7835415466683955,11.700000000000001,0.5999999999999979
4.784541546668396,11.700000000000001,0.5999999999999979
4.785541546668396,11.700000000000001,0.5999999999999979
4.7865415466683965,11.700000000000001,0.5999999999999979
4.787541546668397,11.700000000000001,0.5999999999999979
4.788541546668397,11.700000000000001,0.5999999999999979
4.7895415466683975,11.700000000000001,0.5999999999999979
4.790541546668398,11.700000000000001,0.5999999999999979
4.791541546668398,11.700000000000001,0.5999999999999979
4.7925415466683985,11.700000000000001,0.5999999999999979
4.793541546668399,11.700000000000001,0.5999999999999979
4.794541546668399,11.700000000000001,0.5999999999999979
4.7955415466683995,11.700000000000001,0.5999999999999979
4.7965415466684,11.700000000000001,0.5999999999999979
4.7975415466684,11.700000000000001,0.5999999999999979
4.7985415466684005,11.700000000000001,0.5999999999999979
4.799541546668401,11.700000000000001,0.5999999999999979
4.800541546668401,11.700000000000001,0.5999999999999979
4.8015415466684015,11.700000000000001,0.5999999999999979
4.802541546668402,11.700000000000001,0.5999999999999979
4.803541546668402,11.700000000000001,0.5999999999999979
4.8045415466684025,11.700000000000001,0.5999999999999979
4.805541546668403,11.700000000000001,0.5999999999999979
4.806541546668403,11.700000000000001,0.5999999999999979
4.8075415466684035,11.700000000000001,0.5999999999999979
4.808541546668404,11.700000000000001,0.5999999999999979
4.809541546668404,11.700000000000001,0.5999999999999979
4.8105415466684045,11.700000000000001,0.5999999999999979
4.811541546668405,11.700000000000001,0.5999999999999979
4.812541546668405,11.700000000000001,0.5999999999999979
4.8135415466684055,11.700000000000001,0.5999999999999979
4.814541546668406,11.700000000000001,0.5999999999999979
4.815541546668406,11.700000000000001,0.5999999999999979
4.8165415466684065,11.700000000000001,0.5999999999999979
4.817541546668407,11.700000000000001,0.5999999999999979
4.818541546668407,11.700000000000001,0.5999999999999979
4.8195415466684075,11.700000000000001,0.5999999999999979
4.820541546668408,11.700000000000001,0.5999999999999979
4.821541546668408,11.700000000000001,0.5999999999999979
4.8225415466684085,11.700000000000001,0.5999999999999979
4.823541546668409,11.700000000000001,0.5999999999999979
4.824541546668409,11.700000000000001,0.5999999999999979
4.8255415466684095,11.700000000000001,0.5999999999999979
4.82654154666841,11.700000000000001,0.5999999999999979
4.82754154666841,11.700000000000001,0.5999999999999979
4.8285415466684105,11.700000000000001,0.5999999999999979
4.829541546668411,11.700000000000001,0.5999999999999979
4.830541546668411,11.700000000000001,0.5999999999999979
4.8315415466684115,11.700000000000001,0.5999999999999979
4.832541546668412,11.700000000000001,0.5999999999999979
4.833541546668412,11.700000000000001,0.5999999999999979
4.8345415466684125,11.700000000000001,0.5999999999999979
4.835541546668413,11.700000000000001,0.5999999999999979
4.836541546668413,11.700000000000001,0.5999999999999979
4.8375415466684135,11.700000000000001,0.5999999999999979
4.838541546668414,11.700000000000001,0.5999999999999979
4.839541546668414,11.700000000000001,0.5999999999999979
4.8405415466684145,11.700000000000001,0.5999999999999979
4.841541546668415,11.700000000000001,0.5999999999999979
4.842541546668415,11.700000000000001,0.5999999999999979
4.8435415466684155,11.700000000000001,0.5999999999999979
4.844541546668416,11.700000000000001,0.5999999999999979
4.845541546668416,11.700000000000001,0.5999999999999979
4.8465415466684165,11.700000000000001,0.5999999999999979
4.847541546668417,11.700000000000001,0.5999999999999979
4.848541546668417,11.700000000000001,0.5999999999999979
4.8495415466684175,11.700000000000001,0.5999999999999979
4.850541546668418,11.700000000000001,0.5999999999999979
4.851541546668418,11.700000000000001,0.5999999999999979
4.8525415466684185,11.700000000000001,0.5999999999999979
4.853541546668419,11.700000000000001,0.5999999999999979
4.854541546668419,11.700000000000001,0.5999999999999979
4.8555415466684195,11.700000000000001,0.5999999999999979
4.85654154666842,11.700000000000001,0.5999999999999979
4.85754154666842,11.700000000000001,0.5999999999999979
4.8585415466684205,11.700000000000001,0.5999999999999979
4.859541546668421,11.700000000000001,0.5999999999999979
4.860541546668421,11.700000000000001,0.5999999999999979
4.8615415466684215,11.700000000000001,0.5999999999999979
4.862541546668422,11.700000000000001,0.5999999999999979
4.863541546668422,11.700000000000001,0.5999999999999979
4.8645415466684225,11.700000000000001,0.5999999999999979
4.865541546668423,11.700000000000001,0.5999999999999979
4.866541546668423,11.700000000000001,0.5999999999999979
4.8675415466684235,11.700000000000001,0.5999999999999979
4.868541546668424,11.700000000000001,0.5999999999999979
4.869541546668424,11.700000000000001,0.5999999999999979
4.8705415466684245,11.700000000000001,0.5999999999999979
4.871541546668425,11.700000000000001,0.5999999999999979
4.872541546668425,11.700000000000001,0.5999999999999979
4.8735415466684255,11.700000000000001,0.5999999999999979
4.874541546668426,11.700000000000001,0.5999999999999979
4.875541546668426,11.700000000000001,0.5999999999999979
4.8765415466684265,11.700000000000001,0.5999999999999979
4.877541546668427,11.700000000000001,0.5999999999999979
4.878541546668427,11.700000000000001,0.5999999999999979
4.8795415466684275,11.700000000000001,0.5999999999999979
4.880541546668428,11.700000000000001,0.5999999999999979
4.881541546668428,11.700000000000001,0.5999999999999979
4.8825415466684285,11.700000000000001,0.5999999999999979
4.883541546668429,11.700000000000001,0.5999999999999979
4.884541546668429,11.700000000000001,0.5999999999999979
4.8855415466684295,11.700000000000001,0.5999999999999979
4.88654154666843,11.700000000000001,0.5999999999999979
4.88754154666843,11.700000000000001,0.5999999999999979
4.8885415466684305,11.700000000000001,0.5999999999999979
4.889541546668431,11.700000000000001,0.5999999999999979
4.890541546668431,11.700000000000001,0.5999999999999979
4.8915415466684316,11.700000000000001,0.5999999999999979
4.892541546668432,11.700000000000001,0.5999999999999979
4.893541546668432,11.700000000000001,0.5999999999999979
4.8945415466684326,11.700000000000001,0.5999999999999979
4.895541546668433,11.700000000000001,0.5999999999999979
4.896541546668433,11.700000000000001,0.5999999999999979
4.8975415466684336,11.700000000000001,0.5999999999999979
4.898541546668434,11.700000000000001,0.5999999999999979
4.899541546668434,11.700000000000001,0.5999999999999979
4.900541546668435,11.700000000000001,0.5999999999999979
4.901541546668435,11.700000000000001,0.5999999999999979
4.902541546668435,11.700000000000001,0.5999999999999979
4.903541546668436,11.700000000000001,0.5999999999999979
4.904541546668436,11.700000000000001,0.5999999999999979
4.905541546668436,11.700000000000001,0.5999999999999979
4.906541546668437,11.700000000000001,0.5999999999999979
4.907541546668437,11.700000000000001,0.5999999999999979
4.908541546668437,11.700000000000001,0.5999999999999979
4.909541546668438,11.700000000000001,0.5999999999999979
4.910541546668438,11.700000000000001,0.5999999999999979
4.911541546668438,11.700000000000001,0.5999999999999979
4.912541546668439,11.700000000000001,0.5999999999999979
4.913541546668439,11.700000000000001,0.5999999999999979
4.914541546668439,11.700000000000001,0.5999999999999979
4.91554154666844,11.700000000000001,0.5999999999999979
4.91654154666844,11.700000000000001,0.5999999999999979
4.91754154666844,11.700000000000001,0.5999999999999979
4.918541546668441,11.700000000000001,0.5999999999999979
4.919541546668441,11.700000000000001,0.5999999999999979
4.920541546668441,11.700000000000001,0.5999999999999979
4.921541546668442,11.700000000000001,0.5999999999999979
4.922541546668442,11.700000000000001,0.5999999999999979
4.923541546668442,11.700000000000001,0.5999999999999979
4.924541546668443,11.700000000000001,0.5999999999999979
4.925541546668443,11.700000000000001,0.5999999999999979
4.926541546668443,11.700000000000001,0.5999999999999979
4.927541546668444,11.700000000000001,0.5999999999999979
4.928541546668444,11.700000000000001,0.5999999999999979
4.929541546668444,11.700000000000001,0.5999999999999979
4.930541546668445,11.700000000000001,0.5999999999999979
4.931541546668445,11.700000000000001,0.5999999999999979
4.932541546668445,11.700000000000001,0.5999999999999979
4.933541546668446,11.700000000000001,0.5999999999999979
4.934541546668446,11.700000000000001,0.5999999999999979
4.935541546668446,11.700000000000001,0.5999999999999979
4.936541546668447,11.700000000000001,0.5999999999999979
4.937541546668447,11.700000000000001,0.5999999999999979
4.938541546668447,11.700000000000001,0.5999999999999979
4.939541546668448,11.700000000000001,0.5999999999999979
4.940541546668448,11.700000000000001,0.5999999999999979
4.941541546668448,11.700000000000001,0.5999999999999979
4.942541546668449,11.700000000000001,0.5999999999999979
4.943541546668449,11.700000000000001,0.5999999999999979
4.944541546668449,11.700000000000001,0.5999999999999979
4.94554154666845,11.700000000000001,0.5999999999999979
4.94654154666845,11.700000000000001,0.5999999999999979
4.94754154666845,11.700000000000001,0.5999999999999979
4.948541546668451,11.700000000000001,0.5999999999999979
4.949541546668451,11.700000000000001,0.5999999999999979
4.950541546668451,11.700000000000001,0.5999999999999979
4.951541546668452,11.700000000000001,0.5999999999999979
4.952541546668452,11.700000000000001,0.5999999999999979
4.953541546668452,11.700000000000001,0.5999999999999979
4.954541546668453,11.700000000000001,0.5999999999999979
4.955541546668453,11.700000000000001,0.5999999999999979
4.956541546668453,11.700000000000001,0.5999999999999979
4.957541546668454,11.700000000000001,0.5999999999999979
4.958541546668454,11.700000000000001,0.5999999999999979
4.959541546668454,11.700000000000001,0.5999999999999979
4.960541546668455,11.700000000000001,0.5999999999999979
4.961541546668455,11.700000000000001,0.5999999999999979
4.962541546668455,11.700000000000001,0.5999999999999979
4.963541546668456,11.700000000000001,0.5999999999999979
4.964541546668456,11.700000000000001,0.5999999999999979
4.965541546668456,11.700000000000001,0.5999999999999979
4.966541546668457,11.700000000000001,0.5999999999999979
4.967541546668457,11.700000000000001,0.5999999999999979
4.968541546668457,11.700000000000001,0.5999999999999979
4.969541546668458,11.700000000000001,0.5999999999999979
4.970541546668458,11.700000000000001,0.5999999999999979
4.971541546668458,11.700000000000001,0.5999999999999979
4.972541546668459,11.700000000000001,0.5999999999999979
4.973541546668459,11.700000000000001,0.5999999999999979
4.974541546668459,11.700000000000001,0.5999999999999979
4.97554154666846,11.700000000000001,0.5999999999999979
4.97654154666846,11.700000000000001,0.5999999999999979
4.97754154666846,11.700000000000001,0.5999999999999979
4.978541546668461,11.700000000000001,0.5999999999999979
4.979541546668461,11.700000000000001,0.5999999999999979
4.980541546668461,11.700000000000001,0.5999999999999979
4.981541546668462,11.700000000000001,0.5999999999999979
4.982541546668462,11.700000000000001,0.5999999999999979
4.983541546668462,11.700000000000001,0.5999999999999979
4.984541546668463,11.700000000000001,0.5999999999999979
4.985541546668463,11.700000000000001,0.5999999999999979
4.986541546668463,11.700000000000001,0.5999999999999979
4.987541546668464,11.700000000000001,0.5999999999999979
4.988541546668464,11.700000000000001,0.5999999999999979
4.989541546668464,11.700000000000001,0.5999999999999979
4.990541546668465,11.700000000000001,0.5999999999999979
4.991541546668465,11.700000000000001,0.5999999999999979
4.992541546668465,11.700000000000001,0.5999999999999979
4.993541546668466,11.700000000000001,0.5999999999999979
4.994541546668466,11.700000000000001,0.5999999999999979
4.995541546668466,11.700000000000001,0.5999999999999979
4.996541546668467,11.700000000000001,0.5999999999999979
4.997541546668467,11.700000000000001,0.5999999999999979
4.998541546668467,11.700000000000001,0.5999999999999979
4.999541546668468,11.700000000000001,0.5999999999999979
5.000541546668468,11.700000000000001,0.5999999999999979
5.001541546668468,11.700000000000001,0.5999999999999979
5.002541546668469,11.700000000000001,0.5999999999999979
5.003541546668469,11.700000000000001,0.5999999999999979
5.004541546668469,11.700000000000001,0.5999999999999979
5.00554154666847,11.700000000000001,0.5999999999999979
5.00654154666847,11.700000000000001,0.5999999999999979
5.00754154666847,11.700000000000001,0.5999999999999979
5.008541546668471,11.700000000000001,0.5999999999999979
5.009541546668471,11.700000000000001,0.5999999999999979
5.010541546668471,11.700000000000001,0.5999999999999979
5.011541546668472,11.700000000000001,0.5999999999999979
5.012541546668472,11.700000000000001,0.5999999999999979
5.013541546668472,11.700000000000001,0.5999999999999979
5.014541546668473,11.700000000000001,0.5999999999999979
5.015541546668473,11.700000000000001,0.5999999999999979
5.016541546668473,11.700000000000001,0.5999999999999979
5.017541546668474,11.700000000000001,0.5999999999999979
5.018541546668474,11.700000000000001,0.5999999999999979
5.019541546668474,11.700000000000001,0.5999999999999979
5.020541546668475,11.700000000000001,0.5999999999999979
5.021541546668475,11.700000000000001,0.5999999999999979
5.022541546668475,11.700000000000001,0.5999999999999979
5.023541546668476,11.700000000000001,0.5999999999999979
5.024541546668476,11.700000000000001,0.5999999999999979
5.025541546668476,11.700000000000001,0.5999999999999979
5.026541546668477,11.700000000000001,0.5999999999999979
5.027541546668477,11.700000000000001,0.5999999999999979
5.028541546668477,11.700000000000001,0.5999999999999979
5.029541546668478,11.700000000000001,0.5999999999999979
5.030541546668478,11.700000000000001,0.5999999999999979
5.031541546668478,11.700000000000001,0.5999999999999979
5.032541546668479,11.700000000000001,0.5999999999999979
5.033541546668479,11.700000000000001,0.5999999999999979
5.034541546668479,11.700000000000001,0.5999999999999979
5.03554154666848,11.700000000000001,0.5999999999999979
5.03654154666848,11.700000000000001,0.5999999999999979
5.03754154666848,11.700000000000001,0.5999999999999979
5.038541546668481,11.700000000000001,0.5999999999999979
5.039541546668481,11.700000000000001,0.5999999999999979
5.040541546668481,11.700000000000001,0.5999999999999979
5.041541546668482,11.700000000000001,0.5999999999999979
5.042541546668482,11.700000000000001,0.5999999999999979
5.043541546668482,11.700000000000001,0.5999999999999979
5.044541546668483,11.700000000000001,0.5999999999999979
5.045541546668483,11.700000000000001,0.5999999999999979
5.046541546668483,11.700000000000001,0.5999999999999979
5.047541546668484,11.700000000000001,0.5999999999999979
5.048541546668484,11.700000000000001,0.5999999999999979
5.049541546668484,11.700000000000001,0.5999999999999979
5.050541546668485,11.700000000000001,0.5999999999999979
5.051541546668485,11.700000000000001,0.5999999999999979
5.052541546668485,11.700000000000001,0.5999999999999979
5.053541546668486,11.700000000000001,0.5999999999999979
5.054541546668486,11.700000000000001,0.5999999999999979
5.055541546668486,11.700000000000001,0.5999999999999979
5.056541546668487,11.700000000000001,0.5999999999999979
5.057541546668487,11.700000000000001,0.5999999999999979
5.058541546668487,11.700000000000001,0.5999999999999979
5.059541546668488,11.700000000000001,0.5999999999999979
5.060541546668488,11.700000000000001,0.5999999999999979
5.061541546668488,11.700000000000001,0.5999999999999979
5.062541546668489,11.700000000000001,0.5999999999999979
5.063541546668489,11.700000000000001,0.5999999999999979
5.064541546668489,11.700000000000001,0.5999999999999979
5.06554154666849,11.700000000000001,0.5999999999999979
5.06654154666849,11.700000000000001,0.5999999999999979
5.06754154666849,11.700000000000001,0.5999999999999979
5.068541546668491,11.700000000000001,0.5999999999999979
5.069541546668491,11.700000000000001,0.5999999999999979
5.070541546668491,11.700000000000001,0.5999999999999979
5.071541546668492,11.700000000000001,0.5999999999999979
5.072541546668492,11.700000000000001,0.5999999999999979
5.073541546668492,11.700000000000001,0.5999999999999979
5.074541546668493,11.700000000000001,0.5999999999999979
5.075541546668493,11.700000000000001,0.5999999999999979
5.076541546668493,11.700000000000001,0.5999999999999979
5.077541546668494,11.700000000000001,0.5999999999999979
5.078541546668494,11.700000000000001,0.5999999999999979
5.079541546668494,11.700000000000001,0.5999999999999979
5.080541546668495,11.700000000000001,0.5999999999999979
5.081541546668495,11.700000000000001,0.5999999999999979
5.082541546668495,11.700000000000001,0.5999999999999979
5.083541546668496,11.700000000000001,0.5999999999999979
5.084541546668496,11.700000000000001,0.5999999999999979
5.085541546668496,11.700000000000001,0.5999999999999979
5.086541546668497,11.700000000000001,0.5999999999999979
5.087541546668497,11.700000000000001,0.5999999999999979
5.088541546668497,11.700000000000001,0.5999999999999979
5.089541546668498,11.700000000000001,0.5999999999999979
5.090541546668498,11.700000000000001,0.5999999999999979
5.091541546668498,11.700000000000001,0.5999999999999979
5.092541546668499,11.700000000000001,0.5999999999999979
5.093541546668499,11.700000000000001,0.5999999999999979
5.094541546668499,11.700000000000001,0.5999999999999979
5.0955415466685,11.700000000000001,0.5999999999999979
5.0965415466685,11.700000000000001,0.5999999999999979
5.0975415466685,11.700000000000001,0.5999999999999979
5.098541546668501,11.700000000000001,0.5999999999999979
5.099270773334251,11.700000000000001,0.5999999999999979
5.1000000000000005,11.700000000000001,0.5999999999999979
5.100000370438168,11.69999850163226,0.6000029967354799
5.100001111314501,11.699991940503503,0.6000161189929933
5.100002593067169,11.69996200806071,0.600075983878579
5.100005556572504,11.699835239574382,0.6003295208512363
5.100011483583174,11.699332109969399,0.601335780061202
5.100021446373927,11.697827659414497,0.6043446811710069
5.100032454513102,11.695349721082533,0.6093005578349349
5.100044428650706,11.69186058506614,0.6162788298677206
5.10005692762465,11.687514418001443,0.6249711639971132
5.100070324417174,11.682233463308872,0.6355330733822555
5.100084649054971,11.676041175854616,0.6479176482907683
5.100100320189742,11.668783881789233,0.6624322364215338
5.100117463308926,11.660423108914342,0.6791537821713156
5.100136545711212,11.650750279716071,0.6984994405678577
5.100157854971513,11.639638033651353,0.7207239326972932
5.100182073314646,11.62675044959389,0.746499100812219
5.100209868641111,11.611751943306968,0.7764961133860631
5.100242490328075,11.593988847527676,0.812022304944648
5.100281554726483,11.572601109922536,0.8547977801549287
5.100329942579791,11.546031155589434,0.9079376888211321
5.100392324353466,11.511732570218028,0.9765348595639445
5.100477992810584,11.464611961560793,1.0707760768784134
5.100607262106587,11.393508263141268,1.2129834737174647
5.100803631053294,11.285502697468212,1.4289946050635756
5.101,11.1774996946367,1.6450006107266013
5.101000388039142,11.177287919022842,1.6454241619543168
5.101001164117426,11.176868275906044,1.6462634481879128
5.101002716273996,11.176047405592188,1.6479051888156242
5.101005820587134,11.17447882990177,1.6510423401964616
5.101012029213411,11.171613674611809,1.6567726507763822
5.1010216003907765,11.16782249691003,1.6643550061799388
5.101032724195486,11.164223919324998,1.6715521613500037
5.101044300621934,11.161236215773107,1.6775275684537867
5.101056811203057,11.158699805081046,1.6826003898379085
5.101069826634135,11.156660421893324,1.6866791562133514
5.1010840749498465,11.154964916144474,1.6900701677110526
5.101099329533222,11.153618516702563,1.6927629665948736
5.1011162827691034,11.152538590164601,1.694922819670797
5.101134853551286,11.151714336485234,1.696571327029531
5.101155803695059,11.151092906152,1.6978141876960002
5.101179320078087,11.15065126189212,1.6986974762157594
5.101206464507506,11.150349771676025,1.6993004566479506
5.101237986218523,11.150161269666228,1.6996774606675444
5.101275790071131,11.150054720785961,1.699890558428077
5.101322104425594,11.150005239772781,1.6999895204544373
5.101381569793347,11.149989994630825,1.7000200107383492
5.101461941010262,11.149991327133776,1.700017345732448
5.101581149816314,11.149996817095964,1.700006365808072
5.101786823904871,11.150000138957738,1.6999997220845238
5.102198172081986,11.150000471085454,1.6999990578290927
5.1030208684362135,11.150000067767062,1.6999998644658767
5.104020868436214,11.149999992388503,1.7000000152229937
5.105020868436214,11.149999997715975,1.7000000045680501
5.1060208684362145,11.149999999964544,1.7000000000709115
5.107020868436215,11.150000000049818,1.6999999999003634
5.108020868436215,11.150000000005457,1.6999999999890854
5.1090208684362155,11.149999999999348,1.7000000000013031
5.110020868436216,11.149999999999814,1.7000000000003723
5.111020868436216,11.149999999999999,1.7000000000000028
5.1120208684362165,11.150000000000004,1.6999999999999922
5.113020868436217,11.15,1.6999999999999993
5.114020868436217,11.15,1.6999999999999993
5.1150208684362175,11.15,1.6999999999999993
5.116020868436218,11.15,1.6999999999999993
5.117020868436218,11.15,1.6999999999999993
5.1180208684362185,11.15,1.6999999999999993
5.119020868436219,11.15,1.6999999999999993
5.120020868436219,11.15,1.6999999999999993
5.1210208684362195,11.15,1.6999999999999993
5.12202086843622,11.15,1.6999999999999993
5.12302086843622,11.15,1.6999999999999993
5.1240208684362205,11.15,1.6999999999999993
5.125020868436221,11.15,1.6999999999999993
5.126020868436221,11.15,1.6999999999999993
5.1270208684362215,11.15,1.6999999999999993
5.128020868436222,11.15,1.6999999999999993
5.129020868436222,11.15,1.6999999999999993
5.1300208684362225,11.15,1.6999999999999993
5.131020868436223,11.15,1.6999999999999993
5.132020868436223,11.15,1.6999999999999993
5.1330208684362235,11.15,1.6999999999999993
5.134020868436224,11.15,1.6999999999999993
5.135020868436224,11.15,1.6999999999999993
5.1360208684362245,11.15,1.6999999999999993
5.137020868436225,11.15,1.6999999999999993
5.138020868436225,11.15,1.6999999999999993
5.1390208684362255,11.15,1.6999999999999993
5.140020868436226,11.15,1.6999999999999993
5.141020868436226,11.15,1.6999999999999993
5.1420208684362265,11.15,1.6999999999999993
5.143020868436227,11.15,1.6999999999999993
5.144020868436227,11.15,1.6999999999999993
5.1450208684362275,11.15,1.6999999999999993
5.146020868436228,11.15,1.6999999999999993
5.147020868436228,11.15,1.6999999999999993
5.1480208684362285,11.15,1.6999999999999993
5.149020868436229,11.15,1.6999999999999993
5.150020868436229,11.15,1.6999999999999993
5.1510208684362295,11.15,1.6999999999999993
5.15202086843623,11.15,1.6999999999999993
5.15302086843623,11.15,1.6999999999999993
5.1540208684362305,11.15,1.6999999999999993
5.155020868436231,11.15,1.6999999999999993
5.156020868436231,11.15,1.6999999999999993
5.1570208684362315,11.15,1.6999999999999993
5.158020868436232,11.15,1.6999999999999993
5.159020868436232,11.15,1.6999999999999993
5.1600208684362325,11.15,1.6999999999999993
5.161020868436233,11.15,1.6999999999999993
5.162020868436233,11.15,1.6999999999999993
5.1630208684362335,11.15,1.6999999999999993
5.164020868436234,11.15,1.6999999999999993
5.165020868436234,11.15,1.6999999999999993
5.1660208684362345,11.15,1.6999999999999993
5.167020868436235,11.15,1.6999999999999993
5.168020868436235,11.15,1.6999999999999993
5.1690208684362355,11.15,1.6999999999999993
5.170020868436236,11.15,1.6999999999999993
5.171020868436236,11.15,1.6999999999999993
5.1720208684362365,11.15,1.6999999999999993
5.173020868436237,11.15,1.6999999999999993
5.174020868436237,11.15,1.6999999999999993
5.1750208684362375,11.15,1.6999999999999993
5.176020868436238,11.15,1.6999999999999993
5.177020868436238,11.15,1.6999999999999993
5.1780208684362385,11.15,1.6999999999999993
5.179020868436239,11.15,1.6999999999999993
5.180020868436239,11.15,1.6999999999999993
5.1810208684362395,11.15,1.6999999999999993
5.18202086843624,11.15,1.6999999999999993
5.18302086843624,11.15,1.6999999999999993
5.1840208684362405,11.15,1.6999999999999993
5.185020868436241,11.15,1.6999999999999993
5.186020868436241,11.15,1.6999999999999993
5.1870208684362415,11.15,1.6999999999999993
5.188020868436242,11.15,1.6999999999999993
5.189020868436242,11.15,1.6999999999999993
5.1900208684362426,11.15,1.6999999999999993
5.191020868436243,11.15,1.6999999999999993
5.192020868436243,11.15,1.6999999999999993
5.1930208684362436,11.15,1.6999999999999993
5.194020868436244,11.15,1.6999999999999993
5.195020868436244,11.15,1.6999999999999993
5.1960208684362446,11.15,1.6999999999999993
5.197020868436245,11.15,1.6999999999999993
5.198020868436245,11.15,1.6999999999999993
5.199020868436246,11.15,1.6999999999999993
5.200020868436246,11.15,1.6999999999999993
5.201020868436246,11.15,1.6999999999999993
5.202020868436247,11.15,1.6999999999999993
5.203020868436247,11.15,1.6999999999999993
5.204020868436247,11.15,1.6999999999999993
5.205020868436248,11.15,1.6999999999999993
5.206020868436248,11.15,1.6999999999999993
5.207020868436248,11.15,1.6999999999999993
5.208020868436249,11.15,1.6999999999999993
5.209020868436249,11.15,1.6999999999999993
5.210020868436249,11.15,1.6999999999999993
5.21102086843625,11.15,1.6999999999999993
5.21202086843625,11.15,1.6999999999999993
5.21302086843625,11.15,1.6999999999999993
5.214020868436251,11.15,1.6999999999999993
5.215020868436251,11.15,1.6999999999999993
5.216020868436251,11.15,1.6999999999999993
5.217020868436252,11.15,1.6999999999999993
5.218020868436252,11.15,1.6999999999999993
5.219020868436252,11.15,1.6999999999999993
5.220020868436253,11.15,1.6999999999999993
5.221020868436253,11.15,1.6999999999999993
5.222020868436253,11.15,1.6999999999999993
5.223020868436254,11.15,1.6999999999999993
5.224020868436254,11.15,1.6999999999999993
5.225020868436254,11.15,1.6999999999999993
5.226020868436255,11.15,1.6999999999999993
5.227020868436255,11.15,1.6999999999999993
5.228020868436255,11.15,1.6999999999999993
5.229020868436256,11.15,1.6999999999999993
5.230020868436256,11.15,1.6999999999999993
5.231020868436256,11.15,1.6999999999999993
5.232020868436257,11.15,1.6999999999999993
5.233020868436257,11.15,1.6999999999999993
5.234020868436257,11.15,1.6999999999999993
5.235020868436258,11.15,1.6999999999999993
5.236020868436258,11.15,1.6999999999999993
5.237020868436258,11.15,1.6999999999999993
5.238020868436259,11.15,1.6999999999999993
5.239020868436259,11.15,1.6999999999999993
5.240020868436259,11.15,1.6999999999999993
5.24102086843626,11.15,1.6999999999999993
5.24202086843626,11.15,1.6999999999999993
5.24302086843626,11.15,1.6999999999999993
5.244020868436261,11.15,1.6999999999999993
5.245020868436261,11.15,1.6999999999999993
5.246020868436261,11.15,1.6999999999999993
5.247020868436262,11.15,1.6999999999999993
5.248020868436262,11.15,1.6999999999999993
5.249020868436262,11.15,1.6999999999999993
5.250020868436263,11.15,1.6999999999999993
5.251020868436263,11.15,1.6999999999999993
5.252020868436263,11.15,1.6999999999999993
5.253020868436264,11.15,1.6999999999999993
5.254020868436264,11.15,1.6999999999999993
5.255020868436264,11.15,1.6999999999999993
5.256020868436265,11.15,1.6999999999999993
5.257020868436265,11.15,1.6999999999999993
5.258020868436265,11.15,1.6999999999999993
5.259020868436266,11.15,1.6999999999999993
5.260020868436266,11.15,1.6999999999999993
5.261020868436266,11.15,1.6999999999999993
5.262020868436267,11.15,1.6999999999999993
5.263020868436267,11.15,1.6999999999999993
5.264020868436267,11.15,1.6999999999999993
5.265020868436268,11.15,1.6999999999999993
5.266020868436268,11.15,1.6999999999999993
5.267020868436268,11.15,1.6999999999999993
5.268020868436269,11.15,1.6999999999999993
5.269020868436269,11.15,1.6999999999999993
5.270020868436269,11.15,1.6999999999999993
5.27102086843627,11.15,1.6999999999999993
5.27202086843627,11.15,1.6999999999999993
5.27302086843627,11.15,1.6999999999999993
5.274020868436271,11.15,1.6999999999999993
5.275020868436271,11.15,1.6999999999999993
5.276020868436271,11.15,1.6999999999999993
5.277020868436272,11.15,1.6999999999999993
5.278020868436272,11.15,1.6999999999999993
5.279020868436272,11.15,1.6999999999999993
5.280020868436273,11.15,1.6999999999999993
5.281020868436273,11.15,1.6999999999999993
5.282020868436273,11.15,1.6999999999999993
5.283020868436274,11.15,1.6999999999999993
5.284020868436274,11.15,1.6999999999999993
5.285020868436274,11.15,1.6999999999999993
5.286020868436275,11.15,1.6999999999999993
5.287020868436275,11.15,1.6999999999999993
5.288020868436275,11.15,1.6999999999999993
5.289020868436276,11.15,1.6999999999999993
5.290020868436276,11.15,1.6999999999999993
5.291020868436276,11.15,1.6999999999999993
5.292020868436277,11.15,1.6999999999999993
5.293020868436277,11.15,1.6999999999999993
5.294020868436277,11.15,1.6999999999999993
5.295020868436278,11.15,1.6999999999999993
5.296020868436278,11.15,1.6999999999999993
5.297020868436278,11.15,1.6999999999999993
5.298020868436279,11.15,1.6999999999999993
5.299020868436279,11.15,1.6999999999999993
5.300020868436279,11.15,1.6999999999999993
5.30102086843628,11.15,1.6999999999999993
5.30202086843628,11.15,1.6999999999999993
5.30302086843628,11.15,1.6999999999999993
5.304020868436281,11.15,1.6999999999999993
5.305020868436281,11.15,1.6999999999999993
5.306020868436281,11.15,1.6999999999999993
5.307020868436282,11.15,1.6999999999999993
5.308020868436282,11.15,1.6999999999999993
5.309020868436282,11.15,1.6999999999999993
5.310020868436283,11.15,1.6999999999999993
5.311020868436283,11.15,1.6999999999999993
5.312020868436283,11.15,1.6999999999999993
5.313020868436284,11.15,1.6999999999999993
5.314020868436284,11.15,1.6999999999999993
5.315020868436284,11.15,1.6999999999999993
5.316020868436285,11.15,1.6999999999999993
5.317020868436285,11.15,1.6999999999999993
5.318020868436285,11.15,1.6999999999999993
5.319020868436286,11.15,1.6999999999999993
5.320020868436286,11.15,1.6999999999999993
5.321020868436286,11.15,1.6999999999999993
5.322020868436287,11.15,1.6999999999999993
5.323020868436287,11.15,1.6999999999999993
5.324020868436287,11.15,1.6999999999999993
5.325020868436288,11.15,1.6999999999999993
5.326020868436288,11.15,1.6999999999999993
5.327020868436288,11.15,1.6999999999999993
5.328020868436289,11.15,1.6999999999999993
5.329020868436289,11.15,1.6999999999999993
5.330020868436289,11.15,1.6999999999999993
5.33102086843629,11.15,1.6999999999999993
5.33202086843629,11.15,1.6999999999999993
5.33302086843629,11.15,1.6999999999999993
5.334020868436291,11.15,1.6999999999999993
5.335020868436291,11.15,1.6999999999999993
5.336020868436291,11.15,1.6999999999999993
5.337020868436292,11.15,1.6999999999999993
5.338020868436292,11.15,1.6999999999999993
5.339020868436292,11.15,1.6999999999999993
5.340020868436293,11.15,1.6999999999999993
5.341020868436293,11.15,1.6999999999999993
5.342020868436293,11.15,1.6999999999999993
5.343020868436294,11.15,1.6999999999999993
5.344020868436294,11.15,1.6999999999999993
5.345020868436294,11.15,1.6999999999999993
5.346020868436295,11.15,1.6999999999999993
5.347020868436295,11.15,1.6999999999999993
5.348020868436295,11.15,1.6999999999999993
5.349020868436296,11.15,1.6999999999999993
5.350020868436296,11.15,1.6999999999999993
5.351020868436296,11.15,1.6999999999999993
5.352020868436297,11.15,1.6999999999999993
5.353020868436297,11.15,1.6999999999999993
5.354020868436297,11.15,1.6999999999999993
5.355020868436298,11.15,1.6999999999999993
5.356020868436298,11.15,1.6999999999999993
5.357020868436298,11.15,1.6999999999999993
5.358020868436299,11.15,1.6999999999999993
5.359020868436299,11.15,1.6999999999999993
5.360020868436299,11.15,1.6999999999999993
5.3610208684363,11.15,1.6999999999999993
5.3620208684363,11.15,1.6999999999999993
5.3630208684363,11.15,1.6999999999999993
5.364020868436301,11.15,1.6999999999999993
5.365020868436301,11.15,1.6999999999999993
5.366020868436301,11.15,1.6999999999999993
5.367020868436302,11.15,1.6999999999999993
5.368020868436302,11.15,1.6999999999999993
5.369020868436302,11.15,1.6999999999999993
5.370020868436303,11.15,1.6999999999999993
5.371020868436303,11.15,1.6999999999999993
5.372020868436303,11.15,1.6999999999999993
5.373020868436304,11.15,1.6999999999999993
5.374020868436304,11.15,1.6999999999999993
5.375020868436304,11.15,1.6999999999999993
5.376020868436305,11.15,1.6999999999999993
5.377020868436305,11.15,1.6999999999999993
5.378020868436305,11.15,1.6999999999999993
5.379020868436306,11.15,1.6999999999999993
5.380020868436306,11.15,1.6999999999999993
5.381020868436306,11.15,1.6999999999999993
5.382020868436307,11.15,1.6999999999999993
5.383020868436307,11.15,1.6999999999999993
5.384020868436307,11.15,1.6999999999999993
5.385020868436308,11.15,1.6999999999999993
5.386020868436308,11.15,1.6999999999999993
5.387020868436308,11.15,1.6999999999999993
5.388020868436309,11.15,1.6999999999999993
5.389020868436309,11.15,1.6999999999999993
5.390020868436309,11.15,1.6999999999999993
5.39102086843631,11.15,1.6999999999999993
5.39202086843631,11.15,1.6999999999999993
5.39302086843631,11.15,1.6999999999999993
5.394020868436311,11.15,1.6999999999999993
5.395020868436311,11.15,1.6999999999999993
5.396020868436311,11.15,1.6999999999999993
5.397020868436312,11.15,1.6999999999999993
5.398020868436312,11.15,1.6999999999999993
5.399020868436312,11.15,1.6999999999999993
5.400020868436313,11.15,1.6999999999999993
5.401020868436313,11.15,1.6999999999999993
5.402020868436313,11.15,1.6999999999999993
5.403020868436314,11.15,1.6999999999999993
5.404020868436314,11.15,1.6999999999999993
5.405020868436314,11.15,1.6999999999999993
5.406020868436315,11.15,1.6999999999999993
5.407020868436315,11.15,1.6999999999999993
5.408020868436315,11.15,1.6999999999999993
5.409020868436316,11.15,1.6999999999999993
5.410020868436316,11.15,1.6999999999999993
5.411020868436316,11.15,1.6999999999999993
5.412020868436317,11.15,1.6999999999999993
5.413020868436317,11.15,1.6999999999999993
5.414020868436317,11.15,1.6999999999999993
5.415020868436318,11.15,1.6999999999999993
5.416020868436318,11.15,1.6999999999999993
5.417020868436318,11.15,1.6999999999999993
5.418020868436319,11.15,1.6999999999999993
5.419020868436319,11.15,1.6999999999999993
5.420020868436319,11.15,1.6999999999999993
5.42102086843632,11.15,1.6999999999999993
5.42202086843632,11.15,1.6999999999999993
5.42302086843632,11.15,1.6999999999999993
5.424020868436321,11.15,1.6999999999999993
5.425020868436321,11.15,1.6999999999999993
5.426020868436321,11.15,1.6999999999999993
5.427020868436322,11.15,1.6999999999999993
5.428020868436322,11.15,1.6999999999999993
5.429020868436322,11.15,1.6999999999999993
5.430020868436323,11.15,1.6999999999999993
5.431020868436323,11.15,1.6999999999999993
5.432020868436323,11.15,1.6999999999999993
5.433020868436324,11.15,1.6999999999999993
5.434020868436324,11.15,1.6999999999999993
5.435020868436324,11.15,1.6999999999999993
5.436020868436325,11.15,1.6999999999999993
5.437020868436325,11.15,1.6999999999999993
5.438020868436325,11.15,1.6999999999999993
5.439020868436326,11.15,1.6999999999999993
5.440020868436326,11.15,1.6999999999999993
5.441020868436326,11.15,1.6999999999999993
5.442020868436327,11.15,1.6999999999999993
5.443020868436327,11.15,1.6999999999999993
5.444020868436327,11.15,1.6999999999999993
5.445020868436328,11.15,1.6999999999999993
5.446020868436328,11.15,1.6999999999999993
5.447020868436328,11.15,1.6999999999999993
5.448020868436329,11.15,1.6999999999999993
5.449020868436329,11.15,1.6999999999999993
5.450020868436329,11.15,1.6999999999999993
5.45102086843633,11.15,1.6999999999999993
5.45202086843633,11.15,1.6999999999999993
5.45302086843633,11.15,1.6999999999999993
5.454020868436331,11.15,1.6999999999999993
5.455020868436331,11.15,1.6999999999999993
5.456020868436331,11.15,1.6999999999999993
5.457020868436332,11.15,1.6999999999999993
5.458020868436332,11.15,1.6999999999999993
5.459020868436332,11.15,1.6999999999999993
5.460020868436333,11.15,1.6999999999999993
5.461020868436333,11.15,1.6999999999999993
5.462020868436333,11.15,1.6999999999999993
5.463020868436334,11.15,1.6999999999999993
5.464020868436334,11.15,1.6999999999999993
5.465020868436334,11.15,1.6999999999999993
5.466020868436335,11.15,1.6999999999999993
5.467020868436335,11.15,1.6999999999999993
5.468020868436335,11.15,1.6999999999999993
5.469020868436336,11.15,1.6999999999999993
5.470020868436336,11.15,1.6999999999999993
5.471020868436336,11.15,1.6999999999999993
5.472020868436337,11.15,1.6999999999999993
5.473020868436337,11.15,1.6999999999999993
5.474020868436337,11.15,1.6999999999999993
5.475020868436338,11.15,1.6999999999999993
5.476020868436338,11.15,1.6999999999999993
5.477020868436338,11.15,1.6999999999999993
5.478020868436339,11.15,1.6999999999999993
5.479020868436339,11.15,1.6999999999999993
5.480020868436339,11.15,1.6999999999999993
5.48102086843634,11.15,1.6999999999999993
5.48202086843634,11.15,1.6999999999999993
5.48302086843634,11.15,1.6999999999999993
5.484020868436341,11.15,1.6999999999999993
5.485020868436341,11.15,1.6999999999999993
5.486020868436341,11.15,1.6999999999999993
5.487020868436342,11.15,1.6999999999999993
5.488020868436342,11.15,1.6999999999999993
5.489020868436342,11.15,1.6999999999999993
5.490020868436343,11.15,1.6999999999999993
5.491020868436343,11.15,1.6999999999999993
5.492020868436343,11.15,1.6999999999999993
5.493020868436344,11.15,1.6999999999999993
5.494020868436344,11.15,1.6999999999999993
5.495020868436344,11.15,1.6999999999999993
5.496020868436345,11.15,1.6999999999999993
5.497020868436345,11.15,1.6999999999999993
5.498020868436345,11.15,1.6999999999999993
5.499020868436346,11.15,1.6999999999999993
5.500020868436346,11.15,1.6999999999999993
5.501020868436346,11.15,1.6999999999999993
5.502020868436347,11.15,1.6999999999999993
5.503020868436347,11.15,1.6999999999999993
5.504020868436347,11.15,1.6999999999999993
5.505020868436348,11.15,1.6999999999999993
5.506020868436348,11.15,1.6999999999999993
5.507020868436348,11.15,1.6999999999999993
5.508020868436349,11.15,1.6999999999999993
5.509020868436349,11.15,1.6999999999999993
5.510020868436349,11.15,1.6999999999999993
5.51102086843635,11.15,1.6999999999999993
5.51202086843635,11.15,1.6999999999999993
5.51302086843635,11.15,1.6999999999999993
5.514020868436351,11.15,1.6999999999999993
5.515020868436351,11.15,1.6999999999999993
5.516020868436351,11.15,1.6999999999999993
5.517020868436352,11.15,1.6999999999999993
5.518020868436352,11.15,1.6999999999999993
5.519020868436352,11.15,1.6999999999999993
5.520020868436353,11.15,1.6999999999999993
5.521020868436353,11.15,1.6999999999999993
5.522020868436353,11.15,1.6999999999999993
5.523020868436354,11.15,1.6999999999999993
5.524020868436354,11.15,1.6999999999999993
5.525020868436354,11.15,1.6999999999999993
5.526020868436355,11.15,1.6999999999999993
5.527020868436355,11.15,1.6999999999999993
5.528020868436355,11.15,1.6999999999999993
5.529020868436356,11.15,1.6999999999999993
5.530020868436356,11.15,1.6999999999999993
5.531020868436356,11.15,1.6999999999999993
5.532020868436357,11.15,1.6999999999999993
5.533020868436357,11.15,1.6999999999999993
5.534020868436357,11.15,1.6999999999999993
5.535020868436358,11.15,1.6999999999999993
5.536020868436358,11.15,1.6999999999999993
5.537020868436358,11.15,1.6999999999999993
5.538020868436359,11.15,1.6999999999999993
5.539020868436359,11.15,1.6999999999999993
5.540020868436359,11.15,1.6999999999999993
5.54102086843636,11.15,1.6999999999999993
5.54202086843636,11.15,1.6999999999999993
5.54302086843636,11.15,1.6999999999999993
5.544020868436361,11.15,1.6999999999999993
5.545020868436361,11.15,1.6999999999999993
5.546020868436361,11.15,1.6999999999999993
5.547020868436362,11.15,1.6999999999999993
5.548020868436362,11.15,1.6999999999999993
5.549020868436362,11.15,1.6999999999999993
5.550020868436363,11.15,1.6999999999999993
5.551020868436363,11.15,1.6999999999999993
5.552020868436363,11.15,1.6999999999999993
5.553020868436364,11.15,1.6999999999999993
5.554020868436364,11.15,1.6999999999999993
5.5550208684363644,11.15,1.6999999999999993
5.556020868436365,11.15,1.6999999999999993
5.557020868436365,11.15,1.6999999999999993
5.5580208684363654,11.15,1.6999999999999993
5.559020868436366,11.15,1.6999999999999993
5.560020868436366,11.15,1.6999999999999993
5.5610208684363664,11.15,1.6999999999999993
5.562020868436367,11.15,1.6999999999999993
5.563020868436367,11.15,1.6999999999999993
5.5640208684363675,11.15,1.6999999999999993
5.565020868436368,11.15,1.6999999999999993
5.566020868436368,11.15,1.6999999999999993
5.5670208684363685,11.15,1.6999999999999993
5.568020868436369,11.15,1.6999999999999993
5.569020868436369,11.15,1.6999999999999993
5.5700208684363695,11.15,1.6999999999999993
5.57102086843637,11.15,1.6999999999999993
5.57202086843637,11.15,1.6999999999999993
5.5730208684363705,11.15,1.6999999999999993
5.574020868436371,11.15,1.6999999999999993
5.575020868436371,11.15,1.6999999999999993
5.5760208684363715,11.15,1.6999999999999993
5.577020868436372,11.15,1.6999999999999993
5.578020868436372,11.15,1.6999999999999993
5.5790208684363725,11.15,1.6999999999999993
5.580020868436373,11.15,1.6999999999999993
5.581020868436373,11.15,1.6999999999999993
5.5820208684363735,11.15,1.6999999999999993
5.583020868436374,11.15,1.6999999999999993
5.584020868436374,11.15,1.6999999999999993
5.5850208684363745,11.15,1.6999999999999993
5.586020868436375,11.15,1.6999999999999993
5.587020868436375,11.15,1.6999999999999993
5.5880208684363755,11.15,1.6999999999999993
5.589020868436376,11.15,1.6999999999999993
5.590020868436376,11.15,1.6999999999999993
5.5910208684363765,11.15,1.6999999999999993
5.592020868436377,11.15,1.6999999999999993
5.593020868436377,11.15,1.6999999999999993
5.5940208684363775,11.15,1.6999999999999993
5.595020868436378,11.15,1.6999999999999993
5.596020868436378,11.15,1.6999999999999993
5.5970208684363785,11.15,1.6999999999999993
5.598020868436379,11.15,1.6999999999999993
5.599020868436379,11.15,1.6999999999999993
5.6000208684363795,11.15,1.6999999999999993
5.601000000000001,11.149999999999999,1.7000000000000028
5.60100092034226,11.150004574462878,1.6999908510742436
5.601002761026779,11.150024464840062,1.6999510703198766
5.601006442395815,11.150113623233523,1.6997727535329545
5.6010138051338885,11.150478129657229,1.6990437406855428
5.601026738491505,11.151631322804212,1.6967373543915762
5.601040664665593,11.153470000571845,1.6930599988563095
5.6010561940976284,11.156083380609555,1.6878332387808896
5.6010724031753,11.159285592220838,1.6814288155583235
5.601090317308451,11.163230780259104,1.673538439481792
5.6011097584868335,11.167850313317821,1.6642993733643578
5.601131833158475,11.173381487529396,1.653237024941209
5.601156675735007,11.179839458965823,1.640321082068354
5.6011856799122794,11.18756678712258,1.6248664257548384
5.601219625851711,11.196753133780643,1.6064937324387145
5.601260948475317,11.208038108647065,1.5839237827058703
5.601312335531502,11.222137669805935,1.5557246603881296
5.60137996317318,11.240729239926269,1.518541520147462
5.601474464617282,11.266721509061282,1.466556981877435
5.6016231362726545,11.307611191787798,1.3847776164244046
5.601811568136327,11.359431523905705,1.2811369521885894
5.602,11.4112502305013,1.1774995389973988
5.6020008114165565,11.4114698030182,1.1770603939636004
5.60200243424967,11.411900559501385,1.1761988809972301
5.602005679915896,11.412723316877328,1.1745533662453447
5.602012171248349,11.414221151821854,1.1715576963562917
5.602025153913254,11.416710809213312,1.1665783815733768
5.602038859426877,11.418736864880826,1.1625262702383488
5.6020545207386645,11.420467932510249,1.1590641349795021
5.6020705967335935,11.421757397381592,1.156485205236816
5.6020885752923215,11.422778461901885,1.1544430761962303
5.602107853155216,11.423526256858816,1.1529474862823683
5.602129921331341,11.424086914095865,1.1518261718082705
5.602154548886836,11.42447292655211,1.1510541468957811
5.60218346247702,11.424732345689401,1.1505353086211976
5.602217087341779,11.424887178259699,1.1502256434806029
5.60225814845662,11.424970097355084,1.1500598052898319
5.602308922420928,11.42500399224709,1.1499920155058199
5.602375778489474,11.425010885480184,1.1499782290396325
5.602468567334047,11.42500662581348,1.1499867483730384
5.602613876298025,11.425001460966461,1.1499970780670772
5.602891926763909,11.424999436061492,1.1500011278770153
5.603448027695677,11.424999715391325,1.150000569217351
5.604448027695677,11.424999993313524,1.1500000133729529
5.605448027695678,11.425000005996807,1.1499999880063854
5.606448027695678,11.425000000713341,1.1499999985733176
5.607448027695678,11.424999999926897,1.150000000146207
5.608448027695679,11.424999999976611,1.1500000000467772
5.609448027695679,11.424999999999525,1.1500000000009507
5.610448027695679,11.4250000000005,1.1499999999990003
5.61144802769568,11.425000000000058,1.149999999999885
5.61244802769568,11.424999999999994,1.1500000000000128
5.61344802769568,11.424999999999997,1.1500000000000057
5.614448027695681,11.424999999999999,1.1500000000000021
5.615448027695681,11.424999999999999,1.1500000000000021
5.616448027695681,11.424999999999999,1.1500000000000021
5.617448027695682,11.424999999999999,1.1500000000000021
5.618448027695682,11.424999999999999,1.1500000000000021
5.619448027695682,11.424999999999999,1.1500000000000021
5.620448027695683,11.424999999999999,1.1500000000000021
5.621448027695683,11.424999999999999,1.1500000000000021
5.622448027695683,11.424999999999999,1.1500000000000021
5.623448027695684,11.424999999999999,1.1500000000000021
5.624448027695684,11.424999999999999,1.1500000000000021
5.625448027695684,11.424999999999999,1.1500000000000021
5.626448027695685,11.424999999999999,1.1500000000000021
5.627448027695685,11.424999999999999,1.1500000000000021
5.628448027695685,11.424999999999999,1.1500000000000021
5.629448027695686,11.424999999999999,1.1500000000000021
5.630448027695686,11.424999999999999,1.1500000000000021
5.631448027695686,11.424999999999999,1.1500000000000021
5.632448027695687,11.424999999999999,1.1500000000000021
5.633448027695687,11.424999999999999,1.1500000000000021
5.634448027695687,11.424999999999999,1.1500000000000021
5.635448027695688,11.424999999999999,1.1500000000000021
5.636448027695688,11.424999999999999,1.1500000000000021
5.637448027695688,11.424999999999999,1.1500000000000021
5.638448027695689,11.424999999999999,1.1500000000000021
5.639448027695689,11.424999999999999,1.1500000000000021
5.640448027695689,11.424999999999999,1.1500000000000021
5.64144802769569,11.424999999999999,1.1500000000000021
5.64244802769569,11.424999999999999,1.1500000000000021
5.64344802769569,11.424999999999999,1.1500000000000021
5.644448027695691,11.424999999999999,1.1500000000000021
5.645448027695691,11.424999999999999,1.1500000000000021
5.646448027695691,11.424999999999999,1.1500000000000021
5.647448027695692,11.424999999999999,1.1500000000000021
5.648448027695692,11.424999999999999,1.1500000000000021
5.649448027695692,11.424999999999999,1.1500000000000021
5.650448027695693,11.424999999999999,1.1500000000000021
5.651448027695693,11.424999999999999,1.1500000000000021
5.652448027695693,11.424999999999999,1.1500000000000021
5.653448027695694,11.424999999999999,1.1500000000000021
5.654448027695694,11.424999999999999,1.1500000000000021
5.655448027695694,11.424999999999999,1.1500000000000021
5.656448027695695,11.424999999999999,1.1500000000000021
5.657448027695695,11.424999999999999,1.1500000000000021
5.658448027695695,11.424999999999999,1.1500000000000021
5.659448027695696,11.424999999999999,1.1500000000000021
5.660448027695696,11.424999999999999,1.1500000000000021
5.661448027695696,11.424999999999999,1.1500000000000021
5.662448027695697,11.424999999999999,1.1500000000000021
5.663448027695697,11.424999999999999,1.1500000000000021
5.664448027695697,11.424999999999999,1.1500000000000021
5.665448027695698,11.424999999999999,1.1500000000000021
5.666448027695698,11.424999999999999,1.1500000000000021
5.667448027695698,11.424999999999999,1.1500000000000021
5.668448027695699,11.424999999999999,1.1500000000000021
5.669448027695699,11.424999999999999,1.1500000000000021
5.6704480276956994,11.424999999999999,1.1500000000000021
5.6714480276957,11.424999999999999,1.1500000000000021
5.6724480276957,11.424999999999999,1.1500000000000021
5.6734480276957004,11.424999999999999,1.1500000000000021
5.674448027695701,11.424999999999999,1.1500000000000021
5.675448027695701,11.424999999999999,1.1500000000000021
5.6764480276957014,11.424999999999999,1.1500000000000021
5.677448027695702,11.424999999999999,1.1500000000000021
5.678448027695702,11.424999999999999,1.1500000000000021
5.6794480276957025,11.424999999999999,1.1500000000000021
5.680448027695703,11.424999999999999,1.1500000000000021
5.681448027695703,11.424999999999999,1.1500000000000021
5.6824480276957035,11.424999999999999,1.1500000000000021
5.683448027695704,11.424999999999999,1.1500000000000021
5.684448027695704,11.424999999999999,1.1500000000000021
5.6854480276957045,11.424999999999999,1.1500000000000021
5.686448027695705,11.424999999999999,1.1500000000000021
5.687448027695705,11.424999999999999,1.1500000000000021
5.6884480276957055,11.424999999999999,1.1500000000000021
5.689448027695706,11.424999999999999,1.1500000000000021
5.690448027695706,11.424999999999999,1.1500000000000021
5.6914480276957065,11.424999999999999,1.1500000000000021
5.692448027695707,11.424999999999999,1.1500000000000021
5.693448027695707,11.424999999999999,1.1500000000000021
5.6944480276957075,11.424999999999999,1.1500000000000021
5.695448027695708,11.424999999999999,1.1500000000000021
5.696448027695708,11.424999999999999,1.1500000000000021
5.6974480276957085,11.424999999999999,1.1500000000000021
5.698448027695709,11.424999999999999,1.1500000000000021
5.699448027695709,11.424999999999999,1.1500000000000021
5.7004480276957095,11.424999999999999,1.1500000000000021
5.70144802769571,11.424999999999999,1.1500000000000021
5.70244802769571,11.424999999999999,1.1500000000000021
5.7034480276957105,11.424999999999999,1.1500000000000021
5.704448027695711,11.424999999999999,1.1500000000000021
5.705448027695711,11.424999999999999,1.1500000000000021
5.7064480276957115,11.424999999999999,1.1500000000000021
5.707448027695712,11.424999999999999,1.1500000000000021
5.708448027695712,11.424999999999999,1.1500000000000021
5.7094480276957125,11.424999999999999,1.1500000000000021
5.710448027695713,11.424999999999999,1.1500000000000021
5.711448027695713,11.424999999999999,1.1500000000000021
5.7124480276957135,11.424999999999999,1.1500000000000021
5.713448027695714,11.424999999999999,1.1500000000000021
5.714448027695714,11.424999999999999,1.1500000000000021
5.7154480276957145,11.424999999999999,1.1500000000000021
5.716448027695715,11.424999999999999,1.1500000000000021
5.717448027695715,11.424999999999999,1.1500000000000021
5.7184480276957155,11.424999999999999,1.1500000000000021
5.719448027695716,11.424999999999999,1.1500000000000021
5.720448027695716,11.424999999999999,1.1500000000000021
5.7214480276957165,11.424999999999999,1.1500000000000021
5.722448027695717,11.424999999999999,1.1500000000000021
5.723448027695717,11.424999999999999,1.1500000000000021
5.7244480276957175,11.424999999999999,1.1500000000000021
5.725448027695718,11.424999999999999,1.1500000000000021
5.726448027695718,11.424999999999999,1.1500000000000021
5.7274480276957185,11.424999999999999,1.1500000000000021
5.728448027695719,11.424999999999999,1.1500000000000021
5.729448027695719,11.424999999999999,1.1500000000000021
5.7304480276957195,11.424999999999999,1.1500000000000021
5.73144802769572,11.424999999999999,1.1500000000000021
5.73244802769572,11.424999999999999,1.1500000000000021
5.7334480276957205,11.424999999999999,1.1500000000000021
5.734448027695721,11.424999999999999,1.1500000000000021
5.735448027695721,11.424999999999999,1.1500000000000021
5.7364480276957215,11.424999999999999,1.1500000000000021
5.737448027695722,11.424999999999999,1.1500000000000021
5.738448027695722,11.424999999999999,1.1500000000000021
5.7394480276957225,11.424999999999999,1.1500000000000021
5.740448027695723,11.424999999999999,1.1500000000000021
5.741448027695723,11.424999999999999,1.1500000000000021
5.7424480276957235,11.424999999999999,1.1500000000000021
5.743448027695724,11.424999999999999,1.1500000000000021
5.744448027695724,11.424999999999999,1.1500000000000021
5.7454480276957245,11.424999999999999,1.1500000000000021
5.746448027695725,11.424999999999999,1.1500000000000021
5.747448027695725,11.424999999999999,1.1500000000000021
5.7484480276957255,11.424999999999999,1.1500000000000021
5.749448027695726,11.424999999999999,1.1500000000000021
5.750448027695726,11.424999999999999,1.1500000000000021
5.7514480276957265,11.424999999999999,1.1500000000000021
5.752448027695727,11.424999999999999,1.1500000000000021
5.753448027695727,11.424999999999999,1.1500000000000021
5.7544480276957275,11.424999999999999,1.1500000000000021
5.755448027695728,11.424999999999999,1.1500000000000021
5.756448027695728,11.424999999999999,1.1500000000000021
5.7574480276957285,11.424999999999999,1.1500000000000021
5.758448027695729,11.424999999999999,1.1500000000000021
5.759448027695729,11.424999999999999,1.1500000000000021
5.7604480276957295,11.424999999999999,1.1500000000000021
5.76144802769573,11.424999999999999,1.1500000000000021
5.76244802769573,11.424999999999999,1.1500000000000021
5.7634480276957305,11.424999999999999,1.1500000000000021
5.764448027695731,11.424999999999999,1.1500000000000021
5.765448027695731,11.424999999999999,1.1500000000000021
5.7664480276957315,11.424999999999999,1.1500000000000021
5.767448027695732,11.424999999999999,1.1500000000000021
5.768448027695732,11.424999999999999,1.1500000000000021
5.7694480276957325,11.424999999999999,1.1500000000000021
5.770448027695733,11.424999999999999,1.1500000000000021
5.771448027695733,11.424999999999999,1.1500000000000021
5.7724480276957335,11.424999999999999,1.1500000000000021
5.773448027695734,11.424999999999999,1.1500000000000021
5.774448027695734,11.424999999999999,1.1500000000000021
5.7754480276957345,11.424999999999999,1.1500000000000021
5.776448027695735,11.424999999999999,1.1500000000000021
5.777448027695735,11.424999999999999,1.1500000000000021
5.7784480276957355,11.424999999999999,1.1500000000000021
5.779448027695736,11.424999999999999,1.1500000000000021
5.780448027695736,11.424999999999999,1.1500000000000021
5.7814480276957365,11.424999999999999,1.1500000000000021
5.782448027695737,11.424999999999999,1.1500000000000021
5.783448027695737,11.424999999999999,1.1500000000000021
5.7844480276957375,11.424999999999999,1.1500000000000021
5.785448027695738,11.424999999999999,1.1500000000000021
5.786448027695738,11.424999999999999,1.1500000000000021
5.7874480276957385,11.424999999999999,1.1500000000000021
5.788448027695739,11.424999999999999,1.1500000000000021
5.789448027695739,11.424999999999999,1.1500000000000021
5.7904480276957395,11.424999999999999,1.1500000000000021
5.79144802769574,11.424999999999999,1.1500000000000021
5.79244802769574,11.424999999999999,1.1500000000000021
5.7934480276957405,11.424999999999999,1.1500000000000021
5.794448027695741,11.424999999999999,1.1500000000000021
5.795448027695741,11.424999999999999,1.1500000000000021
5.7964480276957415,11.424999999999999,1.1500000000000021
5.797448027695742,11.424999999999999,1.1500000000000021
5.798448027695742,11.424999999999999,1.1500000000000021
5.7994480276957425,11.424999999999999,1.1500000000000021
5.800448027695743,11.424999999999999,1.1500000000000021
5.801448027695743,11.424999999999999,1.1500000000000021
5.8024480276957435,11.424999999999999,1.1500000000000021
5.803448027695744,11.424999999999999,1.1500000000000021
5.804448027695744,11.424999999999999,1.1500000000000021
5.8054480276957445,11.424999999999999,1.1500000000000021
5.806448027695745,11.424999999999999,1.1500000000000021
5.807448027695745,11.424999999999999,1.1500000000000021
5.8084480276957455,11.424999999999999,1.1500000000000021
5.809448027695746,11.424999999999999,1.1500000000000021
5.810448027695746,11.424999999999999,1.1500000000000021
5.8114480276957465,11.424999999999999,1.1500000000000021
5.812448027695747,11.424999999999999,1.1500000000000021
5.813448027695747,11.424999999999999,1.1500000000000021
5.8144480276957475,11.424999999999999,1.1500000000000021
5.815448027695748,11.424999999999999,1.1500000000000021
5.816448027695748,11.424999999999999,1.1500000000000021
5.8174480276957485,11.424999999999999,1.1500000000000021
5.818448027695749,11.424999999999999,1.1500000000000021
5.819448027695749,11.424999999999999,1.1500000000000021
5.8204480276957495,11.424999999999999,1.1500000000000021
5.82144802769575,11.424999999999999,1.1500000000000021
5.82244802769575,11.424999999999999,1.1500000000000021
5.8234480276957505,11.424999999999999,1.1500000000000021
5.824448027695751,11.424999999999999,1.1500000000000021
5.825448027695751,11.424999999999999,1.1500000000000021
5.8264480276957515,11.424999999999999,1.1500000000000021
5.827448027695752,11.424999999999999,1.1500000000000021
5.828448027695752,11.424999999999999,1.1500000000000021
5.8294480276957525,11.424999999999999,1.1500000000000021
5.830448027695753,11.424999999999999,1.1500000000000021
5.831448027695753,11.424999999999999,1.1500000000000021
5.8324480276957535,11.424999999999999,1.1500000000000021
5.833448027695754,11.424999999999999,1.1500000000000021
5.834448027695754,11.424999999999999,1.1500000000000021
5.8354480276957545,11.424999999999999,1.1500000000000021
5.836448027695755,11.424999999999999,1.1500000000000021
5.837448027695755,11.424999999999999,1.1500000000000021
5.8384480276957555,11.424999999999999,1.1500000000000021
5.839448027695756,11.424999999999999,1.1500000000000021
5.840448027695756,11.424999999999999,1.1500000000000021
5.8414480276957566,11.424999999999999,1.1500000000000021
5.842448027695757,11.424999999999999,1.1500000000000021
5.843448027695757,11.424999999999999,1.1500000000000021
5.8444480276957576,11.424999999999999,1.1500000000000021
5.845448027695758,11.424999999999999,1.1500000000000021
5.846448027695758,11.424999999999999,1.1500000000000021
5.8474480276957586,11.424999999999999,1.1500000000000021
5.848448027695759,11.424999999999999,1.1500000000000021
5.849448027695759,11.424999999999999,1.1500000000000021
5.85044802769576,11.424999999999999,1.1500000000000021
5.85144802769576,11.424999999999999,1.1500000000000021
5.85244802769576,11.424999999999999,1.1500000000000021
5.853448027695761,11.424999999999999,1.1500000000000021
5.854448027695761,11.424999999999999,1.1500000000000021
5.855448027695761,11.424999999999999,1.1500000000000021
5.856448027695762,11.424999999999999,1.1500000000000021
5.857448027695762,11.424999999999999,1.1500000000000021
5.858448027695762,11.424999999999999,1.1500000000000021
5.859448027695763,11.424999999999999,1.1500000000000021
5.860448027695763,11.424999999999999,1.1500000000000021
5.861448027695763,11.424999999999999,1.1500000000000021
5.862448027695764,11.424999999999999,1.1500000000000021
5.863448027695764,11.424999999999999,1.1500000000000021
5.864448027695764,11.424999999999999,1.1500000000000021
5.865448027695765,11.424999999999999,1.1500000000000021
5.866448027695765,11.424999999999999,1.1500000000000021
5.867448027695765,11.424999999999999,1.1500000000000021
5.868448027695766,11.424999999999999,1.1500000000000021
5.869448027695766,11.424999999999999,1.1500000000000021
5.870448027695766,11.424999999999999,1.1500000000000021
5.871448027695767,11.424999999999999,1.1500000000000021
5.872448027695767,11.424999999999999,1.1500000000000021
5.873448027695767,11.424999999999999,1.1500000000000021
5.874448027695768,11.424999999999999,1.1500000000000021
5.875448027695768,11.424999999999999,1.1500000000000021
5.876448027695768,11.424999999999999,1.1500000000000021
5.877448027695769,11.424999999999999,1.1500000000000021
5.878448027695769,11.424999999999999,1.1500000000000021
5.879448027695769,11.424999999999999,1.1500000000000021
5.88044802769577,11.424999999999999,1.1500000000000021
5.88144802769577,11.424999999999999,1.1500000000000021
5.88244802769577,11.424999999999999,1.1500000000000021
5.883448027695771,11.424999999999999,1.1500000000000021
5.884448027695771,11.424999999999999,1.1500000000000021
5.885448027695771,11.424999999999999,1.1500000000000021
5.886448027695772,11.424999999999999,1.1500000000000021
5.887448027695772,11.424999999999999,1.1500000000000021
5.888448027695772,11.424999999999999,1.1500000000000021
5.889448027695773,11.424999999999999,1.1500000000000021
5.890448027695773,11.424999999999999,1.1500000000000021
5.891448027695773,11.424999999999999,1.1500000000000021
5.892448027695774,11.424999999999999,1.1500000000000021
5.893448027695774,11.424999999999999,1.1500000000000021
5.894448027695774,11.424999999999999,1.1500000000000021
5.895448027695775,11.424999999999999,1.1500000000000021
5.896448027695775,11.424999999999999,1.1500000000000021
5.897448027695775,11.424999999999999,1.1500000000000021
5.898448027695776,11.424999999999999,1.1500000000000021
5.899448027695776,11.424999999999999,1.1500000000000021
5.900448027695776,11.424999999999999,1.1500000000000021
5.901448027695777,11.424999999999999,1.1500000000000021
5.902448027695777,11.424999999999999,1.1500000000000021
5.903448027695777,11.424999999999999,1.1500000000000021
5.904448027695778,11.424999999999999,1.1500000000000021
5.905448027695778,11.424999999999999,1.1500000000000021
5.906448027695778,11.424999999999999,1.1500000000000021
5.907448027695779,11.424999999999999,1.1500000000000021
5.908448027695779,11.424999999999999,1.1500000000000021
5.909448027695779,11.424999999999999,1.1500000000000021
5.91044802769578,11.424999999999999,1.1500000000000021
5.91144802769578,11.424999999999999,1.1500000000000021
5.91244802769578,11.424999999999999,1.1500000000000021
5.913448027695781,11.424999999999999,1.1500000000000021
5.914448027695781,11.424999999999999,1.1500000000000021
5.915448027695781,11.424999999999999,1.1500000000000021
5.916448027695782,11.424999999999999,1.1500000000000021
5.917448027695782,11.424999999999999,1.1500000000000021
5.918448027695782,11.424999999999999,1.1500000000000021
5.919448027695783,11.424999999999999,1.1500000000000021
5.920448027695783,11.424999999999999,1.1500000000000021
5.921448027695783,11.424999999999999,1.1500000000000021
5.922448027695784,11.424999999999999,1.1500000000000021
5.923448027695784,11.424999999999999,1.1500000000000021
5.924448027695784,11.424999999999999,1.1500000000000021
5.925448027695785,11.424999999999999,1.1500000000000021
5.926448027695785,11.424999999999999,1.1500000000000021
5.927448027695785,11.424999999999999,1.1500000000000021
5.928448027695786,11.424999999999999,1.1500000000000021
5.929448027695786,11.424999999999999,1.1500000000000021
5.930448027695786,11.424999999999999,1.1500000000000021
5.931448027695787,11.424999999999999,1.1500000000000021
5.932448027695787,11.424999999999999,1.1500000000000021
5.933448027695787,11.424999999999999,1.1500000000000021
5.934448027695788,11.424999999999999,1.1500000000000021
5.935448027695788,11.424999999999999,1.1500000000000021
5.936448027695788,11.424999999999999,1.1500000000000021
5.937448027695789,11.424999999999999,1.1500000000000021
5.938448027695789,11.424999999999999,1.1500000000000021
5.939448027695789,11.424999999999999,1.1500000000000021
5.94044802769579,11.424999999999999,1.1500000000000021
5.94144802769579,11.424999999999999,1.1500000000000021
5.94244802769579,11.424999999999999,1.1500000000000021
5.943448027695791,11.424999999999999,1.1500000000000021
5.944448027695791,11.424999999999999,1.1500000000000021
5.945448027695791,11.424999999999999,1.1500000000000021
5.946448027695792,11.424999999999999,1.1500000000000021
5.947448027695792,11.424999999999999,1.1500000000000021
5.948448027695792,11.424999999999999,1.1500000000000021
5.949448027695793,11.424999999999999,1.1500000000000021
5.950448027695793,11.424999999999999,1.1500000000000021
5.951448027695793,11.424999999999999,1.1500000000000021
5.952448027695794,11.424999999999999,1.1500000000000021
5.953448027695794,11.424999999999999,1.1500000000000021
5.954448027695794,11.424999999999999,1.1500000000000021
5.955448027695795,11.424999999999999,1.1500000000000021
5.956448027695795,11.424999999999999,1.1500000000000021
5.957448027695795,11.424999999999999,1.1500000000000021
5.958448027695796,11.424999999999999,1.1500000000000021
5.959448027695796,11.424999999999999,1.1500000000000021
5.960448027695796,11.424999999999999,1.1500000000000021
5.961448027695797,11.424999999999999,1.1500000000000021
5.962448027695797,11.424999999999999,1.1500000000000021
5.963448027695797,11.424999999999999,1.1500000000000021
5.964448027695798,11.424999999999999,1.1500000000000021
5.965448027695798,11.424999999999999,1.1500000000000021
5.966448027695798,11.424999999999999,1.1500000000000021
5.967448027695799,11.424999999999999,1.1500000000000021
5.968448027695799,11.424999999999999,1.1500000000000021
5.969448027695799,11.424999999999999,1.1500000000000021
5.9704480276958,11.424999999999999,1.1500000000000021
5.9714480276958,11.424999999999999,1.1500000000000021
5.9724480276958,11.424999999999999,1.1500000000000021
5.973448027695801,11.424999999999999,1.1500000000000021
5.974448027695801,11.424999999999999,1.1500000000000021
5.975448027695801,11.424999999999999,1.1500000000000021
5.976448027695802,11.424999999999999,1.1500000000000021
5.977448027695802,11.424999999999999,1.1500000000000021
5.978448027695802,11.424999999999999,1.1500000000000021
5.979448027695803,11.424999999999999,1.1500000000000021
5.980448027695803,11.424999999999999,1.1500000000000021
5.981448027695803,11.424999999999999,1.1500000000000021
5.982448027695804,11.424999999999999,1.1500000000000021
5.983448027695804,11.424999999999999,1.1500000000000021
5.984448027695804,11.424999999999999,1.1500000000000021
5.985448027695805,11.424999999999999,1.1500000000000021
5.986448027695805,11.424999999999999,1.1500000000000021
5.987448027695805,11.424999999999999,1.1500000000000021
5.988448027695806,11.424999999999999,1.1500000000000021
5.989448027695806,11.424999999999999,1.1500000000000021
5.990448027695806,11.424999999999999,1.1500000000000021
5.991448027695807,11.424999999999999,1.1500000000000021
5.992448027695807,11.424999999999999,1.1500000000000021
5.993448027695807,11.424999999999999,1.1500000000000021
5.994448027695808,11.424999999999999,1.1500000000000021
5.995448027695808,11.424999999999999,1.1500000000000021
5.996448027695808,11.424999999999999,1.1500000000000021
5.997448027695809,11.424999999999999,1.1500000000000021
5.998448027695809,11.424999999999999,1.1500000000000021
5.999448027695809,11.424999999999999,1.1500000000000021
6.00044802769581,11.424999999999999,1.1500000000000021
6.00144802769581,11.424999999999999,1.1500000000000021
6.00244802769581,11.424999999999999,1.1500000000000021
6.003448027695811,11.424999999999999,1.1500000000000021
6.004448027695811,11.424999999999999,1.1500000000000021
6.005448027695811,11.424999999999999,1.1500000000000021
6.006448027695812,11.424999999999999,1.1500000000000021
6.007448027695812,11.424999999999999,1.1500000000000021
6.008448027695812,11.424999999999999,1.1500000000000021
6.009448027695813,11.424999999999999,1.1500000000000021
6.010448027695813,11.424999999999999,1.1500000000000021
6.011448027695813,11.424999999999999,1.1500000000000021
6.012448027695814,11.424999999999999,1.1500000000000021
6.013448027695814,11.424999999999999,1.1500000000000021
6.014448027695814,11.424999999999999,1.1500000000000021
6.015448027695815,11.424999999999999,1.1500000000000021
6.016448027695815,11.424999999999999,1.1500000000000021
6.017448027695815,11.424999999999999,1.1500000000000021
6.018448027695816,11.424999999999999,1.1500000000000021
6.019448027695816,11.424999999999999,1.1500000000000021
6.020448027695816,11.424999999999999,1.1500000000000021
6.021448027695817,11.424999999999999,1.1500000000000021
6.022448027695817,11.424999999999999,1.1500000000000021
6.023448027695817,11.424999999999999,1.1500000000000021
6.024448027695818,11.424999999999999,1.1500000000000021
6.025448027695818,11.424999999999999,1.1500000000000021
6.026448027695818,11.424999999999999,1.1500000000000021
6.027448027695819,11.424999999999999,1.1500000000000021
6.028448027695819,11.424999999999999,1.1500000000000021
6.029448027695819,11.424999999999999,1.1500000000000021
6.03044802769582,11.424999999999999,1.1500000000000021
6.03144802769582,11.424999999999999,1.1500000000000021
6.03244802769582,11.424999999999999,1.1500000000000021
6.033448027695821,11.424999999999999,1.1500000000000021
6.034448027695821,11.424999999999999,1.1500000000000021
6.035448027695821,11.424999999999999,1.1500000000000021
6.036448027695822,11.424999999999999,1.1500000000000021
6.037448027695822,11.424999999999999,1.1500000000000021
6.038448027695822,11.424999999999999,1.1500000000000021
6.039448027695823,11.424999999999999,1.1500000000000021
6.040448027695823,11.424999999999999,1.1500000000000021
6.041448027695823,11.424999999999999,1.1500000000000021
6.042448027695824,11.424999999999999,1.1500000000000021
6.043448027695824,11.424999999999999,1.1500000000000021
6.044448027695824,11.424999999999999,1.1500000000000021
6.045448027695825,11.424999999999999,1.1500000000000021
6.046448027695825,11.424999999999999,1.1500000000000021
6.047448027695825,11.424999999999999,1.1500000000000021
6.048448027695826,11.424999999999999,1.1500000000000021
6.049448027695826,11.424999999999999,1.1500000000000021
6.050448027695826,11.424999999999999,1.1500000000000021
6.051448027695827,11.424999999999999,1.1500000000000021
6.052448027695827,11.424999999999999,1.1500000000000021
6.053448027695827,11.424999999999999,1.1500000000000021
6.054448027695828,11.424999999999999,1.1500000000000021
6.055448027695828,11.424999999999999,1.1500000000000021
6.056448027695828,11.424999999999999,1.1500000000000021
6.057448027695829,11.424999999999999,1.1500000000000021
6.058448027695829,11.424999999999999,1.1500000000000021
6.059448027695829,11.424999999999999,1.1500000000000021
6.06044802769583,11.424999999999999,1.1500000000000021
6.06144802769583,11.424999999999999,1.1500000000000021
6.06244802769583,11.424999999999999,1.1500000000000021
6.063448027695831,11.424999999999999,1.1500000000000021
6.064448027695831,11.424999999999999,1.1500000000000021
6.065448027695831,11.424999999999999,1.1500000000000021
6.066448027695832,11.424999999999999,1.1500000000000021
6.067448027695832,11.424999999999999,1.1500000000000021
6.068448027695832,11.424999999999999,1.1500000000000021
6.069448027695833,11.424999999999999,1.1500000000000021
6.070448027695833,11.424999999999999,1.1500000000000021
6.071448027695833,11.424999999999999,1.1500000000000021
6.072448027695834,11.424999999999999,1.1500000000000021
6.073448027695834,11.424999999999999,1.1500000000000021
6.074448027695834,11.424999999999999,1.1500000000000021
6.075448027695835,11.424999999999999,1.1500000000000021
6.076448027695835,11.424999999999999,1.1500000000000021
6.077448027695835,11.424999999999999,1.1500000000000021
6.078448027695836,11.424999999999999,1.1500000000000021
6.079448027695836,11.424999999999999,1.1500000000000021
6.080448027695836,11.424999999999999,1.1500000000000021
6.081448027695837,11.424999999999999,1.1500000000000021
6.082448027695837,11.424999999999999,1.1500000000000021
6.083448027695837,11.424999999999999,1.1500000000000021
6.084448027695838,11.424999999999999,1.1500000000000021
6.085448027695838,11.424999999999999,1.1500000000000021
6.086448027695838,11.424999999999999,1.1500000000000021
6.087448027695839,11.424999999999999,1.1500000000000021
6.088448027695839,11.424999999999999,1.1500000000000021
6.089448027695839,11.424999999999999,1.1500000000000021
6.09044802769584,11.424999999999999,1.1500000000000021
6.09144802769584,11.424999999999999,1.1500000000000021
6.09244802769584,11.424999999999999,1.1500000000000021
6.093448027695841,11.424999999999999,1.1500000000000021
6.094448027695841,11.424999999999999,1.1500000000000021
6.095448027695841,11.424999999999999,1.1500000000000021
6.096448027695842,11.424999999999999,1.1500000000000021
6.097448027695842,11.424999999999999,1.1500000000000021
6.098448027695842,11.424999999999999,1.1500000000000021
6.099448027695843,11.424999999999999,1.1500000000000021
6.100448027695843,11.424999999999999,1.1500000000000021
6.101448027695843,11.424999999999999,1.1500000000000021
6.102448027695844,11.424999999999999,1.1500000000000021
6.103448027695844,11.424999999999999,1.1500000000000021
6.104448027695844,11.424999999999999,1.1500000000000021
6.105448027695845,11.424999999999999,1.1500000000000021
6.106448027695845,11.424999999999999,1.1500000000000021
6.107448027695845,11.424999999999999,1.1500000000000021
6.108448027695846,11.424999999999999,1.1500000000000021
6.109448027695846,11.424999999999999,1.1500000000000021
6.110448027695846,11.424999999999999,1.1500000000000021
6.111448027695847,11.424999999999999,1.1500000000000021
6.112448027695847,11.424999999999999,1.1500000000000021
6.113448027695847,11.424999999999999,1.1500000000000021
6.114448027695848,11.424999999999999,1.1500000000000021
6.115448027695848,11.424999999999999,1.1500000000000021
6.116448027695848,11.424999999999999,1.1500000000000021
6.117448027695849,11.424999999999999,1.1500000000000021
6.118448027695849,11.424999999999999,1.1500000000000021
6.119448027695849,11.424999999999999,1.1500000000000021
6.12044802769585,11.424999999999999,1.1500000000000021
6.12144802769585,11.424999999999999,1.1500000000000021
6.12244802769585,11.424999999999999,1.1500000000000021
6.123448027695851,11.424999999999999,1.1500000000000021
6.124448027695851,11.424999999999999,1.1500000000000021
6.125448027695851,11.424999999999999,1.1500000000000021
6.126448027695852,11.424999999999999,1.1500000000000021
6.127448027695852,11.424999999999999,1.1500000000000021
6.128448027695852,11.424999999999999,1.1500000000000021
6.129448027695853,11.424999999999999,1.1500000000000021
6.130448027695853,11.424999999999999,1.1500000000000021
6.131448027695853,11.424999999999999,1.1500000000000021
6.132448027695854,11.424999999999999,1.1500000000000021
6.133448027695854,11.424999999999999,1.1500000000000021
6.134448027695854,11.424999999999999,1.1500000000000021
6.135448027695855,11.424999999999999,1.1500000000000021
6.136448027695855,11.424999999999999,1.1500000000000021
6.137448027695855,11.424999999999999,1.1500000000000021
6.138448027695856,11.424999999999999,1.1500000000000021
6.139448027695856,11.424999999999999,1.1500000000000021
6.140448027695856,11.424999999999999,1.1500000000000021
6.141448027695857,11.424999999999999,1.1500000000000021
6.142448027695857,11.424999999999999,1.1500000000000021
6.143448027695857,11.424999999999999,1.1500000000000021
6.144448027695858,11.424999999999999,1.1500000000000021
6.145448027695858,11.424999999999999,1.1500000000000021
6.146448027695858,11.424999999999999,1.1500000000000021
6.147448027695859,11.424999999999999,1.1500000000000021
6.148448027695859,11.424999999999999,1.1500000000000021
6.149448027695859,11.424999999999999,1.1500000000000021
6.15044802769586,11.424999999999999,1.1500000000000021
6.15144802769586,11.424999999999999,1.1500000000000021
6.15244802769586,11.424999999999999,1.1500000000000021
6.153448027695861,11.424999999999999,1.1500000000000021
6.154448027695861,11.424999999999999,1.1500000000000021
6.155448027695861,11.424999999999999,1.1500000000000021
6.156448027695862,11.424999999999999,1.1500000000000021
6.157448027695862,11.424999999999999,1.1500000000000021
6.158448027695862,11.424999999999999,1.1500000000000021
6.159448027695863,11.424999999999999,1.1500000000000021
6.160448027695863,11.424999999999999,1.1500000000000021
6.161448027695863,11.424999999999999,1.1500000000000021
6.162448027695864,11.424999999999999,1.1500000000000021
6.163448027695864,11.424999999999999,1.1500000000000021
6.164448027695864,11.424999999999999,1.1500000000000021
6.165448027695865,11.424999999999999,1.1500000000000021
6.166448027695865,11.424999999999999,1.1500000000000021
6.167448027695865,11.424999999999999,1.1500000000000021
6.168448027695866,11.424999999999999,1.1500000000000021
6.169448027695866,11.424999999999999,1.1500000000000021
6.170448027695866,11.424999999999999,1.1500000000000021
6.171448027695867,11.424999999999999,1.1500000000000021
6.172448027695867,11.424999999999999,1.1500000000000021
6.173448027695867,11.424999999999999,1.1500000000000021
6.174448027695868,11.424999999999999,1.1500000000000021
6.175448027695868,11.424999999999999,1.1500000000000021
6.176448027695868,11.424999999999999,1.1500000000000021
6.177448027695869,11.424999999999999,1.1500000000000021
6.178448027695869,11.424999999999999,1.1500000000000021
6.179448027695869,11.424999999999999,1.1500000000000021
6.18044802769587,11.424999999999999,1.1500000000000021
6.18144802769587,11.424999999999999,1.1500000000000021
6.18244802769587,11.424999999999999,1.1500000000000021
6.183448027695871,11.424999999999999,1.1500000000000021
6.184448027695871,11.424999999999999,1.1500000000000021
6.185448027695871,11.424999999999999,1.1500000000000021
6.186448027695872,11.424999999999999,1.1500000000000021
6.187448027695872,11.424999999999999,1.1500000000000021
6.188448027695872,11.424999999999999,1.1500000000000021
6.189448027695873,11.424999999999999,1.1500000000000021
6.190448027695873,11.424999999999999,1.1500000000000021
6.191448027695873,11.424999999999999,1.1500000000000021
6.192448027695874,11.424999999999999,1.1500000000000021
6.193448027695874,11.424999999999999,1.1500000000000021
6.194448027695874,11.424999999999999,1.1500000000000021
6.195448027695875,11.424999999999999,1.1500000000000021
6.196448027695875,11.424999999999999,1.1500000000000021
6.197448027695875,11.424999999999999,1.1500000000000021
6.198448027695876,11.424999999999999,1.1500000000000021
6.199448027695876,11.424999999999999,1.1500000000000021
6.200448027695876,11.424999999999999,1.1500000000000021
6.201448027695877,11.424999999999999,1.1500000000000021
6.202448027695877,11.424999999999999,1.1500000000000021
6.203448027695877,11.424999999999999,1.1500000000000021
6.204448027695878,11.424999999999999,1.1500000000000021
6.205448027695878,11.424999999999999,1.1500000000000021
6.2064480276958784,11.424999999999999,1.1500000000000021
6.207448027695879,11.424999999999999,1.1500000000000021
6.208448027695879,11.424999999999999,1.1500000000000021
6.2094480276958794,11.424999999999999,1.1500000000000021
6.21044802769588,11.424999999999999,1.1500000000000021
6.21144802769588,11.424999999999999,1.1500000000000021
6.2124480276958804,11.424999999999999,1.1500000000000021
6.213448027695881,11.424999999999999,1.1500000000000021
6.214448027695881,11.424999999999999,1.1500000000000021
6.2154480276958814,11.424999999999999,1.1500000000000021
6.216448027695882,11.424999999999999,1.1500000000000021
6.217448027695882,11.424999999999999,1.1500000000000021
6.2184480276958825,11.424999999999999,1.1500000000000021
6.219448027695883,11.424999999999999,1.1500000000000021
6.220448027695883,11.424999999999999,1.1500000000000021
6.2214480276958835,11.424999999999999,1.1500000000000021
6.222448027695884,11.424999999999999,1.1500000000000021
6.223448027695884,11.424999999999999,1.1500000000000021
6.2244480276958845,11.424999999999999,1.1500000000000021
6.225448027695885,11.424999999999999,1.1500000000000021
6.226448027695885,11.424999999999999,1.1500000000000021
6.2274480276958855,11.424999999999999,1.1500000000000021
6.228448027695886,11.424999999999999,1.1500000000000021
6.229448027695886,11.424999999999999,1.1500000000000021
6.2304480276958865,11.424999999999999,1.1500000000000021
6.231448027695887,11.424999999999999,1.1500000000000021
6.232448027695887,11.424999999999999,1.1500000000000021
6.2334480276958875,11.424999999999999,1.1500000000000021
6.234448027695888,11.424999999999999,1.1500000000000021
6.235448027695888,11.424999999999999,1.1500000000000021
6.2364480276958885,11.424999999999999,1.1500000000000021
6.237448027695889,11.424999999999999,1.1500000000000021
6.238448027695889,11.424999999999999,1.1500000000000021
6.2394480276958895,11.424999999999999,1.1500000000000021
6.24044802769589,11.424999999999999,1.1500000000000021
6.24144802769589,11.424999999999999,1.1500000000000021
6.2424480276958905,11.424999999999999,1.1500000000000021
6.243448027695891,11.424999999999999,1.1500000000000021
6.244448027695891,11.424999999999999,1.1500000000000021
6.2454480276958915,11.424999999999999,1.1500000000000021
6.246448027695892,11.424999999999999,1.1500000000000021
6.247448027695892,11.424999999999999,1.1500000000000021
6.2484480276958925,11.424999999999999,1.1500000000000021
6.249448027695893,11.424999999999999,1.1500000000000021
6.250448027695893,11.424999999999999,1.1500000000000021
6.2514480276958935,11.424999999999999,1.1500000000000021
6.252448027695894,11.424999999999999,1.1500000000000021
6.253448027695894,11.424999999999999,1.1500000000000021
6.2544480276958945,11.424999999999999,1.1500000000000021
6.255448027695895,11.424999999999999,1.1500000000000021
6.256448027695895,11.424999999999999,1.1500000000000021
6.2574480276958955,11.424999999999999,1.1500000000000021
6.258448027695896,11.424999999999999,1.1500000000000021
6.259448027695896,11.424999999999999,1.1500000000000021
6.2604480276958965,11.424999999999999,1.1500000000000021
6.261448027695897,11.424999999999999,1.1500000000000021
6.262448027695897,11.424999999999999,1.1500000000000021
6.2634480276958975,11.424999999999999,1.1500000000000021
6.264448027695898,11.424999999999999,1.1500000000000021
6.265448027695898,11.424999999999999,1.1500000000000021
6.2664480276958985,11.424999999999999,1.1500000000000021
6.267448027695899,11.424999999999999,1.1500000000000021
6.268448027695899,11.424999999999999,1.1500000000000021
6.2694480276958995,11.424999999999999,1.1500000000000021
6.2704480276959,11.424999999999999,1.1500000000000021
6.2714480276959,11.424999999999999,1.1500000000000021
6.2724480276959005,11.424999999999999,1.1500000000000021
6.273448027695901,11.424999999999999,1.1500000000000021
6.274448027695901,11.424999999999999,1.1500000000000021
6.2754480276959015,11.424999999999999,1.1500000000000021
6.276448027695902,11.424999999999999,1.1500000000000021
6.277448027695902,11.424999999999999,1.1500000000000021
6.2784480276959025,11.424999999999999,1.1500000000000021
6.279448027695903,11.424999999999999,1.1500000000000021
6.280448027695903,11.424999999999999,1.1500000000000021
6.2814480276959035,11.424999999999999,1.1500000000000021
6.282448027695904,11.424999999999999,1.1500000000000021
6.283448027695904,11.424999999999999,1.1500000000000021
6.2844480276959045,11.424999999999999,1.1500000000000021
6.285448027695905,11.424999999999999,1.1500000000000021
6.286448027695905,11.424999999999999,1.1500000000000021
6.2874480276959055,11.424999999999999,1.1500000000000021
6.288448027695906,11.424999999999999,1.1500000000000021
6.289448027695906,11.424999999999999,1.1500000000000021
6.2904480276959065,11.424999999999999,1.1500000000000021
6.291448027695907,11.424999999999999,1.1500000000000021
6.292448027695907,11.424999999999999,1.1500000000000021
6.2934480276959075,11.424999999999999,1.1500000000000021
6.294448027695908,11.424999999999999,1.1500000000000021
6.295448027695908,11.424999999999999,1.1500000000000021
6.2964480276959085,11.424999999999999,1.1500000000000021
6.297448027695909,11.424999999999999,1.1500000000000021
6.298448027695909,11.424999999999999,1.1500000000000021
6.2994480276959095,11.424999999999999,1.1500000000000021
6.30044802769591,11.424999999999999,1.1500000000000021
6.30144802769591,11.424999999999999,1.1500000000000021
6.3024480276959105,11.424999999999999,1.1500000000000021
6.303448027695911,11.424999999999999,1.1500000000000021
6.304448027695911,11.424999999999999,1.1500000000000021
6.3054480276959115,11.424999999999999,1.1500000000000021
6.306448027695912,11.424999999999999,1.1500000000000021
6.307448027695912,11.424999999999999,1.1500000000000021
6.3084480276959125,11.424999999999999,1.1500000000000021
6.309448027695913,11.424999999999999,1.1500000000000021
6.310448027695913,11.424999999999999,1.1500000000000021
6.3114480276959135,11.424999999999999,1.1500000000000021
6.312448027695914,11.424999999999999,1.1500000000000021
6.313448027695914,11.424999999999999,1.1500000000000021
6.3144480276959145,11.424999999999999,1.1500000000000021
6.315448027695915,11.424999999999999,1.1500000000000021
6.316448027695915,11.424999999999999,1.1500000000000021
6.3174480276959155,11.424999999999999,1.1500000000000021
6.318448027695916,11.424999999999999,1.1500000000000021
6.319448027695916,11.424999999999999,1.1500000000000021
6.3204480276959165,11.424999999999999,1.1500000000000021
6.321448027695917,11.424999999999999,1.1500000000000021
6.322448027695917,11.424999999999999,1.1500000000000021
6.3234480276959175,11.424999999999999,1.1500000000000021
6.324448027695918,11.424999999999999,1.1500000000000021
6.325448027695918,11.424999999999999,1.1500000000000021
6.3264480276959185,11.424999999999999,1.1500000000000021
6.327448027695919,11.424999999999999,1.1500000000000021
6.328448027695919,11.424999999999999,1.1500000000000021
6.3294480276959195,11.424999999999999,1.1500000000000021
6.33044802769592,11.424999999999999,1.1500000000000021
6.33144802769592,11.424999999999999,1.1500000000000021
6.3324480276959205,11.424999999999999,1.1500000000000021
6.333448027695921,11.424999999999999,1.1500000000000021
6.334448027695921,11.424999999999999,1.1500000000000021
6.3354480276959215,11.424999999999999,1.1500000000000021
6.336448027695922,11.424999999999999,1.1500000000000021
6.337448027695922,11.424999999999999,1.1500000000000021
6.3384480276959225,11.424999999999999,1.1500000000000021
6.339448027695923,11.424999999999999,1.1500000000000021
6.340448027695923,11.424999999999999,1.1500000000000021
6.3414480276959235,11.424999999999999,1.1500000000000021
6.342448027695924,11.424999999999999,1.1500000000000021
6.343448027695924,11.424999999999999,1.1500000000000021
6.3444480276959245,11.424999999999999,1.1500000000000021
6.345448027695925,11.424999999999999,1.1500000000000021
6.346448027695925,11.424999999999999,1.1500000000000021
6.3474480276959255,11.424999999999999,1.1500000000000021
6.348448027695926,11.424999999999999,1.1500000000000021
6.349448027695926,11.424999999999999,1.1500000000000021
6.3504480276959265,11.424999999999999,1.1500000000000021
6.351448027695927,11.424999999999999,1.1500000000000021
6.352448027695927,11.424999999999999,1.1500000000000021
6.3534480276959275,11.424999999999999,1.1500000000000021
6.354448027695928,11.424999999999999,1.1500000000000021
6.355448027695928,11.424999999999999,1.1500000000000021
6.3564480276959285,11.424999999999999,1.1500000000000021
6.357448027695929,11.424999999999999,1.1500000000000021
6.358448027695929,11.424999999999999,1.1500000000000021
6.3594480276959295,11.424999999999999,1.1500000000000021
6.36044802769593,11.424999999999999,1.1500000000000021
6.36144802769593,11.424999999999999,1.1500000000000021
6.3624480276959305,11.424999999999999,1.1500000000000021
6.363448027695931,11.424999999999999,1.1500000000000021
6.364448027695931,11.424999999999999,1.1500000000000021
6.3654480276959315,11.424999999999999,1.1500000000000021
6.366448027695932,11.424999999999999,1.1500000000000021
6.367448027695932,11.424999999999999,1.1500000000000021
6.3684480276959325,11.424999999999999,1.1500000000000021
6.369448027695933,11.424999999999999,1.1500000000000021
6.370448027695933,11.424999999999999,1.1500000000000021
6.3714480276959335,11.424999999999999,1.1500000000000021
6.372448027695934,11.424999999999999,1.1500000000000021
6.373448027695934,11.424999999999999,1.1500000000000021
6.3744480276959345,11.424999999999999,1.1500000000000021
6.375448027695935,11.424999999999999,1.1500000000000021
6.376448027695935,11.424999999999999,1.1500000000000021
6.3774480276959356,11.424999999999999,1.1500000000000021
6.378448027695936,11.424999999999999,1.1500000000000021
6.379448027695936,11.424999999999999,1.1500000000000021
6.3804480276959366,11.424999999999999,1.1500000000000021
6.381448027695937,11.424999999999999,1.1500000000000021
6.382448027695937,11.424999999999999,1.1500000000000021
6.3834480276959376,11.424999999999999,1.1500000000000021
6.384448027695938,11.424999999999999,1.1500000000000021
6.385448027695938,11.424999999999999,1.1500000000000021
6.386448027695939,11.424999999999999,1.1500000000000021
6.387448027695939,11.424999999999999,1.1500000000000021
6.388448027695939,11.424999999999999,1.1500000000000021
6.38944802769594,11.424999999999999,1.1500000000000021
6.39044802769594,11.424999999999999,1.1500000000000021
6.39144802769594,11.424999999999999,1.1500000000000021
6.392448027695941,11.424999999999999,1.1500000000000021
6.393448027695941,11.424999999999999,1.1500000000000021
6.394448027695941,11.424999999999999,1.1500000000000021
6.395448027695942,11.424999999999999,1.1500000000000021
6.396448027695942,11.424999999999999,1.1500000000000021
6.397448027695942,11.424999999999999,1.1500000000000021
6.398448027695943,11.424999999999999,1.1500000000000021
6.399448027695943,11.424999999999999,1.1500000000000021
6.400448027695943,11.424999999999999,1.1500000000000021
6.401448027695944,11.424999999999999,1.1500000000000021
6.402448027695944,11.424999999999999,1.1500000000000021
6.403448027695944,11.424999999999999,1.1500000000000021
6.404448027695945,11.424999999999999,1.1500000000000021
6.405448027695945,11.424999999999999,1.1500000000000021
6.406448027695945,11.424999999999999,1.1500000000000021
6.407448027695946,11.424999999999999,1.1500000000000021
6.408448027695946,11.424999999999999,1.1500000000000021
6.409448027695946,11.424999999999999,1.1500000000000021
6.410448027695947,11.424999999999999,1.1500000000000021
6.411448027695947,11.424999999999999,1.1500000000000021
6.412448027695947,11.424999999999999,1.1500000000000021
6.413448027695948,11.424999999999999,1.1500000000000021
6.414448027695948,11.424999999999999,1.1500000000000021
6.415448027695948,11.424999999999999,1.1500000000000021
6.416448027695949,11.424999999999999,1.1500000000000021
6.417448027695949,11.424999999999999,1.1500000000000021
6.418448027695949,11.424999999999999,1.1500000000000021
6.41944802769595,11.424999999999999,1.1500000000000021
6.42044802769595,11.424999999999999,1.1500000000000021
6.42144802769595,11.424999999999999,1.1500000000000021
6.422448027695951,11.424999999999999,1.1500000000000021
6.423448027695951,11.424999999999999,1.1500000000000021
6.424448027695951,11.424999999999999,1.1500000000000021
6.425448027695952,11.424999999999999,1.1500000000000021
6.426448027695952,11.424999999999999,1.1500000000000021
6.427448027695952,11.424999999999999,1.1500000000000021
6.428448027695953,11.424999999999999,1.1500000000000021
6.429448027695953,11.424999999999999,1.1500000000000021
6.430448027695953,11.424999999999999,1.1500000000000021
6.431448027695954,11.424999999999999,1.1500000000000021
6.432448027695954,11.424999999999999,1.1500000000000021
6.433448027695954,11.424999999999999,1.1500000000000021
6.434448027695955,11.424999999999999,1.1500000000000021
6.435448027695955,11.424999999999999,1.1500000000000021
6.436448027695955,11.424999999999999,1.1500000000000021
6.437448027695956,11.424999999999999,1.1500000000000021
6.438448027695956,11.424999999999999,1.1500000000000021
6.439448027695956,11.424999999999999,1.1500000000000021
6.440448027695957,11.424999999999999,1.1500000000000021
6.441448027695957,11.424999999999999,1.1500000000000021
6.442448027695957,11.424999999999999,1.1500000000000021
6.443448027695958,11.424999999999999,1.1500000000000021
6.444448027695958,11.424999999999999,1.1500000000000021
6.445448027695958,11.424999999999999,1.1500000000000021
6.446448027695959,11.424999999999999,1.1500000000000021
6.447448027695959,11.424999999999999,1.1500000000000021
6.448448027695959,11.424999999999999,1.1500000000000021
6.44944802769596,11.424999999999999,1.1500000000000021
6.45044802769596,11.424999999999999,1.1500000000000021
6.45144802769596,11.424999999999999,1.1500000000000021
6.452448027695961,11.424999999999999,1.1500000000000021
6.453448027695961,11.424999999999999,1.1500000000000021
6.454448027695961,11.424999999999999,1.1500000000000021
6.455448027695962,11.424999999999999,1.1500000000000021
6.456448027695962,11.424999999999999,1.1500000000000021
6.457448027695962,11.424999999999999,1.1500000000000021
6.458448027695963,11.424999999999999,1.1500000000000021
6.459448027695963,11.424999999999999,1.1500000000000021
6.460448027695963,11.424999999999999,1.1500000000000021
6.461448027695964,11.424999999999999,1.1500000000000021
6.462448027695964,11.424999999999999,1.1500000000000021
6.463448027695964,11.424999999999999,1.1500000000000021
6.464448027695965,11.424999999999999,1.1500000000000021
6.465448027695965,11.424999999999999,1.1500000000000021
6.466448027695965,11.424999999999999,1.1500000000000021
6.467448027695966,11.424999999999999,1.1500000000000021
6.468448027695966,11.424999999999999,1.1500000000000021
6.469448027695966,11.424999999999999,1.1500000000000021
6.470448027695967,11.424999999999999,1.1500000000000021
6.471448027695967,11.424999999999999,1.1500000000000021
6.472448027695967,11.424999999999999,1.1500000000000021
6.473448027695968,11.424999999999999,1.1500000000000021
6.474448027695968,11.424999999999999,1.1500000000000021
6.475448027695968,11.424999999999999,1.1500000000000021
6.476448027695969,11.424999999999999,1.1500000000000021
6.477448027695969,11.424999999999999,1.1500000000000021
6.478448027695969,11.424999999999999,1.1500000000000021
6.47944802769597,11.424999999999999,1.1500000000000021
6.48044802769597,11.424999999999999,1.1500000000000021
6.48144802769597,11.424999999999999,1.1500000000000021
6.482448027695971,11.424999999999999,1.1500000000000021
6.483448027695971,11.424999999999999,1.1500000000000021
6.484448027695971,11.424999999999999,1.1500000000000021
6.485448027695972,11.424999999999999,1.1500000000000021
6.486448027695972,11.424999999999999,1.1500000000000021
6.487448027695972,11.424999999999999,1.1500000000000021
6.488448027695973,11.424999999999999,1.1500000000000021
6.489448027695973,11.424999999999999,1.1500000000000021
6.490448027695973,11.424999999999999,1.1500000000000021
6.491448027695974,11.424999999999999,1.1500000000000021
6.492448027695974,11.424999999999999,1.1500000000000021
6.493448027695974,11.424999999999999,1.1500000000000021
6.494448027695975,11.424999999999999,1.1500000000000021
6.495448027695975,11.424999999999999,1.1500000000000021
6.496448027695975,11.424999999999999,1.1500000000000021
6.497448027695976,11.424999999999999,1.1500000000000021
6.498448027695976,11.424999999999999,1.1500000000000021
6.499448027695976,11.424999999999999,1.1500000000000021
6.500448027695977,11.424999999999999,1.1500000000000021
6.501448027695977,11.424999999999999,1.1500000000000021
6.502448027695977,11.424999999999999,1.1500000000000021
6.503448027695978,11.424999999999999,1.1500000000000021
6.504448027695978,11.424999999999999,1.1500000000000021
6.505448027695978,11.424999999999999,1.1500000000000021
6.506448027695979,11.424999999999999,1.1500000000000021
6.507448027695979,11.424999999999999,1.1500000000000021
6.508448027695979,11.424999999999999,1.1500000000000021
6.50944802769598,11.424999999999999,1.1500000000000021
6.51044802769598,11.424999999999999,1.1500000000000021
6.51144802769598,11.424999999999999,1.1500000000000021
6.512448027695981,11.424999999999999,1.1500000000000021
6.513448027695981,11.424999999999999,1.1500000000000021
6.514448027695981,11.424999999999999,1.1500000000000021
6.515448027695982,11.424999999999999,1.1500000000000021
6.516448027695982,11.424999999999999,1.1500000000000021
6.517448027695982,11.424999999999999,1.1500000000000021
6.518448027695983,11.424999999999999,1.1500000000000021
6.519448027695983,11.424999999999999,1.1500000000000021
6.520448027695983,11.424999999999999,1.1500000000000021
6.521448027695984,11.424999999999999,1.1500000000000021
6.522448027695984,11.424999999999999,1.1500000000000021
6.523448027695984,11.424999999999999,1.1500000000000021
6.524448027695985,11.424999999999999,1.1500000000000021
6.525448027695985,11.424999999999999,1.1500000000000021
6.526448027695985,11.424999999999999,1.1500000000000021
6.527448027695986,11.424999999999999,1.1500000000000021
6.528448027695986,11.424999999999999,1.1500000000000021
6.529448027695986,11.424999999999999,1.1500000000000021
6.530448027695987,11.424999999999999,1.1500000000000021
6.531448027695987,11.424999999999999,1.1500000000000021
6.532448027695987,11.424999999999999,1.1500000000000021
6.533448027695988,11.424999999999999,1.1500000000000021
6.534448027695988,11.424999999999999,1.1500000000000021
6.535448027695988,11.424999999999999,1.1500000000000021
6.536448027695989,11.424999999999999,1.1500000000000021
6.537448027695989,11.424999999999999,1.1500000000000021
6.538448027695989,11.424999999999999,1.1500000000000021
6.53944802769599,11.424999999999999,1.1500000000000021
6.54044802769599,11.424999999999999,1.1500000000000021
6.54144802769599,11.424999999999999,1.1500000000000021
6.542448027695991,11.424999999999999,1.1500000000000021
6.543448027695991,11.424999999999999,1.1500000000000021
6.544448027695991,11.424999999999999,1.1500000000000021
6.545448027695992,11.424999999999999,1.1500000000000021
6.546448027695992,11.424999999999999,1.1500000000000021
6.547448027695992,11.424999999999999,1.1500000000000021
6.548448027695993,11.424999999999999,1.1500000000000021
6.549448027695993,11.424999999999999,1.1500000000000021
6.550448027695993,11.424999999999999,1.1500000000000021
6.551448027695994,11.424999999999999,1.1500000000000021
6.552448027695994,11.424999999999999,1.1500000000000021
6.553448027695994,11.424999999999999,1.1500000000000021
6.554448027695995,11.424999999999999,1.1500000000000021
6.555448027695995,11.424999999999999,1.1500000000000021
6.556448027695995,11.424999999999999,1.1500000000000021
6.557448027695996,11.424999999999999,1.1500000000000021
6.558448027695996,11.424999999999999,1.1500000000000021
6.559448027695996,11.424999999999999,1.1500000000000021
6.560448027695997,11.424999999999999,1.1500000000000021
6.561448027695997,11.424999999999999,1.1500000000000021
6.562448027695997,11.424999999999999,1.1500000000000021
6.563448027695998,11.424999999999999,1.1500000000000021
6.564448027695998,11.424999999999999,1.1500000000000021
6.565448027695998,11.424999999999999,1.1500000000000021
6.566448027695999,11.424999999999999,1.1500000000000021
6.567448027695999,11.424999999999999,1.1500000000000021
6.568448027695999,11.424999999999999,1.1500000000000021
6.569448027696,11.424999999999999,1.1500000000000021
6.570448027696,11.424999999999999,1.1500000000000021
6.571448027696,11.424999999999999,1.1500000000000021
6.572448027696001,11.424999999999999,1.1500000000000021
6.573448027696001,11.424999999999999,1.1500000000000021
6.574448027696001,11.424999999999999,1.1500000000000021
6.575448027696002,11.424999999999999,1.1500000000000021
6.576448027696002,11.424999999999999,1.1500000000000021
6.577448027696002,11.424999999999999,1.1500000000000021
6.578448027696003,11.424999999999999,1.1500000000000021
6.579448027696003,11.424999999999999,1.1500000000000021
6.580448027696003,11.424999999999999,1.1500000000000021
6.581448027696004,11.424999999999999,1.1500000000000021
6.582448027696004,11.424999999999999,1.1500000000000021
6.583448027696004,11.424999999999999,1.1500000000000021
6.584448027696005,11.424999999999999,1.1500000000000021
6.585448027696005,11.424999999999999,1.1500000000000021
6.586448027696005,11.424999999999999,1.1500000000000021
6.587448027696006,11.424999999999999,1.1500000000000021
6.588448027696006,11.424999999999999,1.1500000000000021
6.589448027696006,11.424999999999999,1.1500000000000021
6.590448027696007,11.424999999999999,1.1500000000000021
6.591448027696007,11.424999999999999,1.1500000000000021
6.592448027696007,11.424999999999999,1.1500000000000021
6.593448027696008,11.424999999999999,1.1500000000000021
6.594448027696008,11.424999999999999,1.1500000000000021
6.595448027696008,11.424999999999999,1.1500000000000021
6.596448027696009,11.424999999999999,1.1500000000000021
6.597448027696009,11.424999999999999,1.1500000000000021
6.598448027696009,11.424999999999999,1.1500000000000021
6.59944802769601,11.424999999999999,1.1500000000000021
6.60044802769601,11.424999999999999,1.1500000000000021
6.60144802769601,11.424999999999999,1.1500000000000021
6.602448027696011,11.424999999999999,1.1500000000000021
6.603448027696011,11.424999999999999,1.1500000000000021
6.604448027696011,11.424999999999999,1.1500000000000021
6.605448027696012,11.424999999999999,1.1500000000000021
6.606448027696012,11.424999999999999,1.1500000000000021
6.607448027696012,11.424999999999999,1.1500000000000021
6.608448027696013,11.424999999999999,1.1500000000000021
6.609448027696013,11.424999999999999,1.1500000000000021
6.610448027696013,11.424999999999999,1.1500000000000021
6.611448027696014,11.424999999999999,1.1500000000000021
6.612448027696014,11.424999999999999,1.1500000000000021
6.613448027696014,11.424999999999999,1.1500000000000021
6.614448027696015,11.424999999999999,1.1500000000000021
6.615448027696015,11.424999999999999,1.1500000000000021
6.616448027696015,11.424999999999999,1.1500000000000021
6.617448027696016,11.424999999999999,1.1500000000000021
6.618448027696016,11.424999999999999,1.1500000000000021
6.619448027696016,11.424999999999999,1.1500000000000021
6.620448027696017,11.424999999999999,1.1500000000000021
6.621448027696017,11.424999999999999,1.1500000000000021
6.622448027696017,11.424999999999999,1.1500000000000021
6.623448027696018,11.424999999999999,1.1500000000000021
6.624448027696018,11.424999999999999,1.1500000000000021
6.625448027696018,11.424999999999999,1.1500000000000021
6.626448027696019,11.424999999999999,1.1500000000000021
6.627448027696019,11.424999999999999,1.1500000000000021
6.628448027696019,11.424999999999999,1.1500000000000021
6.62944802769602,11.424999999999999,1.1500000000000021
6.63044802769602,11.424999999999999,1.1500000000000021
6.63144802769602,11.424999999999999,1.1500000000000021
6.632448027696021,11.424999999999999,1.1500000000000021
6.633448027696021,11.424999999999999,1.1500000000000021
6.634448027696021,11.424999999999999,1.1500000000000021
6.635448027696022,11.424999999999999,1.1500000000000021
6.636448027696022,11.424999999999999,1.1500000000000021
6.637448027696022,11.424999999999999,1.1500000000000021
6.638448027696023,11.424999999999999,1.1500000000000021
6.639448027696023,11.424999999999999,1.1500000000000021
6.640448027696023,11.424999999999999,1.1500000000000021
6.641448027696024,11.424999999999999,1.1500000000000021
6.642448027696024,11.424999999999999,1.1500000000000021
6.643448027696024,11.424999999999999,1.1500000000000021
6.644448027696025,11.424999999999999,1.1500000000000021
6.645448027696025,11.424999999999999,1.1500000000000021
6.646448027696025,11.424999999999999,1.1500000000000021
6.647448027696026,11.424999999999999,1.1500000000000021
6.648448027696026,11.424999999999999,1.1500000000000021
6.649448027696026,11.424999999999999,1.1500000000000021
6.650448027696027,11.424999999999999,1.1500000000000021
6.651448027696027,11.424999999999999,1.1500000000000021
6.652448027696027,11.424999999999999,1.1500000000000021
6.653448027696028,11.424999999999999,1.1500000000000021
6.654448027696028,11.424999999999999,1.1500000000000021
6.655448027696028,11.424999999999999,1.1500000000000021
6.656448027696029,11.424999999999999,1.1500000000000021
6.657448027696029,11.424999999999999,1.1500000000000021
6.658448027696029,11.424999999999999,1.1500000000000021
6.65944802769603,11.424999999999999,1.1500000000000021
6.66044802769603,11.424999999999999,1.1500000000000021
6.66144802769603,11.424999999999999,1.1500000000000021
6.662448027696031,11.424999999999999,1.1500000000000021
6.663448027696031,11.424999999999999,1.1500000000000021
6.664448027696031,11.424999999999999,1.1500000000000021
6.665448027696032,11.424999999999999,1.1500000000000021
6.666448027696032,11.424999999999999,1.1500000000000021
6.667448027696032,11.424999999999999,1.1500000000000021
6.668448027696033,11.424999999999999,1.1500000000000021
6.669448027696033,11.424999999999999,1.1500000000000021
6.670448027696033,11.424999999999999,1.1500000000000021
6.671448027696034,11.424999999999999,1.1500000000000021
6.672448027696034,11.424999999999999,1.1500000000000021
6.673448027696034,11.424999999999999,1.1500000000000021
6.674448027696035,11.424999999999999,1.1500000000000021
6.675448027696035,11.424999999999999,1.1500000000000021
6.676448027696035,11.424999999999999,1.1500000000000021
6.677448027696036,11.424999999999999,1.1500000000000021
6.678448027696036,11.424999999999999,1.1500000000000021
6.679448027696036,11.424999999999999,1.1500000000000021
6.680448027696037,11.424999999999999,1.1500000000000021
6.681448027696037,11.424999999999999,1.1500000000000021
6.682448027696037,11.424999999999999,1.1500000000000021
6.683448027696038,11.424999999999999,1.1500000000000021
6.684448027696038,11.424999999999999,1.1500000000000021
6.685448027696038,11.424999999999999,1.1500000000000021
6.686448027696039,11.424999999999999,1.1500000000000021
6.687448027696039,11.424999999999999,1.1500000000000021
6.688448027696039,11.424999999999999,1.1500000000000021
6.68944802769604,11.424999999999999,1.1500000000000021
6.69044802769604,11.424999999999999,1.1500000000000021
6.69144802769604,11.424999999999999,1.1500000000000021
6.692448027696041,11.424999999999999,1.1500000000000021
6.693448027696041,11.424999999999999,1.1500000000000021
6.694448027696041,11.424999999999999,1.1500000000000021
6.695448027696042,11.424999999999999,1.1500000000000021
6.696448027696042,11.424999999999999,1.1500000000000021
6.697448027696042,11.424999999999999,1.1500000000000021
6.698448027696043,11.424999999999999,1.1500000000000021
6.699448027696043,11.424999999999999,1.1500000000000021
6.700448027696043,11.424999999999999,1.1500000000000021
6.701448027696044,11.424999999999999,1.1500000000000021
6.702448027696044,11.424999999999999,1.1500000000000021
6.703448027696044,11.424999999999999,1.1500000000000021
6.704448027696045,11.424999999999999,1.1500000000000021
6.705448027696045,11.424999999999999,1.1500000000000021
6.706448027696045,11.424999999999999,1.1500000000000021
6.707448027696046,11.424999999999999,1.1500000000000021
6.708448027696046,11.424999999999999,1.1500000000000021
6.709448027696046,11.424999999999999,1.1500000000000021
6.710448027696047,11.424999999999999,1.1500000000000021
6.711448027696047,11.424999999999999,1.1500000000000021
6.712448027696047,11.424999999999999,1.1500000000000021
6.713448027696048,11.424999999999999,1.1500000000000021
6.714448027696048,11.424999999999999,1.1500000000000021
6.715448027696048,11.424999999999999,1.1500000000000021
6.716448027696049,11.424999999999999,1.1500000000000021
6.717448027696049,11.424999999999999,1.1500000000000021
6.718448027696049,11.424999999999999,1.1500000000000021
6.71944802769605,11.424999999999999,1.1500000000000021
6.72044802769605,11.424999999999999,1.1500000000000021
6.72144802769605,11.424999999999999,1.1500000000000021
6.722448027696051,11.424999999999999,1.1500000000000021
6.723448027696051,11.424999999999999,1.1500000000000021
6.724448027696051,11.424999999999999,1.1500000000000021
6.725448027696052,11.424999999999999,1.1500000000000021
6.726448027696052,11.424999999999999,1.1500000000000021
6.727448027696052,11.424999999999999,1.1500000000000021
6.728448027696053,11.424999999999999,1.1500000000000021
6.729448027696053,11.424999999999999,1.1500000000000021
6.730448027696053,11.424999999999999,1.1500000000000021
6.731448027696054,11.424999999999999,1.1500000000000021
6.732448027696054,11.424999999999999,1.1500000000000021
6.733448027696054,11.424999999999999,1.1500000000000021
6.734448027696055,11.424999999999999,1.1500000000000021
6.735448027696055,11.424999999999999,1.1500000000000021
6.736448027696055,11.424999999999999,1.1500000000000021
6.737448027696056,11.424999999999999,1.1500000000000021
6.738448027696056,11.424999999999999,1.1500000000000021
6.739448027696056,11.424999999999999,1.1500000000000021
6.740448027696057,11.424999999999999,1.1500000000000021
6.741448027696057,11.424999999999999,1.1500000000000021
6.7424480276960574,11.424999999999999,1.1500000000000021
6.743448027696058,11.424999999999999,1.1500000000000021
6.744448027696058,11.424999999999999,1.1500000000000021
6.7454480276960584,11.424999999999999,1.1500000000000021
6.746448027696059,11.424999999999999,1.1500000000000021
6.747448027696059,11.424999999999999,1.1500000000000021
6.7484480276960594,11.424999999999999,1.1500000000000021
6.74944802769606,11.424999999999999,1.1500000000000021
6.75044802769606,11.424999999999999,1.1500000000000021
6.7514480276960604,11.424999999999999,1.1500000000000021
6.752448027696061,11.424999999999999,1.1500000000000021
6.753448027696061,11.424999999999999,1.1500000000000021
6.7544480276960615,11.424999999999999,1.1500000000000021
6.755448027696062,11.424999999999999,1.1500000000000021
6.756448027696062,11.424999999999999,1.1500000000000021
6.7574480276960625,11.424999999999999,1.1500000000000021
6.758448027696063,11.424999999999999,1.1500000000000021
6.759448027696063,11.424999999999999,1.1500000000000021
6.7604480276960635,11.424999999999999,1.1500000000000021
6.761448027696064,11.424999999999999,1.1500000000000021
6.762448027696064,11.424999999999999,1.1500000000000021
6.7634480276960645,11.424999999999999,1.1500000000000021
6.764448027696065,11.424999999999999,1.1500000000000021
6.765448027696065,11.424999999999999,1.1500000000000021
6.7664480276960655,11.424999999999999,1.1500000000000021
6.767448027696066,11.424999999999999,1.1500000000000021
6.768448027696066,11.424999999999999,1.1500000000000021
6.7694480276960665,11.424999999999999,1.1500000000000021
6.770448027696067,11.424999999999999,1.1500000000000021
6.771448027696067,11.424999999999999,1.1500000000000021
6.7724480276960675,11.424999999999999,1.1500000000000021
6.773448027696068,11.424999999999999,1.1500000000000021
6.774448027696068,11.424999999999999,1.1500000000000021
6.7754480276960685,11.424999999999999,1.1500000000000021
6.776448027696069,11.424999999999999,1.1500000000000021
6.777448027696069,11.424999999999999,1.1500000000000021
6.7784480276960695,11.424999999999999,1.1500000000000021
6.77944802769607,11.424999999999999,1.1500000000000021
6.78044802769607,11.424999999999999,1.1500000000000021
6.7814480276960705,11.424999999999999,1.1500000000000021
6.782448027696071,11.424999999999999,1.1500000000000021
6.783448027696071,11.424999999999999,1.1500000000000021
6.7844480276960715,11.424999999999999,1.1500000000000021
6.785448027696072,11.424999999999999,1.1500000000000021
6.786448027696072,11.424999999999999,1.1500000000000021
6.7874480276960725,11.424999999999999,1.1500000000000021
6.788448027696073,11.424999999999999,1.1500000000000021
6.789448027696073,11.424999999999999,1.1500000000000021
6.7904480276960735,11.424999999999999,1.1500000000000021
6.791448027696074,11.424999999999999,1.1500000000000021
6.792448027696074,11.424999999999999,1.1500000000000021
6.7934480276960745,11.424999999999999,1.1500000000000021
6.794448027696075,11.424999999999999,1.1500000000000021
6.795448027696075,11.424999999999999,1.1500000000000021
6.7964480276960755,11.424999999999999,1.1500000000000021
6.797448027696076,11.424999999999999,1.1500000000000021
6.798448027696076,11.424999999999999,1.1500000000000021
6.7994480276960765,11.424999999999999,1.1500000000000021
6.800448027696077,11.424999999999999,1.1500000000000021
6.801448027696077,11.424999999999999,1.1500000000000021
6.8024480276960775,11.424999999999999,1.1500000000000021
6.803448027696078,11.424999999999999,1.1500000000000021
6.804448027696078,11.424999999999999,1.1500000000000021
6.8054480276960785,11.424999999999999,1.1500000000000021
6.806448027696079,11.424999999999999,1.1500000000000021
6.807448027696079,11.424999999999999,1.1500000000000021
6.8084480276960795,11.424999999999999,1.1500000000000021
6.80944802769608,11.424999999999999,1.1500000000000021
6.81044802769608,11.424999999999999,1.1500000000000021
6.8114480276960805,11.424999999999999,1.1500000000000021
6.812448027696081,11.424999999999999,1.1500000000000021
6.813448027696081,11.424999999999999,1.1500000000000021
6.8144480276960815,11.424999999999999,1.1500000000000021
6.815448027696082,11.424999999999999,1.1500000000000021
6.816448027696082,11.424999999999999,1.1500000000000021
6.8174480276960825,11.424999999999999,1.1500000000000021
6.818448027696083,11.424999999999999,1.1500000000000021
6.819448027696083,11.424999999999999,1.1500000000000021
6.8204480276960835,11.424999999999999,1.1500000000000021
6.821448027696084,11.424999999999999,1.1500000000000021
6.822448027696084,11.424999999999999,1.1500000000000021
6.8234480276960845,11.424999999999999,1.1500000000000021
6.824448027696085,11.424999999999999,1.1500000000000021
6.825448027696085,11.424999999999999,1.1500000000000021
6.8264480276960855,11.424999999999999,1.1500000000000021
6.827448027696086,11.424999999999999,1.1500000000000021
6.828448027696086,11.424999999999999,1.1500000000000021
6.8294480276960865,11.424999999999999,1.1500000000000021
6.830448027696087,11.424999999999999,1.1500000000000021
6.831448027696087,11.424999999999999,1.1500000000000021
6.8324480276960875,11.424999999999999,1.1500000000000021
6.833448027696088,11.424999999999999,1.1500000000000021
6.834448027696088,11.424999999999999,1.1500000000000021
6.8354480276960885,11.424999999999999,1.1500000000000021
6.836448027696089,11.424999999999999,1.1500000000000021
6.837448027696089,11.424999999999999,1.1500000000000021
6.8384480276960895,11.424999999999999,1.1500000000000021
6.83944802769609,11.424999999999999,1.1500000000000021
6.84044802769609,11.424999999999999,1.1500000000000021
6.8414480276960905,11.424999999999999,1.1500000000000021
6.842448027696091,11.424999999999999,1.1500000000000021
6.843448027696091,11.424999999999999,1.1500000000000021
6.8444480276960915,11.424999999999999,1.1500000000000021
6.845448027696092,11.424999999999999,1.1500000000000021
6.846448027696092,11.424999999999999,1.1500000000000021
6.8474480276960925,11.424999999999999,1.1500000000000021
6.848448027696093,11.424999999999999,1.1500000000000021
6.849448027696093,11.424999999999999,1.1500000000000021
6.8504480276960935,11.424999999999999,1.1500000000000021
6.851448027696094,11.424999999999999,1.1500000000000021
6.852448027696094,11.424999999999999,1.1500000000000021
6.8534480276960945,11.424999999999999,1.1500000000000021
6.854448027696095,11.424999999999999,1.1500000000000021
6.855448027696095,11.424999999999999,1.1500000000000021
6.8564480276960955,11.424999999999999,1.1500000000000021
6.857448027696096,11.424999999999999,1.1500000000000021
6.858448027696096,11.424999999999999,1.1500000000000021
6.8594480276960965,11.424999999999999,1.1500000000000021
6.860448027696097,11.424999999999999,1.1500000000000021
6.861448027696097,11.424999999999999,1.1500000000000021
6.8624480276960975,11.424999999999999,1.1500000000000021
6.863448027696098,11.424999999999999,1.1500000000000021
6.864448027696098,11.424999999999999,1.1500000000000021
6.8654480276960985,11.424999999999999,1.1500000000000021
6.866448027696099,11.424999999999999,1.1500000000000021
6.867448027696099,11.424999999999999,1.1500000000000021
6.8684480276960995,11.424999999999999,1.1500000000000021
6.8694480276961,11.424999999999999,1.1500000000000021
6.8704480276961,11.424999999999999,1.1500000000000021
6.8714480276961005,11.424999999999999,1.1500000000000021
6.872448027696101,11.424999999999999,1.1500000000000021
6.873448027696101,11.424999999999999,1.1500000000000021
6.8744480276961015,11.424999999999999,1.1500000000000021
6.875448027696102,11.424999999999999,1.1500000000000021
6.876448027696102,11.424999999999999,1.1500000000000021
6.8774480276961025,11.424999999999999,1.1500000000000021
6.878448027696103,11.424999999999999,1.1500000000000021
6.879448027696103,11.424999999999999,1.1500000000000021
6.8804480276961035,11.424999999999999,1.1500000000000021
6.881448027696104,11.424999999999999,1.1500000000000021
6.882448027696104,11.424999999999999,1.1500000000000021
6.8834480276961045,11.424999999999999,1.1500000000000021
6.884448027696105,11.424999999999999,1.1500000000000021
6.885448027696105,11.424999999999999,1.1500000000000021
6.8864480276961055,11.424999999999999,1.1500000000000021
6.887448027696106,11.424999999999999,1.1500000000000021
6.888448027696106,11.424999999999999,1.1500000000000021
6.8894480276961065,11.424999999999999,1.1500000000000021
6.890448027696107,11.424999999999999,1.1500000000000021
6.891448027696107,11.424999999999999,1.1500000000000021
6.8924480276961075,11.424999999999999,1.1500000000000021
6.893448027696108,11.424999999999999,1.1500000000000021
6.894448027696108,11.424999999999999,1.1500000000000021
6.8954480276961085,11.424999999999999,1.1500000000000021
6.896448027696109,11.424999999999999,1.1500000000000021
6.897448027696109,11.424999999999999,1.1500000000000021
6.8984480276961095,11.424999999999999,1.1500000000000021
6.89944802769611,11.424999999999999,1.1500000000000021
6.90044802769611,11.424999999999999,1.1500000000000021
6.9014480276961105,11.424999999999999,1.1500000000000021
6.902448027696111,11.424999999999999,1.1500000000000021
6.903448027696111,11.424999999999999,1.1500000000000021
6.9044480276961115,11.424999999999999,1.1500000000000021
6.905448027696112,11.424999999999999,1.1500000000000021
6.906448027696112,11.424999999999999,1.1500000000000021
6.9074480276961125,11.424999999999999,1.1500000000000021
6.908448027696113,11.424999999999999,1.1500000000000021
6.909448027696113,11.424999999999999,1.1500000000000021
6.9104480276961135,11.424999999999999,1.1500000000000021
6.911448027696114,11.424999999999999,1.1500000000000021
6.912448027696114,11.424999999999999,1.1500000000000021
6.9134480276961146,11.424999999999999,1.1500000000000021
6.914448027696115,11.424999999999999,1.1500000000000021
6.915448027696115,11.424999999999999,1.1500000000000021
6.9164480276961156,11.424999999999999,1.1500000000000021
6.917448027696116,11.424999999999999,1.1500000000000021
6.918448027696116,11.424999999999999,1.1500000000000021
6.9194480276961166,11.424999999999999,1.1500000000000021
6.920448027696117,11.424999999999999,1.1500000000000021
6.921448027696117,11.424999999999999,1.1500000000000021
6.922448027696118,11.424999999999999,1.1500000000000021
6.923448027696118,11.424999999999999,1.1500000000000021
6.924448027696118,11.424999999999999,1.1500000000000021
6.925448027696119,11.424999999999999,1.1500000000000021
6.926448027696119,11.424999999999999,1.1500000000000021
6.927448027696119,11.424999999999999,1.1500000000000021
6.92844802769612,11.424999999999999,1.1500000000000021
6.92944802769612,11.424999999999999,1.1500000000000021
6.93044802769612,11.424999999999999,1.1500000000000021
6.931448027696121,11.424999999999999,1.1500000000000021
6.932448027696121,11.424999999999999,1.1500000000000021
6.933448027696121,11.424999999999999,1.1500000000000021
6.934448027696122,11.424999999999999,1.1500000000000021
6.935448027696122,11.424999999999999,1.1500000000000021
6.936448027696122,11.424999999999999,1.1500000000000021
6.937448027696123,11.424999999999999,1.1500000000000021
6.938448027696123,11.424999999999999,1.1500000000000021
6.939448027696123,11.424999999999999,1.1500000000000021
6.940448027696124,11.424999999999999,1.1500000000000021
6.941448027696124,11.424999999999999,1.1500000000000021
6.942448027696124,11.424999999999999,1.1500000000000021
6.943448027696125,11.424999999999999,1.1500000000000021
6.944448027696125,11.424999999999999,1.1500000000000021
6.945448027696125,11.424999999999999,1.1500000000000021
6.946448027696126,11.424999999999999,1.1500000000000021
6.947448027696126,11.424999999999999,1.1500000000000021
6.948448027696126,11.424999999999999,1.1500000000000021
6.949448027696127,11.424999999999999,1.1500000000000021
6.950448027696127,11.424999999999999,1.1500000000000021
6.951448027696127,11.424999999999999,1.1500000000000021
6.952448027696128,11.424999999999999,1.1500000000000021
6.953448027696128,11.424999999999999,1.1500000000000021
6.954448027696128,11.424999999999999,1.1500000000000021
6.955448027696129,11.424999999999999,1.1500000000000021
6.956448027696129,11.424999999999999,1.1500000000000021
6.957448027696129,11.424999999999999,1.1500000000000021
6.95844802769613,11.424999999999999,1.1500000000000021
6.95944802769613,11.424999999999999,1.1500000000000021
6.96044802769613,11.424999999999999,1.1500000000000021
6.961448027696131,11.424999999999999,1.1500000000000021
6.962448027696131,11.424999999999999,1.1500000000000021
6.963448027696131,11.424999999999999,1.1500000000000021
6.964448027696132,11.424999999999999,1.1500000000000021
6.965448027696132,11.424999999999999,1.1500000000000021
6.966448027696132,11.424999999999999,1.1500000000000021
6.967448027696133,11.424999999999999,1.1500000000000021
6.968448027696133,11.424999999999999,1.1500000000000021
6.969448027696133,11.424999999999999,1.1500000000000021
6.970448027696134,11.424999999999999,1.1500000000000021
6.971448027696134,11.424999999999999,1.1500000000000021
6.972448027696134,11.424999999999999,1.1500000000000021
6.973448027696135,11.424999999999999,1.1500000000000021
6.974448027696135,11.424999999999999,1.1500000000000021
6.975448027696135,11.424999999999999,1.1500000000000021
6.976448027696136,11.424999999999999,1.1500000000000021
6.977448027696136,11.424999999999999,1.1500000000000021
6.978448027696136,11.424999999999999,1.1500000000000021
6.979448027696137,11.424999999999999,1.1500000000000021
6.980448027696137,11.424999999999999,1.1500000000000021
6.981448027696137,11.424999999999999,1.1500000000000021
6.982448027696138,11.424999999999999,1.1500000000000021
6.983448027696138,11.424999999999999,1.1500000000000021
6.984448027696138,11.424999999999999,1.1500000000000021
6.985448027696139,11.424999999999999,1.1500000000000021
6.986448027696139,11.424999999999999,1.1500000000000021
6.987448027696139,11.424999999999999,1.1500000000000021
6.98844802769614,11.424999999999999,1.1500000000000021
6.98944802769614,11.424999999999999,1.1500000000000021
6.99044802769614,11.424999999999999,1.1500000000000021
6.991448027696141,11.424999999999999,1.1500000000000021
6.992448027696141,11.424999999999999,1.1500000000000021
6.993448027696141,11.424999999999999,1.1500000000000021
6.994448027696142,11.424999999999999,1.1500000000000021
6.995448027696142,11.424999999999999,1.1500000000000021
6.996448027696142,11.424999999999999,1.1500000000000021
6.997448027696143,11.424999999999999,1.1500000000000021
6.998448027696143,11.424999999999999,1.1500000000000021
6.999224013848071,11.424999999999999,1.1500000000000021
7.0,11.425,1.1499999999999986
