source_V,lumped_path_ohm,assumed_limit_A,assumed_fan_start_A,assumed_aux_A,fans,stagger_s,peak_demand_A,running_A,peak_bus_V_if_not_limited,steady_bus_V,optimistic_100uF_hold_up_to_10_8V_s,classification
11.4,0.1,2.0,0.55,0.05,1,0,0.6000000000000001,0.6000000000000001,11.34,11.34,,within_provisional_envelope
11.4,0.1,2.0,0.55,0.05,1,5,0.6000000000000001,0.6000000000000001,11.34,11.34,,within_provisional_envelope
11.4,0.1,2.0,0.55,0.05,2,0,1.1500000000000001,1.1500000000000001,11.285,11.285,,within_provisional_envelope
11.4,0.1,2.0,0.55,0.05,2,5,1.1500000000000001,1.1500000000000001,11.285,11.285,,within_provisional_envelope
11.4,0.1,2.0,0.55,0.1,1,0,0.65,0.65,11.335,11.335,,within_provisional_envelope
11.4,0.1,2.0,0.55,0.1,1,5,0.65,0.65,11.335,11.335,,within_provisional_envelope
11.4,0.1,2.0,0.55,0.1,2,0,1.2000000000000002,1.2000000000000002,11.280000000000001,11.280000000000001,,within_provisional_envelope
11.4,0.1,2.0,0.55,0.1,2,5,1.2000000000000002,1.2000000000000002,11.280000000000001,11.280000000000001,,within_provisional_envelope
11.4,0.1,2.0,1.1,0.05,1,0,1.1500000000000001,0.6000000000000001,11.285,11.34,,within_provisional_envelope
11.4,0.1,2.0,1.1,0.05,1,5,1.1500000000000001,0.6000000000000001,11.285,11.34,,within_provisional_envelope
11.4,0.1,2.0,1.1,0.05,2,0,2.25,1.1500000000000001,,11.285,0.00023999999999999987,current_capacity_exceeded
11.4,0.1,2.0,1.1,0.05,2,5,1.7000000000000002,1.1500000000000001,11.23,11.285,,within_provisional_envelope
11.4,0.1,2.0,1.1,0.1,1,0,1.2000000000000002,0.65,11.280000000000001,11.335,,within_provisional_envelope
11.4,0.1,2.0,1.1,0.1,1,5,1.2000000000000002,0.65,11.280000000000001,11.335,,within_provisional_envelope
11.4,0.1,2.0,1.1,0.1,2,0,2.3000000000000003,1.2000000000000002,,11.280000000000001,0.0001999999999999997,current_capacity_exceeded
11.4,0.1,2.0,1.1,0.1,2,5,1.7500000000000002,1.2000000000000002,11.225,11.280000000000001,,within_provisional_envelope
11.4,0.1,2.0,1.65,0.05,1,0,1.7,0.6000000000000001,11.23,11.34,,within_provisional_envelope
11.4,0.1,2.0,1.65,0.05,1,5,1.7,0.6000000000000001,11.23,11.34,,within_provisional_envelope
11.4,0.1,2.0,1.65,0.05,2,0,3.3499999999999996,1.1500000000000001,,11.285,4.444444444444443e-05,current_capacity_exceeded
11.4,0.1,2.0,1.65,0.05,2,5,2.25,1.1500000000000001,,11.285,0.00023999999999999987,current_capacity_exceeded
11.4,0.1,2.0,1.65,0.1,1,0,1.75,0.65,11.225,11.335,,within_provisional_envelope
11.4,0.1,2.0,1.65,0.1,1,5,1.75,0.65,11.225,11.335,,within_provisional_envelope
11.4,0.1,2.0,1.65,0.1,2,0,3.4,1.2000000000000002,,11.280000000000001,4.2857142857142836e-05,current_capacity_exceeded
11.4,0.1,2.0,1.65,0.1,2,5,2.3000000000000003,1.2000000000000002,,11.280000000000001,0.0001999999999999997,current_capacity_exceeded
11.4,0.1,3.0,0.55,0.05,1,0,0.6000000000000001,0.6000000000000001,11.34,11.34,,within_provisional_envelope
11.4,0.1,3.0,0.55,0.05,1,5,0.6000000000000001,0.6000000000000001,11.34,11.34,,within_provisional_envelope
11.4,0.1,3.0,0.55,0.05,2,0,1.1500000000000001,1.1500000000000001,11.285,11.285,,within_provisional_envelope
11.4,0.1,3.0,0.55,0.05,2,5,1.1500000000000001,1.1500000000000001,11.285,11.285,,within_provisional_envelope
11.4,0.1,3.0,0.55,0.1,1,0,0.65,0.65,11.335,11.335,,within_provisional_envelope
11.4,0.1,3.0,0.55,0.1,1,5,0.65,0.65,11.335,11.335,,within_provisional_envelope
11.4,0.1,3.0,0.55,0.1,2,0,1.2000000000000002,1.2000000000000002,11.280000000000001,11.280000000000001,,within_provisional_envelope
11.4,0.1,3.0,0.55,0.1,2,5,1.2000000000000002,1.2000000000000002,11.280000000000001,11.280000000000001,,within_provisional_envelope
11.4,0.1,3.0,1.1,0.05,1,0,1.1500000000000001,0.6000000000000001,11.285,11.34,,within_provisional_envelope
11.4,0.1,3.0,1.1,0.05,1,5,1.1500000000000001,0.6000000000000001,11.285,11.34,,within_provisional_envelope
11.4,0.1,3.0,1.1,0.05,2,0,2.25,1.1500000000000001,11.175,11.285,,within_provisional_envelope
11.4,0.1,3.0,1.1,0.05,2,5,1.7000000000000002,1.1500000000000001,11.23,11.285,,within_provisional_envelope
11.4,0.1,3.0,1.1,0.1,1,0,1.2000000000000002,0.65,11.280000000000001,11.335,,within_provisional_envelope
11.4,0.1,3.0,1.1,0.1,1,5,1.2000000000000002,0.65,11.280000000000001,11.335,,within_provisional_envelope
11.4,0.1,3.0,1.1,0.1,2,0,2.3000000000000003,1.2000000000000002,11.17,11.280000000000001,,within_provisional_envelope
11.4,0.1,3.0,1.1,0.1,2,5,1.7500000000000002,1.2000000000000002,11.225,11.280000000000001,,within_provisional_envelope
11.4,0.1,3.0,1.65,0.05,1,0,1.7,0.6000000000000001,11.23,11.34,,within_provisional_envelope
11.4,0.1,3.0,1.65,0.05,1,5,1.7,0.6000000000000001,11.23,11.34,,within_provisional_envelope
11.4,0.1,3.0,1.65,0.05,2,0,3.3499999999999996,1.1500000000000001,,11.285,0.0001714285714285715,current_capacity_exceeded
11.4,0.1,3.0,1.65,0.05,2,5,2.25,1.1500000000000001,11.175,11.285,,within_provisional_envelope
11.4,0.1,3.0,1.65,0.1,1,0,1.75,0.65,11.225,11.335,,within_provisional_envelope
11.4,0.1,3.0,1.65,0.1,1,5,1.75,0.65,11.225,11.335,,within_provisional_envelope
11.4,0.1,3.0,1.65,0.1,2,0,3.4,1.2000000000000002,,11.280000000000001,0.00014999999999999996,current_capacity_exceeded
11.4,0.1,3.0,1.65,0.1,2,5,2.3000000000000003,1.2000000000000002,11.17,11.280000000000001,,within_provisional_envelope
11.4,0.1,4.0,0.55,0.05,1,0,0.6000000000000001,0.6000000000000001,11.34,11.34,,within_provisional_envelope
11.4,0.1,4.0,0.55,0.05,1,5,0.6000000000000001,0.6000000000000001,11.34,11.34,,within_provisional_envelope
11.4,0.1,4.0,0.55,0.05,2,0,1.1500000000000001,1.1500000000000001,11.285,11.285,,within_provisional_envelope
11.4,0.1,4.0,0.55,0.05,2,5,1.1500000000000001,1.1500000000000001,11.285,11.285,,within_provisional_envelope
11.4,0.1,4.0,0.55,0.1,1,0,0.65,0.65,11.335,11.335,,within_provisional_envelope
11.4,0.1,4.0,0.55,0.1,1,5,0.65,0.65,11.335,11.335,,within_provisional_envelope
11.4,0.1,4.0,0.55,0.1,2,0,1.2000000000000002,1.2000000000000002,11.280000000000001,11.280000000000001,,within_provisional_envelope
11.4,0.1,4.0,0.55,0.1,2,5,1.2000000000000002,1.2000000000000002,11.280000000000001,11.280000000000001,,within_provisional_envelope
11.4,0.1,4.0,1.1,0.05,1,0,1.1500000000000001,0.6000000000000001,11.285,11.34,,within_provisional_envelope
11.4,0.1,4.0,1.1,0.05,1,5,1.1500000000000001,0.6000000000000001,11.285,11.34,,within_provisional_envelope
11.4,0.1,4.0,1.1,0.05,2,0,2.25,1.1500000000000001,11.175,11.285,,within_provisional_envelope
11.4,0.1,4.0,1.1,0.05,2,5,1.7000000000000002,1.1500000000000001,11.23,11.285,,within_provisional_envelope
11.4,0.1,4.0,1.1,0.1,1,0,1.2000000000000002,0.65,11.280000000000001,11.335,,within_provisional_envelope
11.4,0.1,4.0,1.1,0.1,1,5,1.2000000000000002,0.65,11.280000000000001,11.335,,within_provisional_envelope
11.4,0.1,4.0,1.1,0.1,2,0,2.3000000000000003,1.2000000000000002,11.17,11.280000000000001,,within_provisional_envelope
11.4,0.1,4.0,1.1,0.1,2,5,1.7500000000000002,1.2000000000000002,11.225,11.280000000000001,,within_provisional_envelope
11.4,0.1,4.0,1.65,0.05,1,0,1.7,0.6000000000000001,11.23,11.34,,within_provisional_envelope
11.4,0.1,4.0,1.65,0.05,1,5,1.7,0.6000000000000001,11.23,11.34,,within_provisional_envelope
11.4,0.1,4.0,1.65,0.05,2,0,3.3499999999999996,1.1500000000000001,11.065000000000001,11.285,,within_provisional_envelope
11.4,0.1,4.0,1.65,0.05,2,5,2.25,1.1500000000000001,11.175,11.285,,within_provisional_envelope
11.4,0.1,4.0,1.65,0.1,1,0,1.75,0.65,11.225,11.335,,within_provisional_envelope
11.4,0.1,4.0,1.65,0.1,1,5,1.75,0.65,11.225,11.335,,within_provisional_envelope
11.4,0.1,4.0,1.65,0.1,2,0,3.4,1.2000000000000002,11.06,11.280000000000001,,within_provisional_envelope
11.4,0.1,4.0,1.65,0.1,2,5,2.3000000000000003,1.2000000000000002,11.17,11.280000000000001,,within_provisional_envelope
11.4,0.25,2.0,0.55,0.05,1,0,0.6000000000000001,0.6000000000000001,11.25,11.25,,within_provisional_envelope
11.4,0.25,2.0,0.55,0.05,1,5,0.6000000000000001,0.6000000000000001,11.25,11.25,,within_provisional_envelope
11.4,0.25,2.0,0.55,0.05,2,0,1.1500000000000001,1.1500000000000001,11.1125,11.1125,,within_provisional_envelope
11.4,0.25,2.0,0.55,0.05,2,5,1.1500000000000001,1.1500000000000001,11.1125,11.1125,,within_provisional_envelope
11.4,0.25,2.0,0.55,0.1,1,0,0.65,0.65,11.2375,11.2375,,within_provisional_envelope
11.4,0.25,2.0,0.55,0.1,1,5,0.65,0.65,11.2375,11.2375,,within_provisional_envelope
11.4,0.25,2.0,0.55,0.1,2,0,1.2000000000000002,1.2000000000000002,11.1,11.1,,within_provisional_envelope
11.4,0.25,2.0,0.55,0.1,2,5,1.2000000000000002,1.2000000000000002,11.1,11.1,,within_provisional_envelope
11.4,0.25,2.0,1.1,0.05,1,0,1.1500000000000001,0.6000000000000001,11.1125,11.25,,within_provisional_envelope
11.4,0.25,2.0,1.1,0.05,1,5,1.1500000000000001,0.6000000000000001,11.1125,11.25,,within_provisional_envelope
11.4,0.25,2.0,1.1,0.05,2,0,2.25,1.1500000000000001,,11.1125,0.00023999999999999987,current_capacity_exceeded
11.4,0.25,2.0,1.1,0.05,2,5,1.7000000000000002,1.1500000000000001,10.975,11.1125,,within_provisional_envelope
11.4,0.25,2.0,1.1,0.1,1,0,1.2000000000000002,0.65,11.1,11.2375,,within_provisional_envelope
11.4,0.25,2.0,1.1,0.1,1,5,1.2000000000000002,0.65,11.1,11.2375,,within_provisional_envelope
11.4,0.25,2.0,1.1,0.1,2,0,2.3000000000000003,1.2000000000000002,,11.1,0.0001999999999999997,current_capacity_exceeded
11.4,0.25,2.0,1.1,0.1,2,5,1.7500000000000002,1.2000000000000002,10.9625,11.1,,within_provisional_envelope
11.4,0.25,2.0,1.65,0.05,1,0,1.7,0.6000000000000001,10.975,11.25,,within_provisional_envelope
11.4,0.25,2.0,1.65,0.05,1,5,1.7,0.6000000000000001,10.975,11.25,,within_provisional_envelope
11.4,0.25,2.0,1.65,0.05,2,0,3.3499999999999996,1.1500000000000001,,11.1125,4.444444444444443e-05,current_capacity_exceeded
11.4,0.25,2.0,1.65,0.05,2,5,2.25,1.1500000000000001,,11.1125,0.00023999999999999987,current_capacity_exceeded
11.4,0.25,2.0,1.65,0.1,1,0,1.75,0.65,10.9625,11.2375,,within_provisional_envelope
11.4,0.25,2.0,1.65,0.1,1,5,1.75,0.65,10.9625,11.2375,,within_provisional_envelope
11.4,0.25,2.0,1.65,0.1,2,0,3.4,1.2000000000000002,,11.1,4.2857142857142836e-05,current_capacity_exceeded
11.4,0.25,2.0,1.65,0.1,2,5,2.3000000000000003,1.2000000000000002,,11.1,0.0001999999999999997,current_capacity_exceeded
11.4,0.25,3.0,0.55,0.05,1,0,0.6000000000000001,0.6000000000000001,11.25,11.25,,within_provisional_envelope
11.4,0.25,3.0,0.55,0.05,1,5,0.6000000000000001,0.6000000000000001,11.25,11.25,,within_provisional_envelope
11.4,0.25,3.0,0.55,0.05,2,0,1.1500000000000001,1.1500000000000001,11.1125,11.1125,,within_provisional_envelope
11.4,0.25,3.0,0.55,0.05,2,5,1.1500000000000001,1.1500000000000001,11.1125,11.1125,,within_provisional_envelope
11.4,0.25,3.0,0.55,0.1,1,0,0.65,0.65,11.2375,11.2375,,within_provisional_envelope
11.4,0.25,3.0,0.55,0.1,1,5,0.65,0.65,11.2375,11.2375,,within_provisional_envelope
11.4,0.25,3.0,0.55,0.1,2,0,1.2000000000000002,1.2000000000000002,11.1,11.1,,within_provisional_envelope
11.4,0.25,3.0,0.55,0.1,2,5,1.2000000000000002,1.2000000000000002,11.1,11.1,,within_provisional_envelope
11.4,0.25,3.0,1.1,0.05,1,0,1.1500000000000001,0.6000000000000001,11.1125,11.25,,within_provisional_envelope
11.4,0.25,3.0,1.1,0.05,1,5,1.1500000000000001,0.6000000000000001,11.1125,11.25,,within_provisional_envelope
11.4,0.25,3.0,1.1,0.05,2,0,2.25,1.1500000000000001,10.8375,11.1125,,within_provisional_envelope
11.4,0.25,3.0,1.1,0.05,2,5,1.7000000000000002,1.1500000000000001,10.975,11.1125,,within_provisional_envelope
11.4,0.25,3.0,1.1,0.1,1,0,1.2000000000000002,0.65,11.1,11.2375,,within_provisional_envelope
11.4,0.25,3.0,1.1,0.1,1,5,1.2000000000000002,0.65,11.1,11.2375,,within_provisional_envelope
11.4,0.25,3.0,1.1,0.1,2,0,2.3000000000000003,1.2000000000000002,10.825000000000001,11.1,,within_provisional_envelope
11.4,0.25,3.0,1.1,0.1,2,5,1.7500000000000002,1.2000000000000002,10.9625,11.1,,within_provisional_envelope
11.4,0.25,3.0,1.65,0.05,1,0,1.7,0.6000000000000001,10.975,11.25,,within_provisional_envelope
11.4,0.25,3.0,1.65,0.05,1,5,1.7,0.6000000000000001,10.975,11.25,,within_provisional_envelope
11.4,0.25,3.0,1.65,0.05,2,0,3.3499999999999996,1.1500000000000001,,11.1125,0.0001714285714285715,current_capacity_exceeded
11.4,0.25,3.0,1.65,0.05,2,5,2.25,1.1500000000000001,10.8375,11.1125,,within_provisional_envelope
11.4,0.25,3.0,1.65,0.1,1,0,1.75,0.65,10.9625,11.2375,,within_provisional_envelope
11.4,0.25,3.0,1.65,0.1,1,5,1.75,0.65,10.9625,11.2375,,within_provisional_envelope
11.4,0.25,3.0,1.65,0.1,2,0,3.4,1.2000000000000002,,11.1,0.00014999999999999996,current_capacity_exceeded
11.4,0.25,3.0,1.65,0.1,2,5,2.3000000000000003,1.2000000000000002,10.825000000000001,11.1,,within_provisional_envelope
11.4,0.25,4.0,0.55,0.05,1,0,0.6000000000000001,0.6000000000000001,11.25,11.25,,within_provisional_envelope
11.4,0.25,4.0,0.55,0.05,1,5,0.6000000000000001,0.6000000000000001,11.25,11.25,,within_provisional_envelope
11.4,0.25,4.0,0.55,0.05,2,0,1.1500000000000001,1.1500000000000001,11.1125,11.1125,,within_provisional_envelope
11.4,0.25,4.0,0.55,0.05,2,5,1.1500000000000001,1.1500000000000001,11.1125,11.1125,,within_provisional_envelope
11.4,0.25,4.0,0.55,0.1,1,0,0.65,0.65,11.2375,11.2375,,within_provisional_envelope
11.4,0.25,4.0,0.55,0.1,1,5,0.65,0.65,11.2375,11.2375,,within_provisional_envelope
11.4,0.25,4.0,0.55,0.1,2,0,1.2000000000000002,1.2000000000000002,11.1,11.1,,within_provisional_envelope
11.4,0.25,4.0,0.55,0.1,2,5,1.2000000000000002,1.2000000000000002,11.1,11.1,,within_provisional_envelope
11.4,0.25,4.0,1.1,0.05,1,0,1.1500000000000001,0.6000000000000001,11.1125,11.25,,within_provisional_envelope
11.4,0.25,4.0,1.1,0.05,1,5,1.1500000000000001,0.6000000000000001,11.1125,11.25,,within_provisional_envelope
11.4,0.25,4.0,1.1,0.05,2,0,2.25,1.1500000000000001,10.8375,11.1125,,within_provisional_envelope
11.4,0.25,4.0,1.1,0.05,2,5,1.7000000000000002,1.1500000000000001,10.975,11.1125,,within_provisional_envelope
11.4,0.25,4.0,1.1,0.1,1,0,1.2000000000000002,0.65,11.1,11.2375,,within_provisional_envelope
11.4,0.25,4.0,1.1,0.1,1,5,1.2000000000000002,0.65,11.1,11.2375,,within_provisional_envelope
11.4,0.25,4.0,1.1,0.1,2,0,2.3000000000000003,1.2000000000000002,10.825000000000001,11.1,,within_provisional_envelope
11.4,0.25,4.0,1.1,0.1,2,5,1.7500000000000002,1.2000000000000002,10.9625,11.1,,within_provisional_envelope
11.4,0.25,4.0,1.65,0.05,1,0,1.7,0.6000000000000001,10.975,11.25,,within_provisional_envelope
11.4,0.25,4.0,1.65,0.05,1,5,1.7,0.6000000000000001,10.975,11.25,,within_provisional_envelope
11.4,0.25,4.0,1.65,0.05,2,0,3.3499999999999996,1.1500000000000001,10.5625,11.1125,,below_provisional_10.8V_target
11.4,0.25,4.0,1.65,0.05,2,5,2.25,1.1500000000000001,10.8375,11.1125,,within_provisional_envelope
11.4,0.25,4.0,1.65,0.1,1,0,1.75,0.65,10.9625,11.2375,,within_provisional_envelope
11.4,0.25,4.0,1.65,0.1,1,5,1.75,0.65,10.9625,11.2375,,within_provisional_envelope
11.4,0.25,4.0,1.65,0.1,2,0,3.4,1.2000000000000002,10.55,11.1,,below_provisional_10.8V_target
11.4,0.25,4.0,1.65,0.1,2,5,2.3000000000000003,1.2000000000000002,10.825000000000001,11.1,,within_provisional_envelope
11.4,0.5,2.0,0.55,0.05,1,0,0.6000000000000001,0.6000000000000001,11.1,11.1,,within_provisional_envelope
11.4,0.5,2.0,0.55,0.05,1,5,0.6000000000000001,0.6000000000000001,11.1,11.1,,within_provisional_envelope
11.4,0.5,2.0,0.55,0.05,2,0,1.1500000000000001,1.1500000000000001,10.825000000000001,10.825000000000001,,within_provisional_envelope
11.4,0.5,2.0,0.55,0.05,2,5,1.1500000000000001,1.1500000000000001,10.825000000000001,10.825000000000001,,within_provisional_envelope
11.4,0.5,2.0,0.55,0.1,1,0,0.65,0.65,11.075000000000001,11.075000000000001,,within_provisional_envelope
11.4,0.5,2.0,0.55,0.1,1,5,0.65,0.65,11.075000000000001,11.075000000000001,,within_provisional_envelope
11.4,0.5,2.0,0.55,0.1,2,0,1.2000000000000002,1.2000000000000002,10.8,10.8,,within_provisional_envelope
11.4,0.5,2.0,0.55,0.1,2,5,1.2000000000000002,1.2000000000000002,10.8,10.8,,within_provisional_envelope
11.4,0.5,2.0,1.1,0.05,1,0,1.1500000000000001,0.6000000000000001,10.825000000000001,11.1,,within_provisional_envelope
11.4,0.5,2.0,1.1,0.05,1,5,1.1500000000000001,0.6000000000000001,10.825000000000001,11.1,,within_provisional_envelope
11.4,0.5,2.0,1.1,0.05,2,0,2.25,1.1500000000000001,,10.825000000000001,0.00023999999999999987,current_capacity_exceeded
11.4,0.5,2.0,1.1,0.05,2,5,1.7000000000000002,1.1500000000000001,10.55,10.825000000000001,,below_provisional_10.8V_target
11.4,0.5,2.0,1.1,0.1,1,0,1.2000000000000002,0.65,10.8,11.075000000000001,,within_provisional_envelope
11.4,0.5,2.0,1.1,0.1,1,5,1.2000000000000002,0.65,10.8,11.075000000000001,,within_provisional_envelope
11.4,0.5,2.0,1.1,0.1,2,0,2.3000000000000003,1.2000000000000002,,10.8,0.0001999999999999997,current_capacity_exceeded
11.4,0.5,2.0,1.1,0.1,2,5,1.7500000000000002,1.2000000000000002,10.525,10.8,,below_provisional_10.8V_target
11.4,0.5,2.0,1.65,0.05,1,0,1.7,0.6000000000000001,10.55,11.1,,below_provisional_10.8V_target
11.4,0.5,2.0,1.65,0.05,1,5,1.7,0.6000000000000001,10.55,11.1,,below_provisional_10.8V_target
11.4,0.5,2.0,1.65,0.05,2,0,3.3499999999999996,1.1500000000000001,,10.825000000000001,4.444444444444443e-05,current_capacity_exceeded
11.4,0.5,2.0,1.65,0.05,2,5,2.25,1.1500000000000001,,10.825000000000001,0.00023999999999999987,current_capacity_exceeded
11.4,0.5,2.0,1.65,0.1,1,0,1.75,0.65,10.525,11.075000000000001,,below_provisional_10.8V_target
11.4,0.5,2.0,1.65,0.1,1,5,1.75,0.65,10.525,11.075000000000001,,below_provisional_10.8V_target
11.4,0.5,2.0,1.65,0.1,2,0,3.4,1.2000000000000002,,10.8,4.2857142857142836e-05,current_capacity_exceeded
11.4,0.5,2.0,1.65,0.1,2,5,2.3000000000000003,1.2000000000000002,,10.8,0.0001999999999999997,current_capacity_exceeded
11.4,0.5,3.0,0.55,0.05,1,0,0.6000000000000001,0.6000000000000001,11.1,11.1,,within_provisional_envelope
11.4,0.5,3.0,0.55,0.05,1,5,0.6000000000000001,0.6000000000000001,11.1,11.1,,within_provisional_envelope
11.4,0.5,3.0,0.55,0.05,2,0,1.1500000000000001,1.1500000000000001,10.825000000000001,10.825000000000001,,within_provisional_envelope
11.4,0.5,3.0,0.55,0.05,2,5,1.1500000000000001,1.1500000000000001,10.825000000000001,10.825000000000001,,within_provisional_envelope
11.4,0.5,3.0,0.55,0.1,1,0,0.65,0.65,11.075000000000001,11.075000000000001,,within_provisional_envelope
11.4,0.5,3.0,0.55,0.1,1,5,0.65,0.65,11.075000000000001,11.075000000000001,,within_provisional_envelope
11.4,0.5,3.0,0.55,0.1,2,0,1.2000000000000002,1.2000000000000002,10.8,10.8,,within_provisional_envelope
11.4,0.5,3.0,0.55,0.1,2,5,1.2000000000000002,1.2000000000000002,10.8,10.8,,within_provisional_envelope
11.4,0.5,3.0,1.1,0.05,1,0,1.1500000000000001,0.6000000000000001,10.825000000000001,11.1,,within_provisional_envelope
11.4,0.5,3.0,1.1,0.05,1,5,1.1500000000000001,0.6000000000000001,10.825000000000001,11.1,,within_provisional_envelope
11.4,0.5,3.0,1.1,0.05,2,0,2.25,1.1500000000000001,10.275,10.825000000000001,,below_provisional_10.8V_target
11.4,0.5,3.0,1.1,0.05,2,5,1.7000000000000002,1.1500000000000001,10.55,10.825000000000001,,below_provisional_10.8V_target
11.4,0.5,3.0,1.1,0.1,1,0,1.2000000000000002,0.65,10.8,11.075000000000001,,within_provisional_envelope
11.4,0.5,3.0,1.1,0.1,1,5,1.2000000000000002,0.65,10.8,11.075000000000001,,within_provisional_envelope
11.4,0.5,3.0,1.1,0.1,2,0,2.3000000000000003,1.2000000000000002,10.25,10.8,,below_provisional_10.8V_target
11.4,0.5,3.0,1.1,0.1,2,5,1.7500000000000002,1.2000000000000002,10.525,10.8,,below_provisional_10.8V_target
11.4,0.5,3.0,1.65,0.05,1,0,1.7,0.6000000000000001,10.55,11.1,,below_provisional_10.8V_target
11.4,0.5,3.0,1.65,0.05,1,5,1.7,0.6000000000000001,10.55,11.1,,below_provisional_10.8V_target
11.4,0.5,3.0,1.65,0.05,2,0,3.3499999999999996,1.1500000000000001,,10.825000000000001,0.0001714285714285715,current_capacity_exceeded
11.4,0.5,3.0,1.65,0.05,2,5,2.25,1.1500000000000001,10.275,10.825000000000001,,below_provisional_10.8V_target
11.4,0.5,3.0,1.65,0.1,1,0,1.75,0.65,10.525,11.075000000000001,,below_provisional_10.8V_target
11.4,0.5,3.0,1.65,0.1,1,5,1.75,0.65,10.525,11.075000000000001,,below_provisional_10.8V_target
11.4,0.5,3.0,1.65,0.1,2,0,3.4,1.2000000000000002,,10.8,0.00014999999999999996,current_capacity_exceeded
11.4,0.5,3.0,1.65,0.1,2,5,2.3000000000000003,1.2000000000000002,10.25,10.8,,below_provisional_10.8V_target
11.4,0.5,4.0,0.55,0.05,1,0,0.6000000000000001,0.6000000000000001,11.1,11.1,,within_provisional_envelope
11.4,0.5,4.0,0.55,0.05,1,5,0.6000000000000001,0.6000000000000001,11.1,11.1,,within_provisional_envelope
11.4,0.5,4.0,0.55,0.05,2,0,1.1500000000000001,1.1500000000000001,10.825000000000001,10.825000000000001,,within_provisional_envelope
11.4,0.5,4.0,0.55,0.05,2,5,1.1500000000000001,1.1500000000000001,10.825000000000001,10.825000000000001,,within_provisional_envelope
11.4,0.5,4.0,0.55,0.1,1,0,0.65,0.65,11.075000000000001,11.075000000000001,,within_provisional_envelope
11.4,0.5,4.0,0.55,0.1,1,5,0.65,0.65,11.075000000000001,11.075000000000001,,within_provisional_envelope
11.4,0.5,4.0,0.55,0.1,2,0,1.2000000000000002,1.2000000000000002,10.8,10.8,,within_provisional_envelope
11.4,0.5,4.0,0.55,0.1,2,5,1.2000000000000002,1.2000000000000002,10.8,10.8,,within_provisional_envelope
11.4,0.5,4.0,1.1,0.05,1,0,1.1500000000000001,0.6000000000000001,10.825000000000001,11.1,,within_provisional_envelope
11.4,0.5,4.0,1.1,0.05,1,5,1.1500000000000001,0.6000000000000001,10.825000000000001,11.1,,within_provisional_envelope
11.4,0.5,4.0,1.1,0.05,2,0,2.25,1.1500000000000001,10.275,10.825000000000001,,below_provisional_10.8V_target
11.4,0.5,4.0,1.1,0.05,2,5,1.7000000000000002,1.1500000000000001,10.55,10.825000000000001,,below_provisional_10.8V_target
11.4,0.5,4.0,1.1,0.1,1,0,1.2000000000000002,0.65,10.8,11.075000000000001,,within_provisional_envelope
11.4,0.5,4.0,1.1,0.1,1,5,1.2000000000000002,0.65,10.8,11.075000000000001,,within_provisional_envelope
11.4,0.5,4.0,1.1,0.1,2,0,2.3000000000000003,1.2000000000000002,10.25,10.8,,below_provisional_10.8V_target
11.4,0.5,4.0,1.1,0.1,2,5,1.7500000000000002,1.2000000000000002,10.525,10.8,,below_provisional_10.8V_target
11.4,0.5,4.0,1.65,0.05,1,0,1.7,0.6000000000000001,10.55,11.1,,below_provisional_10.8V_target
11.4,0.5,4.0,1.65,0.05,1,5,1.7,0.6000000000000001,10.55,11.1,,below_provisional_10.8V_target
11.4,0.5,4.0,1.65,0.05,2,0,3.3499999999999996,1.1500000000000001,9.725000000000001,10.825000000000001,,below_provisional_10.8V_target
11.4,0.5,4.0,1.65,0.05,2,5,2.25,1.1500000000000001,10.275,10.825000000000001,,below_provisional_10.8V_target
11.4,0.5,4.0,1.65,0.1,1,0,1.75,0.65,10.525,11.075000000000001,,below_provisional_10.8V_target
11.4,0.5,4.0,1.65,0.1,1,5,1.75,0.65,10.525,11.075000000000001,,below_provisional_10.8V_target
11.4,0.5,4.0,1.65,0.1,2,0,3.4,1.2000000000000002,9.700000000000001,10.8,,below_provisional_10.8V_target
11.4,0.5,4.0,1.65,0.1,2,5,2.3000000000000003,1.2000000000000002,10.25,10.8,,below_provisional_10.8V_target
11.4,1.0,2.0,0.55,0.05,1,0,0.6000000000000001,0.6000000000000001,10.8,10.8,,within_provisional_envelope
11.4,1.0,2.0,0.55,0.05,1,5,0.6000000000000001,0.6000000000000001,10.8,10.8,,within_provisional_envelope
11.4,1.0,2.0,0.55,0.05,2,0,1.1500000000000001,1.1500000000000001,10.25,10.25,,below_provisional_10.8V_target
11.4,1.0,2.0,0.55,0.05,2,5,1.1500000000000001,1.1500000000000001,10.25,10.25,,below_provisional_10.8V_target
11.4,1.0,2.0,0.55,0.1,1,0,0.65,0.65,10.75,10.75,,below_provisional_10.8V_target
11.4,1.0,2.0,0.55,0.1,1,5,0.65,0.65,10.75,10.75,,below_provisional_10.8V_target
11.4,1.0,2.0,0.55,0.1,2,0,1.2000000000000002,1.2000000000000002,10.2,10.2,,below_provisional_10.8V_target
11.4,1.0,2.0,0.55,0.1,2,5,1.2000000000000002,1.2000000000000002,10.2,10.2,,below_provisional_10.8V_target
11.4,1.0,2.0,1.1,0.05,1,0,1.1500000000000001,0.6000000000000001,10.25,10.8,,below_provisional_10.8V_target
11.4,1.0,2.0,1.1,0.05,1,5,1.1500000000000001,0.6000000000000001,10.25,10.8,,below_provisional_10.8V_target
11.4,1.0,2.0,1.1,0.05,2,0,2.25,1.1500000000000001,,10.25,0.00023999999999999987,current_capacity_exceeded
11.4,1.0,2.0,1.1,0.05,2,5,1.7000000000000002,1.1500000000000001,9.7,10.25,,below_provisional_10.8V_target
11.4,1.0,2.0,1.1,0.1,1,0,1.2000000000000002,0.65,10.2,10.75,,below_provisional_10.8V_target
11.4,1.0,2.0,1.1,0.1,1,5,1.2000000000000002,0.65,10.2,10.75,,below_provisional_10.8V_target
11.4,1.0,2.0,1.1,0.1,2,0,2.3000000000000003,1.2000000000000002,,10.2,0.0001999999999999997,current_capacity_exceeded
11.4,1.0,2.0,1.1,0.1,2,5,1.7500000000000002,1.2000000000000002,9.65,10.2,,below_provisional_10.8V_target
11.4,1.0,2.0,1.65,0.05,1,0,1.7,0.6000000000000001,9.700000000000001,10.8,,below_provisional_10.8V_target
11.4,1.0,2.0,1.65,0.05,1,5,1.7,0.6000000000000001,9.700000000000001,10.8,,below_provisional_10.8V_target
11.4,1.0,2.0,1.65,0.05,2,0,3.3499999999999996,1.1500000000000001,,10.25,4.444444444444443e-05,current_capacity_exceeded
11.4,1.0,2.0,1.65,0.05,2,5,2.25,1.1500000000000001,,10.25,0.00023999999999999987,current_capacity_exceeded
11.4,1.0,2.0,1.65,0.1,1,0,1.75,0.65,9.65,10.75,,below_provisional_10.8V_target
11.4,1.0,2.0,1.65,0.1,1,5,1.75,0.65,9.65,10.75,,below_provisional_10.8V_target
11.4,1.0,2.0,1.65,0.1,2,0,3.4,1.2000000000000002,,10.2,4.2857142857142836e-05,current_capacity_exceeded
11.4,1.0,2.0,1.65,0.1,2,5,2.3000000000000003,1.2000000000000002,,10.2,0.0001999999999999997,current_capacity_exceeded
11.4,1.0,3.0,0.55,0.05,1,0,0.6000000000000001,0.6000000000000001,10.8,10.8,,within_provisional_envelope
11.4,1.0,3.0,0.55,0.05,1,5,0.6000000000000001,0.6000000000000001,10.8,10.8,,within_provisional_envelope
11.4,1.0,3.0,0.55,0.05,2,0,1.1500000000000001,1.1500000000000001,10.25,10.25,,below_provisional_10.8V_target
11.4,1.0,3.0,0.55,0.05,2,5,1.1500000000000001,1.1500000000000001,10.25,10.25,,below_provisional_10.8V_target
11.4,1.0,3.0,0.55,0.1,1,0,0.65,0.65,10.75,10.75,,below_provisional_10.8V_target
11.4,1.0,3.0,0.55,0.1,1,5,0.65,0.65,10.75,10.75,,below_provisional_10.8V_target
11.4,1.0,3.0,0.55,0.1,2,0,1.2000000000000002,1.2000000000000002,10.2,10.2,,below_provisional_10.8V_target
11.4,1.0,3.0,0.55,0.1,2,5,1.2000000000000002,1.2000000000000002,10.2,10.2,,below_provisional_10.8V_target
11.4,1.0,3.0,1.1,0.05,1,0,1.1500000000000001,0.6000000000000001,10.25,10.8,,below_provisional_10.8V_target
11.4,1.0,3.0,1.1,0.05,1,5,1.1500000000000001,0.6000000000000001,10.25,10.8,,below_provisional_10.8V_target
11.4,1.0,3.0,1.1,0.05,2,0,2.25,1.1500000000000001,9.15,10.25,,below_provisional_10.8V_target
11.4,1.0,3.0,1.1,0.05,2,5,1.7000000000000002,1.1500000000000001,9.7,10.25,,below_provisional_10.8V_target
11.4,1.0,3.0,1.1,0.1,1,0,1.2000000000000002,0.65,10.2,10.75,,below_provisional_10.8V_target
11.4,1.0,3.0,1.1,0.1,1,5,1.2000000000000002,0.65,10.2,10.75,,below_provisional_10.8V_target
11.4,1.0,3.0,1.1,0.1,2,0,2.3000000000000003,1.2000000000000002,9.1,10.2,,below_provisional_10.8V_target
11.4,1.0,3.0,1.1,0.1,2,5,1.7500000000000002,1.2000000000000002,9.65,10.2,,below_provisional_10.8V_target
11.4,1.0,3.0,1.65,0.05,1,0,1.7,0.6000000000000001,9.700000000000001,10.8,,below_provisional_10.8V_target
11.4,1.0,3.0,1.65,0.05,1,5,1.7,0.6000000000000001,9.700000000000001,10.8,,below_provisional_10.8V_target
11.4,1.0,3.0,1.65,0.05,2,0,3.3499999999999996,1.1500000000000001,,10.25,0.0001714285714285715,current_capacity_exceeded
11.4,1.0,3.0,1.65,0.05,2,5,2.25,1.1500000000000001,9.15,10.25,,below_provisional_10.8V_target
11.4,1.0,3.0,1.65,0.1,1,0,1.75,0.65,9.65,10.75,,below_provisional_10.8V_target
11.4,1.0,3.0,1.65,0.1,1,5,1.75,0.65,9.65,10.75,,below_provisional_10.8V_target
11.4,1.0,3.0,1.65,0.1,2,0,3.4,1.2000000000000002,,10.2,0.00014999999999999996,current_capacity_exceeded
11.4,1.0,3.0,1.65,0.1,2,5,2.3000000000000003,1.2000000000000002,9.1,10.2,,below_provisional_10.8V_target
11.4,1.0,4.0,0.55,0.05,1,0,0.6000000000000001,0.6000000000000001,10.8,10.8,,within_provisional_envelope
11.4,1.0,4.0,0.55,0.05,1,5,0.6000000000000001,0.6000000000000001,10.8,10.8,,within_provisional_envelope
11.4,1.0,4.0,0.55,0.05,2,0,1.1500000000000001,1.1500000000000001,10.25,10.25,,below_provisional_10.8V_target
11.4,1.0,4.0,0.55,0.05,2,5,1.1500000000000001,1.1500000000000001,10.25,10.25,,below_provisional_10.8V_target
11.4,1.0,4.0,0.55,0.1,1,0,0.65,0.65,10.75,10.75,,below_provisional_10.8V_target
11.4,1.0,4.0,0.55,0.1,1,5,0.65,0.65,10.75,10.75,,below_provisional_10.8V_target
11.4,1.0,4.0,0.55,0.1,2,0,1.2000000000000002,1.2000000000000002,10.2,10.2,,below_provisional_10.8V_target
11.4,1.0,4.0,0.55,0.1,2,5,1.2000000000000002,1.2000000000000002,10.2,10.2,,below_provisional_10.8V_target
11.4,1.0,4.0,1.1,0.05,1,0,1.1500000000000001,0.6000000000000001,10.25,10.8,,below_provisional_10.8V_target
11.4,1.0,4.0,1.1,0.05,1,5,1.1500000000000001,0.6000000000000001,10.25,10.8,,below_provisional_10.8V_target
11.4,1.0,4.0,1.1,0.05,2,0,2.25,1.1500000000000001,9.15,10.25,,below_provisional_10.8V_target
11.4,1.0,4.0,1.1,0.05,2,5,1.7000000000000002,1.1500000000000001,9.7,10.25,,below_provisional_10.8V_target
11.4,1.0,4.0,1.1,0.1,1,0,1.2000000000000002,0.65,10.2,10.75,,below_provisional_10.8V_target
11.4,1.0,4.0,1.1,0.1,1,5,1.2000000000000002,0.65,10.2,10.75,,below_provisional_10.8V_target
11.4,1.0,4.0,1.1,0.1,2,0,2.3000000000000003,1.2000000000000002,9.1,10.2,,below_provisional_10.8V_target
11.4,1.0,4.0,1.1,0.1,2,5,1.7500000000000002,1.2000000000000002,9.65,10.2,,below_provisional_10.8V_target
11.4,1.0,4.0,1.65,0.05,1,0,1.7,0.6000000000000001,9.700000000000001,10.8,,below_provisional_10.8V_target
11.4,1.0,4.0,1.65,0.05,1,5,1.7,0.6000000000000001,9.700000000000001,10.8,,below_provisional_10.8V_target
11.4,1.0,4.0,1.65,0.05,2,0,3.3499999999999996,1.1500000000000001,8.05,10.25,,below_provisional_10.8V_target
11.4,1.0,4.0,1.65,0.05,2,5,2.25,1.1500000000000001,9.15,10.25,,below_provisional_10.8V_target
11.4,1.0,4.0,1.65,0.1,1,0,1.75,0.65,9.65,10.75,,below_provisional_10.8V_target
11.4,1.0,4.0,1.65,0.1,1,5,1.75,0.65,9.65,10.75,,below_provisional_10.8V_target
11.4,1.0,4.0,1.65,0.1,2,0,3.4,1.2000000000000002,8.0,10.2,,below_provisional_10.8V_target
11.4,1.0,4.0,1.65,0.1,2,5,2.3000000000000003,1.2000000000000002,9.1,10.2,,below_provisional_10.8V_target
12.0,0.1,2.0,0.55,0.05,1,0,0.6000000000000001,0.6000000000000001,11.94,11.94,,within_provisional_envelope
12.0,0.1,2.0,0.55,0.05,1,5,0.6000000000000001,0.6000000000000001,11.94,11.94,,within_provisional_envelope
12.0,0.1,2.0,0.55,0.05,2,0,1.1500000000000001,1.1500000000000001,11.885,11.885,,within_provisional_envelope
12.0,0.1,2.0,0.55,0.05,2,5,1.1500000000000001,1.1500000000000001,11.885,11.885,,within_provisional_envelope
12.0,0.1,2.0,0.55,0.1,1,0,0.65,0.65,11.935,11.935,,within_provisional_envelope
12.0,0.1,2.0,0.55,0.1,1,5,0.65,0.65,11.935,11.935,,within_provisional_envelope
12.0,0.1,2.0,0.55,0.1,2,0,1.2000000000000002,1.2000000000000002,11.88,11.88,,within_provisional_envelope
12.0,0.1,2.0,0.55,0.1,2,5,1.2000000000000002,1.2000000000000002,11.88,11.88,,within_provisional_envelope
12.0,0.1,2.0,1.1,0.05,1,0,1.1500000000000001,0.6000000000000001,11.885,11.94,,within_provisional_envelope
12.0,0.1,2.0,1.1,0.05,1,5,1.1500000000000001,0.6000000000000001,11.885,11.94,,within_provisional_envelope
12.0,0.1,2.0,1.1,0.05,2,0,2.25,1.1500000000000001,,11.885,0.00047999999999999974,current_capacity_exceeded
12.0,0.1,2.0,1.1,0.05,2,5,1.7000000000000002,1.1500000000000001,11.83,11.885,,within_provisional_envelope
12.0,0.1,2.0,1.1,0.1,1,0,1.2000000000000002,0.65,11.88,11.935,,within_provisional_envelope
12.0,0.1,2.0,1.1,0.1,1,5,1.2000000000000002,0.65,11.88,11.935,,within_provisional_envelope
12.0,0.1,2.0,1.1,0.1,2,0,2.3000000000000003,1.2000000000000002,,11.88,0.0003999999999999994,current_capacity_exceeded
12.0,0.1,2.0,1.1,0.1,2,5,1.7500000000000002,1.2000000000000002,11.825,11.88,,within_provisional_envelope
12.0,0.1,2.0,1.65,0.05,1,0,1.7,0.6000000000000001,11.83,11.94,,within_provisional_envelope
12.0,0.1,2.0,1.65,0.05,1,5,1.7,0.6000000000000001,11.83,11.94,,within_provisional_envelope
12.0,0.1,2.0,1.65,0.05,2,0,3.3499999999999996,1.1500000000000001,,11.885,8.888888888888887e-05,current_capacity_exceeded
12.0,0.1,2.0,1.65,0.05,2,5,2.25,1.1500000000000001,,11.885,0.00047999999999999974,current_capacity_exceeded
12.0,0.1,2.0,1.65,0.1,1,0,1.75,0.65,11.825,11.935,,within_provisional_envelope
12.0,0.1,2.0,1.65,0.1,1,5,1.75,0.65,11.825,11.935,,within_provisional_envelope
12.0,0.1,2.0,1.65,0.1,2,0,3.4,1.2000000000000002,,11.88,8.571428571428567e-05,current_capacity_exceeded
12.0,0.1,2.0,1.65,0.1,2,5,2.3000000000000003,1.2000000000000002,,11.88,0.0003999999999999994,current_capacity_exceeded
12.0,0.1,3.0,0.55,0.05,1,0,0.6000000000000001,0.6000000000000001,11.94,11.94,,within_provisional_envelope
12.0,0.1,3.0,0.55,0.05,1,5,0.6000000000000001,0.6000000000000001,11.94,11.94,,within_provisional_envelope
12.0,0.1,3.0,0.55,0.05,2,0,1.1500000000000001,1.1500000000000001,11.885,11.885,,within_provisional_envelope
12.0,0.1,3.0,0.55,0.05,2,5,1.1500000000000001,1.1500000000000001,11.885,11.885,,within_provisional_envelope
12.0,0.1,3.0,0.55,0.1,1,0,0.65,0.65,11.935,11.935,,within_provisional_envelope
12.0,0.1,3.0,0.55,0.1,1,5,0.65,0.65,11.935,11.935,,within_provisional_envelope
12.0,0.1,3.0,0.55,0.1,2,0,1.2000000000000002,1.2000000000000002,11.88,11.88,,within_provisional_envelope
12.0,0.1,3.0,0.55,0.1,2,5,1.2000000000000002,1.2000000000000002,11.88,11.88,,within_provisional_envelope
12.0,0.1,3.0,1.1,0.05,1,0,1.1500000000000001,0.6000000000000001,11.885,11.94,,within_provisional_envelope
12.0,0.1,3.0,1.1,0.05,1,5,1.1500000000000001,0.6000000000000001,11.885,11.94,,within_provisional_envelope
12.0,0.1,3.0,1.1,0.05,2,0,2.25,1.1500000000000001,11.775,11.885,,within_provisional_envelope
12.0,0.1,3.0,1.1,0.05,2,5,1.7000000000000002,1.1500000000000001,11.83,11.885,,within_provisional_envelope
12.0,0.1,3.0,1.1,0.1,1,0,1.2000000000000002,0.65,11.88,11.935,,within_provisional_envelope
12.0,0.1,3.0,1.1,0.1,1,5,1.2000000000000002,0.65,11.88,11.935,,within_provisional_envelope
12.0,0.1,3.0,1.1,0.1,2,0,2.3000000000000003,1.2000000000000002,11.77,11.88,,within_provisional_envelope
12.0,0.1,3.0,1.1,0.1,2,5,1.7500000000000002,1.2000000000000002,11.825,11.88,,within_provisional_envelope
12.0,0.1,3.0,1.65,0.05,1,0,1.7,0.6000000000000001,11.83,11.94,,within_provisional_envelope
12.0,0.1,3.0,1.65,0.05,1,5,1.7,0.6000000000000001,11.83,11.94,,within_provisional_envelope
12.0,0.1,3.0,1.65,0.05,2,0,3.3499999999999996,1.1500000000000001,,11.885,0.000342857142857143,current_capacity_exceeded
12.0,0.1,3.0,1.65,0.05,2,5,2.25,1.1500000000000001,11.775,11.885,,within_provisional_envelope
12.0,0.1,3.0,1.65,0.1,1,0,1.75,0.65,11.825,11.935,,within_provisional_envelope
12.0,0.1,3.0,1.65,0.1,1,5,1.75,0.65,11.825,11.935,,within_provisional_envelope
12.0,0.1,3.0,1.65,0.1,2,0,3.4,1.2000000000000002,,11.88,0.0002999999999999999,current_capacity_exceeded
12.0,0.1,3.0,1.65,0.1,2,5,2.3000000000000003,1.2000000000000002,11.77,11.88,,within_provisional_envelope
12.0,0.1,4.0,0.55,0.05,1,0,0.6000000000000001,0.6000000000000001,11.94,11.94,,within_provisional_envelope
12.0,0.1,4.0,0.55,0.05,1,5,0.6000000000000001,0.6000000000000001,11.94,11.94,,within_provisional_envelope
12.0,0.1,4.0,0.55,0.05,2,0,1.1500000000000001,1.1500000000000001,11.885,11.885,,within_provisional_envelope
12.0,0.1,4.0,0.55,0.05,2,5,1.1500000000000001,1.1500000000000001,11.885,11.885,,within_provisional_envelope
12.0,0.1,4.0,0.55,0.1,1,0,0.65,0.65,11.935,11.935,,within_provisional_envelope
12.0,0.1,4.0,0.55,0.1,1,5,0.65,0.65,11.935,11.935,,within_provisional_envelope
12.0,0.1,4.0,0.55,0.1,2,0,1.2000000000000002,1.2000000000000002,11.88,11.88,,within_provisional_envelope
12.0,0.1,4.0,0.55,0.1,2,5,1.2000000000000002,1.2000000000000002,11.88,11.88,,within_provisional_envelope
12.0,0.1,4.0,1.1,0.05,1,0,1.1500000000000001,0.6000000000000001,11.885,11.94,,within_provisional_envelope
12.0,0.1,4.0,1.1,0.05,1,5,1.1500000000000001,0.6000000000000001,11.885,11.94,,within_provisional_envelope
12.0,0.1,4.0,1.1,0.05,2,0,2.25,1.1500000000000001,11.775,11.885,,within_provisional_envelope
12.0,0.1,4.0,1.1,0.05,2,5,1.7000000000000002,1.1500000000000001,11.83,11.885,,within_provisional_envelope
12.0,0.1,4.0,1.1,0.1,1,0,1.2000000000000002,0.65,11.88,11.935,,within_provisional_envelope
12.0,0.1,4.0,1.1,0.1,1,5,1.2000000000000002,0.65,11.88,11.935,,within_provisional_envelope
12.0,0.1,4.0,1.1,0.1,2,0,2.3000000000000003,1.2000000000000002,11.77,11.88,,within_provisional_envelope
12.0,0.1,4.0,1.1,0.1,2,5,1.7500000000000002,1.2000000000000002,11.825,11.88,,within_provisional_envelope
12.0,0.1,4.0,1.65,0.05,1,0,1.7,0.6000000000000001,11.83,11.94,,within_provisional_envelope
12.0,0.1,4.0,1.65,0.05,1,5,1.7,0.6000000000000001,11.83,11.94,,within_provisional_envelope
12.0,0.1,4.0,1.65,0.05,2,0,3.3499999999999996,1.1500000000000001,11.665,11.885,,within_provisional_envelope
12.0,0.1,4.0,1.65,0.05,2,5,2.25,1.1500000000000001,11.775,11.885,,within_provisional_envelope
12.0,0.1,4.0,1.65,0.1,1,0,1.75,0.65,11.825,11.935,,within_provisional_envelope
12.0,0.1,4.0,1.65,0.1,1,5,1.75,0.65,11.825,11.935,,within_provisional_envelope
12.0,0.1,4.0,1.65,0.1,2,0,3.4,1.2000000000000002,11.66,11.88,,within_provisional_envelope
12.0,0.1,4.0,1.65,0.1,2,5,2.3000000000000003,1.2000000000000002,11.77,11.88,,within_provisional_envelope
12.0,0.25,2.0,0.55,0.05,1,0,0.6000000000000001,0.6000000000000001,11.85,11.85,,within_provisional_envelope
12.0,0.25,2.0,0.55,0.05,1,5,0.6000000000000001,0.6000000000000001,11.85,11.85,,within_provisional_envelope
12.0,0.25,2.0,0.55,0.05,2,0,1.1500000000000001,1.1500000000000001,11.7125,11.7125,,within_provisional_envelope
12.0,0.25,2.0,0.55,0.05,2,5,1.1500000000000001,1.1500000000000001,11.7125,11.7125,,within_provisional_envelope
12.0,0.25,2.0,0.55,0.1,1,0,0.65,0.65,11.8375,11.8375,,within_provisional_envelope
12.0,0.25,2.0,0.55,0.1,1,5,0.65,0.65,11.8375,11.8375,,within_provisional_envelope
12.0,0.25,2.0,0.55,0.1,2,0,1.2000000000000002,1.2000000000000002,11.7,11.7,,within_provisional_envelope
12.0,0.25,2.0,0.55,0.1,2,5,1.2000000000000002,1.2000000000000002,11.7,11.7,,within_provisional_envelope
12.0,0.25,2.0,1.1,0.05,1,0,1.1500000000000001,0.6000000000000001,11.7125,11.85,,within_provisional_envelope
12.0,0.25,2.0,1.1,0.05,1,5,1.1500000000000001,0.6000000000000001,11.7125,11.85,,within_provisional_envelope
12.0,0.25,2.0,1.1,0.05,2,0,2.25,1.1500000000000001,,11.7125,0.00047999999999999974,current_capacity_exceeded
12.0,0.25,2.0,1.1,0.05,2,5,1.7000000000000002,1.1500000000000001,11.575,11.7125,,within_provisional_envelope
12.0,0.25,2.0,1.1,0.1,1,0,1.2000000000000002,0.65,11.7,11.8375,,within_provisional_envelope
12.0,0.25,2.0,1.1,0.1,1,5,1.2000000000000002,0.65,11.7,11.8375,,within_provisional_envelope
12.0,0.25,2.0,1.1,0.1,2,0,2.3000000000000003,1.2000000000000002,,11.7,0.0003999999999999994,current_capacity_exceeded
12.0,0.25,2.0,1.1,0.1,2,5,1.7500000000000002,1.2000000000000002,11.5625,11.7,,within_provisional_envelope
12.0,0.25,2.0,1.65,0.05,1,0,1.7,0.6000000000000001,11.575,11.85,,within_provisional_envelope
12.0,0.25,2.0,1.65,0.05,1,5,1.7,0.6000000000000001,11.575,11.85,,within_provisional_envelope
12.0,0.25,2.0,1.65,0.05,2,0,3.3499999999999996,1.1500000000000001,,11.7125,8.888888888888887e-05,current_capacity_exceeded
12.0,0.25,2.0,1.65,0.05,2,5,2.25,1.1500000000000001,,11.7125,0.00047999999999999974,current_capacity_exceeded
12.0,0.25,2.0,1.65,0.1,1,0,1.75,0.65,11.5625,11.8375,,within_provisional_envelope
12.0,0.25,2.0,1.65,0.1,1,5,1.75,0.65,11.5625,11.8375,,within_provisional_envelope
12.0,0.25,2.0,1.65,0.1,2,0,3.4,1.2000000000000002,,11.7,8.571428571428567e-05,current_capacity_exceeded
12.0,0.25,2.0,1.65,0.1,2,5,2.3000000000000003,1.2000000000000002,,11.7,0.0003999999999999994,current_capacity_exceeded
12.0,0.25,3.0,0.55,0.05,1,0,0.6000000000000001,0.6000000000000001,11.85,11.85,,within_provisional_envelope
12.0,0.25,3.0,0.55,0.05,1,5,0.6000000000000001,0.6000000000000001,11.85,11.85,,within_provisional_envelope
12.0,0.25,3.0,0.55,0.05,2,0,1.1500000000000001,1.1500000000000001,11.7125,11.7125,,within_provisional_envelope
12.0,0.25,3.0,0.55,0.05,2,5,1.1500000000000001,1.1500000000000001,11.7125,11.7125,,within_provisional_envelope
12.0,0.25,3.0,0.55,0.1,1,0,0.65,0.65,11.8375,11.8375,,within_provisional_envelope
12.0,0.25,3.0,0.55,0.1,1,5,0.65,0.65,11.8375,11.8375,,within_provisional_envelope
12.0,0.25,3.0,0.55,0.1,2,0,1.2000000000000002,1.2000000000000002,11.7,11.7,,within_provisional_envelope
12.0,0.25,3.0,0.55,0.1,2,5,1.2000000000000002,1.2000000000000002,11.7,11.7,,within_provisional_envelope
12.0,0.25,3.0,1.1,0.05,1,0,1.1500000000000001,0.6000000000000001,11.7125,11.85,,within_provisional_envelope
12.0,0.25,3.0,1.1,0.05,1,5,1.1500000000000001,0.6000000000000001,11.7125,11.85,,within_provisional_envelope
12.0,0.25,3.0,1.1,0.05,2,0,2.25,1.1500000000000001,11.4375,11.7125,,within_provisional_envelope
12.0,0.25,3.0,1.1,0.05,2,5,1.7000000000000002,1.1500000000000001,11.575,11.7125,,within_provisional_envelope
12.0,0.25,3.0,1.1,0.1,1,0,1.2000000000000002,0.65,11.7,11.8375,,within_provisional_envelope
12.0,0.25,3.0,1.1,0.1,1,5,1.2000000000000002,0.65,11.7,11.8375,,within_provisional_envelope
12.0,0.25,3.0,1.1,0.1,2,0,2.3000000000000003,1.2000000000000002,11.425,11.7,,within_provisional_envelope
12.0,0.25,3.0,1.1,0.1,2,5,1.7500000000000002,1.2000000000000002,11.5625,11.7,,within_provisional_envelope
12.0,0.25,3.0,1.65,0.05,1,0,1.7,0.6000000000000001,11.575,11.85,,within_provisional_envelope
12.0,0.25,3.0,1.65,0.05,1,5,1.7,0.6000000000000001,11.575,11.85,,within_provisional_envelope
12.0,0.25,3.0,1.65,0.05,2,0,3.3499999999999996,1.1500000000000001,,11.7125,0.000342857142857143,current_capacity_exceeded
12.0,0.25,3.0,1.65,0.05,2,5,2.25,1.1500000000000001,11.4375,11.7125,,within_provisional_envelope
12.0,0.25,3.0,1.65,0.1,1,0,1.75,0.65,11.5625,11.8375,,within_provisional_envelope
12.0,0.25,3.0,1.65,0.1,1,5,1.75,0.65,11.5625,11.8375,,within_provisional_envelope
12.0,0.25,3.0,1.65,0.1,2,0,3.4,1.2000000000000002,,11.7,0.0002999999999999999,current_capacity_exceeded
12.0,0.25,3.0,1.65,0.1,2,5,2.3000000000000003,1.2000000000000002,11.425,11.7,,within_provisional_envelope
12.0,0.25,4.0,0.55,0.05,1,0,0.6000000000000001,0.6000000000000001,11.85,11.85,,within_provisional_envelope
12.0,0.25,4.0,0.55,0.05,1,5,0.6000000000000001,0.6000000000000001,11.85,11.85,,within_provisional_envelope
12.0,0.25,4.0,0.55,0.05,2,0,1.1500000000000001,1.1500000000000001,11.7125,11.7125,,within_provisional_envelope
12.0,0.25,4.0,0.55,0.05,2,5,1.1500000000000001,1.1500000000000001,11.7125,11.7125,,within_provisional_envelope
12.0,0.25,4.0,0.55,0.1,1,0,0.65,0.65,11.8375,11.8375,,within_provisional_envelope
12.0,0.25,4.0,0.55,0.1,1,5,0.65,0.65,11.8375,11.8375,,within_provisional_envelope
12.0,0.25,4.0,0.55,0.1,2,0,1.2000000000000002,1.2000000000000002,11.7,11.7,,within_provisional_envelope
12.0,0.25,4.0,0.55,0.1,2,5,1.2000000000000002,1.2000000000000002,11.7,11.7,,within_provisional_envelope
12.0,0.25,4.0,1.1,0.05,1,0,1.1500000000000001,0.6000000000000001,11.7125,11.85,,within_provisional_envelope
12.0,0.25,4.0,1.1,0.05,1,5,1.1500000000000001,0.6000000000000001,11.7125,11.85,,within_provisional_envelope
12.0,0.25,4.0,1.1,0.05,2,0,2.25,1.1500000000000001,11.4375,11.7125,,within_provisional_envelope
12.0,0.25,4.0,1.1,0.05,2,5,1.7000000000000002,1.1500000000000001,11.575,11.7125,,within_provisional_envelope
12.0,0.25,4.0,1.1,0.1,1,0,1.2000000000000002,0.65,11.7,11.8375,,within_provisional_envelope
12.0,0.25,4.0,1.1,0.1,1,5,1.2000000000000002,0.65,11.7,11.8375,,within_provisional_envelope
12.0,0.25,4.0,1.1,0.1,2,0,2.3000000000000003,1.2000000000000002,11.425,11.7,,within_provisional_envelope
12.0,0.25,4.0,1.1,0.1,2,5,1.7500000000000002,1.2000000000000002,11.5625,11.7,,within_provisional_envelope
12.0,0.25,4.0,1.65,0.05,1,0,1.7,0.6000000000000001,11.575,11.85,,within_provisional_envelope
12.0,0.25,4.0,1.65,0.05,1,5,1.7,0.6000000000000001,11.575,11.85,,within_provisional_envelope
12.0,0.25,4.0,1.65,0.05,2,0,3.3499999999999996,1.1500000000000001,11.1625,11.7125,,within_provisional_envelope
12.0,0.25,4.0,1.65,0.05,2,5,2.25,1.1500000000000001,11.4375,11.7125,,within_provisional_envelope
12.0,0.25,4.0,1.65,0.1,1,0,1.75,0.65,11.5625,11.8375,,within_provisional_envelope
12.0,0.25,4.0,1.65,0.1,1,5,1.75,0.65,11.5625,11.8375,,within_provisional_envelope
12.0,0.25,4.0,1.65,0.1,2,0,3.4,1.2000000000000002,11.15,11.7,,within_provisional_envelope
12.0,0.25,4.0,1.65,0.1,2,5,2.3000000000000003,1.2000000000000002,11.425,11.7,,within_provisional_envelope
12.0,0.5,2.0,0.55,0.05,1,0,0.6000000000000001,0.6000000000000001,11.7,11.7,,within_provisional_envelope
12.0,0.5,2.0,0.55,0.05,1,5,0.6000000000000001,0.6000000000000001,11.7,11.7,,within_provisional_envelope
12.0,0.5,2.0,0.55,0.05,2,0,1.1500000000000001,1.1500000000000001,11.425,11.425,,within_provisional_envelope
12.0,0.5,2.0,0.55,0.05,2,5,1.1500000000000001,1.1500000000000001,11.425,11.425,,within_provisional_envelope
12.0,0.5,2.0,0.55,0.1,1,0,0.65,0.65,11.675,11.675,,within_provisional_envelope
12.0,0.5,2.0,0.55,0.1,1,5,0.65,0.65,11.675,11.675,,within_provisional_envelope
12.0,0.5,2.0,0.55,0.1,2,0,1.2000000000000002,1.2000000000000002,11.4,11.4,,within_provisional_envelope
12.0,0.5,2.0,0.55,0.1,2,5,1.2000000000000002,1.2000000000000002,11.4,11.4,,within_provisional_envelope
12.0,0.5,2.0,1.1,0.05,1,0,1.1500000000000001,0.6000000000000001,11.425,11.7,,within_provisional_envelope
12.0,0.5,2.0,1.1,0.05,1,5,1.1500000000000001,0.6000000000000001,11.425,11.7,,within_provisional_envelope
12.0,0.5,2.0,1.1,0.05,2,0,2.25,1.1500000000000001,,11.425,0.00047999999999999974,current_capacity_exceeded
12.0,0.5,2.0,1.1,0.05,2,5,1.7000000000000002,1.1500000000000001,11.15,11.425,,within_provisional_envelope
12.0,0.5,2.0,1.1,0.1,1,0,1.2000000000000002,0.65,11.4,11.675,,within_provisional_envelope
12.0,0.5,2.0,1.1,0.1,1,5,1.2000000000000002,0.65,11.4,11.675,,within_provisional_envelope
12.0,0.5,2.0,1.1,0.1,2,0,2.3000000000000003,1.2000000000000002,,11.4,0.0003999999999999994,current_capacity_exceeded
12.0,0.5,2.0,1.1,0.1,2,5,1.7500000000000002,1.2000000000000002,11.125,11.4,,within_provisional_envelope
12.0,0.5,2.0,1.65,0.05,1,0,1.7,0.6000000000000001,11.15,11.7,,within_provisional_envelope
12.0,0.5,2.0,1.65,0.05,1,5,1.7,0.6000000000000001,11.15,11.7,,within_provisional_envelope
12.0,0.5,2.0,1.65,0.05,2,0,3.3499999999999996,1.1500000000000001,,11.425,8.888888888888887e-05,current_capacity_exceeded
12.0,0.5,2.0,1.65,0.05,2,5,2.25,1.1500000000000001,,11.425,0.00047999999999999974,current_capacity_exceeded
12.0,0.5,2.0,1.65,0.1,1,0,1.75,0.65,11.125,11.675,,within_provisional_envelope
12.0,0.5,2.0,1.65,0.1,1,5,1.75,0.65,11.125,11.675,,within_provisional_envelope
12.0,0.5,2.0,1.65,0.1,2,0,3.4,1.2000000000000002,,11.4,8.571428571428567e-05,current_capacity_exceeded
12.0,0.5,2.0,1.65,0.1,2,5,2.3000000000000003,1.2000000000000002,,11.4,0.0003999999999999994,current_capacity_exceeded
12.0,0.5,3.0,0.55,0.05,1,0,0.6000000000000001,0.6000000000000001,11.7,11.7,,within_provisional_envelope
12.0,0.5,3.0,0.55,0.05,1,5,0.6000000000000001,0.6000000000000001,11.7,11.7,,within_provisional_envelope
12.0,0.5,3.0,0.55,0.05,2,0,1.1500000000000001,1.1500000000000001,11.425,11.425,,within_provisional_envelope
12.0,0.5,3.0,0.55,0.05,2,5,1.1500000000000001,1.1500000000000001,11.425,11.425,,within_provisional_envelope
12.0,0.5,3.0,0.55,0.1,1,0,0.65,0.65,11.675,11.675,,within_provisional_envelope
12.0,0.5,3.0,0.55,0.1,1,5,0.65,0.65,11.675,11.675,,within_provisional_envelope
12.0,0.5,3.0,0.55,0.1,2,0,1.2000000000000002,1.2000000000000002,11.4,11.4,,within_provisional_envelope
12.0,0.5,3.0,0.55,0.1,2,5,1.2000000000000002,1.2000000000000002,11.4,11.4,,within_provisional_envelope
12.0,0.5,3.0,1.1,0.05,1,0,1.1500000000000001,0.6000000000000001,11.425,11.7,,within_provisional_envelope
12.0,0.5,3.0,1.1,0.05,1,5,1.1500000000000001,0.6000000000000001,11.425,11.7,,within_provisional_envelope
12.0,0.5,3.0,1.1,0.05,2,0,2.25,1.1500000000000001,10.875,11.425,,within_provisional_envelope
12.0,0.5,3.0,1.1,0.05,2,5,1.7000000000000002,1.1500000000000001,11.15,11.425,,within_provisional_envelope
12.0,0.5,3.0,1.1,0.1,1,0,1.2000000000000002,0.65,11.4,11.675,,within_provisional_envelope
12.0,0.5,3.0,1.1,0.1,1,5,1.2000000000000002,0.65,11.4,11.675,,within_provisional_envelope
12.0,0.5,3.0,1.1,0.1,2,0,2.3000000000000003,1.2000000000000002,10.85,11.4,,within_provisional_envelope
12.0,0.5,3.0,1.1,0.1,2,5,1.7500000000000002,1.2000000000000002,11.125,11.4,,within_provisional_envelope
12.0,0.5,3.0,1.65,0.05,1,0,1.7,0.6000000000000001,11.15,11.7,,within_provisional_envelope
12.0,0.5,3.0,1.65,0.05,1,5,1.7,0.6000000000000001,11.15,11.7,,within_provisional_envelope
12.0,0.5,3.0,1.65,0.05,2,0,3.3499999999999996,1.1500000000000001,,11.425,0.000342857142857143,current_capacity_exceeded
12.0,0.5,3.0,1.65,0.05,2,5,2.25,1.1500000000000001,10.875,11.425,,within_provisional_envelope
12.0,0.5,3.0,1.65,0.1,1,0,1.75,0.65,11.125,11.675,,within_provisional_envelope
12.0,0.5,3.0,1.65,0.1,1,5,1.75,0.65,11.125,11.675,,within_provisional_envelope
12.0,0.5,3.0,1.65,0.1,2,0,3.4,1.2000000000000002,,11.4,0.0002999999999999999,current_capacity_exceeded
12.0,0.5,3.0,1.65,0.1,2,5,2.3000000000000003,1.2000000000000002,10.85,11.4,,within_provisional_envelope
12.0,0.5,4.0,0.55,0.05,1,0,0.6000000000000001,0.6000000000000001,11.7,11.7,,within_provisional_envelope
12.0,0.5,4.0,0.55,0.05,1,5,0.6000000000000001,0.6000000000000001,11.7,11.7,,within_provisional_envelope
12.0,0.5,4.0,0.55,0.05,2,0,1.1500000000000001,1.1500000000000001,11.425,11.425,,within_provisional_envelope
12.0,0.5,4.0,0.55,0.05,2,5,1.1500000000000001,1.1500000000000001,11.425,11.425,,within_provisional_envelope
12.0,0.5,4.0,0.55,0.1,1,0,0.65,0.65,11.675,11.675,,within_provisional_envelope
12.0,0.5,4.0,0.55,0.1,1,5,0.65,0.65,11.675,11.675,,within_provisional_envelope
12.0,0.5,4.0,0.55,0.1,2,0,1.2000000000000002,1.2000000000000002,11.4,11.4,,within_provisional_envelope
12.0,0.5,4.0,0.55,0.1,2,5,1.2000000000000002,1.2000000000000002,11.4,11.4,,within_provisional_envelope
12.0,0.5,4.0,1.1,0.05,1,0,1.1500000000000001,0.6000000000000001,11.425,11.7,,within_provisional_envelope
12.0,0.5,4.0,1.1,0.05,1,5,1.1500000000000001,0.6000000000000001,11.425,11.7,,within_provisional_envelope
12.0,0.5,4.0,1.1,0.05,2,0,2.25,1.1500000000000001,10.875,11.425,,within_provisional_envelope
12.0,0.5,4.0,1.1,0.05,2,5,1.7000000000000002,1.1500000000000001,11.15,11.425,,within_provisional_envelope
12.0,0.5,4.0,1.1,0.1,1,0,1.2000000000000002,0.65,11.4,11.675,,within_provisional_envelope
12.0,0.5,4.0,1.1,0.1,1,5,1.2000000000000002,0.65,11.4,11.675,,within_provisional_envelope
12.0,0.5,4.0,1.1,0.1,2,0,2.3000000000000003,1.2000000000000002,10.85,11.4,,within_provisional_envelope
12.0,0.5,4.0,1.1,0.1,2,5,1.7500000000000002,1.2000000000000002,11.125,11.4,,within_provisional_envelope
12.0,0.5,4.0,1.65,0.05,1,0,1.7,0.6000000000000001,11.15,11.7,,within_provisional_envelope
12.0,0.5,4.0,1.65,0.05,1,5,1.7,0.6000000000000001,11.15,11.7,,within_provisional_envelope
12.0,0.5,4.0,1.65,0.05,2,0,3.3499999999999996,1.1500000000000001,10.325,11.425,,below_provisional_10.8V_target
12.0,0.5,4.0,1.65,0.05,2,5,2.25,1.1500000000000001,10.875,11.425,,within_provisional_envelope
12.0,0.5,4.0,1.65,0.1,1,0,1.75,0.65,11.125,11.675,,within_provisional_envelope
12.0,0.5,4.0,1.65,0.1,1,5,1.75,0.65,11.125,11.675,,within_provisional_envelope
12.0,0.5,4.0,1.65,0.1,2,0,3.4,1.2000000000000002,10.3,11.4,,below_provisional_10.8V_target
12.0,0.5,4.0,1.65,0.1,2,5,2.3000000000000003,1.2000000000000002,10.85,11.4,,within_provisional_envelope
12.0,1.0,2.0,0.55,0.05,1,0,0.6000000000000001,0.6000000000000001,11.4,11.4,,within_provisional_envelope
12.0,1.0,2.0,0.55,0.05,1,5,0.6000000000000001,0.6000000000000001,11.4,11.4,,within_provisional_envelope
12.0,1.0,2.0,0.55,0.05,2,0,1.1500000000000001,1.1500000000000001,10.85,10.85,,within_provisional_envelope
12.0,1.0,2.0,0.55,0.05,2,5,1.1500000000000001,1.1500000000000001,10.85,10.85,,within_provisional_envelope
12.0,1.0,2.0,0.55,0.1,1,0,0.65,0.65,11.35,11.35,,within_provisional_envelope
12.0,1.0,2.0,0.55,0.1,1,5,0.65,0.65,11.35,11.35,,within_provisional_envelope
12.0,1.0,2.0,0.55,0.1,2,0,1.2000000000000002,1.2000000000000002,10.8,10.8,,within_provisional_envelope
12.0,1.0,2.0,0.55,0.1,2,5,1.2000000000000002,1.2000000000000002,10.8,10.8,,within_provisional_envelope
12.0,1.0,2.0,1.1,0.05,1,0,1.1500000000000001,0.6000000000000001,10.85,11.4,,within_provisional_envelope
12.0,1.0,2.0,1.1,0.05,1,5,1.1500000000000001,0.6000000000000001,10.85,11.4,,within_provisional_envelope
12.0,1.0,2.0,1.1,0.05,2,0,2.25,1.1500000000000001,,10.85,0.00047999999999999974,current_capacity_exceeded
12.0,1.0,2.0,1.1,0.05,2,5,1.7000000000000002,1.1500000000000001,10.3,10.85,,below_provisional_10.8V_target
12.0,1.0,2.0,1.1,0.1,1,0,1.2000000000000002,0.65,10.8,11.35,,within_provisional_envelope
12.0,1.0,2.0,1.1,0.1,1,5,1.2000000000000002,0.65,10.8,11.35,,within_provisional_envelope
12.0,1.0,2.0,1.1,0.1,2,0,2.3000000000000003,1.2000000000000002,,10.8,0.0003999999999999994,current_capacity_exceeded
12.0,1.0,2.0,1.1,0.1,2,5,1.7500000000000002,1.2000000000000002,10.25,10.8,,below_provisional_10.8V_target
12.0,1.0,2.0,1.65,0.05,1,0,1.7,0.6000000000000001,10.3,11.4,,below_provisional_10.8V_target
12.0,1.0,2.0,1.65,0.05,1,5,1.7,0.6000000000000001,10.3,11.4,,below_provisional_10.8V_target
12.0,1.0,2.0,1.65,0.05,2,0,3.3499999999999996,1.1500000000000001,,10.85,8.888888888888887e-05,current_capacity_exceeded
12.0,1.0,2.0,1.65,0.05,2,5,2.25,1.1500000000000001,,10.85,0.00047999999999999974,current_capacity_exceeded
12.0,1.0,2.0,1.65,0.1,1,0,1.75,0.65,10.25,11.35,,below_provisional_10.8V_target
12.0,1.0,2.0,1.65,0.1,1,5,1.75,0.65,10.25,11.35,,below_provisional_10.8V_target
12.0,1.0,2.0,1.65,0.1,2,0,3.4,1.2000000000000002,,10.8,8.571428571428567e-05,current_capacity_exceeded
12.0,1.0,2.0,1.65,0.1,2,5,2.3000000000000003,1.2000000000000002,,10.8,0.0003999999999999994,current_capacity_exceeded
12.0,1.0,3.0,0.55,0.05,1,0,0.6000000000000001,0.6000000000000001,11.4,11.4,,within_provisional_envelope
12.0,1.0,3.0,0.55,0.05,1,5,0.6000000000000001,0.6000000000000001,11.4,11.4,,within_provisional_envelope
12.0,1.0,3.0,0.55,0.05,2,0,1.1500000000000001,1.1500000000000001,10.85,10.85,,within_provisional_envelope
12.0,1.0,3.0,0.55,0.05,2,5,1.1500000000000001,1.1500000000000001,10.85,10.85,,within_provisional_envelope
12.0,1.0,3.0,0.55,0.1,1,0,0.65,0.65,11.35,11.35,,within_provisional_envelope
12.0,1.0,3.0,0.55,0.1,1,5,0.65,0.65,11.35,11.35,,within_provisional_envelope
12.0,1.0,3.0,0.55,0.1,2,0,1.2000000000000002,1.2000000000000002,10.8,10.8,,within_provisional_envelope
12.0,1.0,3.0,0.55,0.1,2,5,1.2000000000000002,1.2000000000000002,10.8,10.8,,within_provisional_envelope
12.0,1.0,3.0,1.1,0.05,1,0,1.1500000000000001,0.6000000000000001,10.85,11.4,,within_provisional_envelope
12.0,1.0,3.0,1.1,0.05,1,5,1.1500000000000001,0.6000000000000001,10.85,11.4,,within_provisional_envelope
12.0,1.0,3.0,1.1,0.05,2,0,2.25,1.1500000000000001,9.75,10.85,,below_provisional_10.8V_target
12.0,1.0,3.0,1.1,0.05,2,5,1.7000000000000002,1.1500000000000001,10.3,10.85,,below_provisional_10.8V_target
12.0,1.0,3.0,1.1,0.1,1,0,1.2000000000000002,0.65,10.8,11.35,,within_provisional_envelope
12.0,1.0,3.0,1.1,0.1,1,5,1.2000000000000002,0.65,10.8,11.35,,within_provisional_envelope
12.0,1.0,3.0,1.1,0.1,2,0,2.3000000000000003,1.2000000000000002,9.7,10.8,,below_provisional_10.8V_target
12.0,1.0,3.0,1.1,0.1,2,5,1.7500000000000002,1.2000000000000002,10.25,10.8,,below_provisional_10.8V_target
12.0,1.0,3.0,1.65,0.05,1,0,1.7,0.6000000000000001,10.3,11.4,,below_provisional_10.8V_target
12.0,1.0,3.0,1.65,0.05,1,5,1.7,0.6000000000000001,10.3,11.4,,below_provisional_10.8V_target
12.0,1.0,3.0,1.65,0.05,2,0,3.3499999999999996,1.1500000000000001,,10.85,0.000342857142857143,current_capacity_exceeded
12.0,1.0,3.0,1.65,0.05,2,5,2.25,1.1500000000000001,9.75,10.85,,below_provisional_10.8V_target
12.0,1.0,3.0,1.65,0.1,1,0,1.75,0.65,10.25,11.35,,below_provisional_10.8V_target
12.0,1.0,3.0,1.65,0.1,1,5,1.75,0.65,10.25,11.35,,below_provisional_10.8V_target
12.0,1.0,3.0,1.65,0.1,2,0,3.4,1.2000000000000002,,10.8,0.0002999999999999999,current_capacity_exceeded
12.0,1.0,3.0,1.65,0.1,2,5,2.3000000000000003,1.2000000000000002,9.7,10.8,,below_provisional_10.8V_target
12.0,1.0,4.0,0.55,0.05,1,0,0.6000000000000001,0.6000000000000001,11.4,11.4,,within_provisional_envelope
12.0,1.0,4.0,0.55,0.05,1,5,0.6000000000000001,0.6000000000000001,11.4,11.4,,within_provisional_envelope
12.0,1.0,4.0,0.55,0.05,2,0,1.1500000000000001,1.1500000000000001,10.85,10.85,,within_provisional_envelope
12.0,1.0,4.0,0.55,0.05,2,5,1.1500000000000001,1.1500000000000001,10.85,10.85,,within_provisional_envelope
12.0,1.0,4.0,0.55,0.1,1,0,0.65,0.65,11.35,11.35,,within_provisional_envelope
12.0,1.0,4.0,0.55,0.1,1,5,0.65,0.65,11.35,11.35,,within_provisional_envelope
12.0,1.0,4.0,0.55,0.1,2,0,1.2000000000000002,1.2000000000000002,10.8,10.8,,within_provisional_envelope
12.0,1.0,4.0,0.55,0.1,2,5,1.2000000000000002,1.2000000000000002,10.8,10.8,,within_provisional_envelope
12.0,1.0,4.0,1.1,0.05,1,0,1.1500000000000001,0.6000000000000001,10.85,11.4,,within_provisional_envelope
12.0,1.0,4.0,1.1,0.05,1,5,1.1500000000000001,0.6000000000000001,10.85,11.4,,within_provisional_envelope
12.0,1.0,4.0,1.1,0.05,2,0,2.25,1.1500000000000001,9.75,10.85,,below_provisional_10.8V_target
12.0,1.0,4.0,1.1,0.05,2,5,1.7000000000000002,1.1500000000000001,10.3,10.85,,below_provisional_10.8V_target
12.0,1.0,4.0,1.1,0.1,1,0,1.2000000000000002,0.65,10.8,11.35,,within_provisional_envelope
12.0,1.0,4.0,1.1,0.1,1,5,1.2000000000000002,0.65,10.8,11.35,,within_provisional_envelope
12.0,1.0,4.0,1.1,0.1,2,0,2.3000000000000003,1.2000000000000002,9.7,10.8,,below_provisional_10.8V_target
12.0,1.0,4.0,1.1,0.1,2,5,1.7500000000000002,1.2000000000000002,10.25,10.8,,below_provisional_10.8V_target
12.0,1.0,4.0,1.65,0.05,1,0,1.7,0.6000000000000001,10.3,11.4,,below_provisional_10.8V_target
12.0,1.0,4.0,1.65,0.05,1,5,1.7,0.6000000000000001,10.3,11.4,,below_provisional_10.8V_target
12.0,1.0,4.0,1.65,0.05,2,0,3.3499999999999996,1.1500000000000001,8.65,10.85,,below_provisional_10.8V_target
12.0,1.0,4.0,1.65,0.05,2,5,2.25,1.1500000000000001,9.75,10.85,,below_provisional_10.8V_target
12.0,1.0,4.0,1.65,0.1,1,0,1.75,0.65,10.25,11.35,,below_provisional_10.8V_target
12.0,1.0,4.0,1.65,0.1,1,5,1.75,0.65,10.25,11.35,,below_provisional_10.8V_target
12.0,1.0,4.0,1.65,0.1,2,0,3.4,1.2000000000000002,8.6,10.8,,below_provisional_10.8V_target
12.0,1.0,4.0,1.65,0.1,2,5,2.3000000000000003,1.2000000000000002,9.7,10.8,,below_provisional_10.8V_target
12.6,0.1,2.0,0.55,0.05,1,0,0.6000000000000001,0.6000000000000001,12.54,12.54,,within_provisional_envelope
12.6,0.1,2.0,0.55,0.05,1,5,0.6000000000000001,0.6000000000000001,12.54,12.54,,within_provisional_envelope
12.6,0.1,2.0,0.55,0.05,2,0,1.1500000000000001,1.1500000000000001,12.485,12.485,,within_provisional_envelope
12.6,0.1,2.0,0.55,0.05,2,5,1.1500000000000001,1.1500000000000001,12.485,12.485,,within_provisional_envelope
12.6,0.1,2.0,0.55,0.1,1,0,0.65,0.65,12.535,12.535,,within_provisional_envelope
12.6,0.1,2.0,0.55,0.1,1,5,0.65,0.65,12.535,12.535,,within_provisional_envelope
12.6,0.1,2.0,0.55,0.1,2,0,1.2000000000000002,1.2000000000000002,12.48,12.48,,within_provisional_envelope
12.6,0.1,2.0,0.55,0.1,2,5,1.2000000000000002,1.2000000000000002,12.48,12.48,,within_provisional_envelope
12.6,0.1,2.0,1.1,0.05,1,0,1.1500000000000001,0.6000000000000001,12.485,12.54,,within_provisional_envelope
12.6,0.1,2.0,1.1,0.05,1,5,1.1500000000000001,0.6000000000000001,12.485,12.54,,within_provisional_envelope
12.6,0.1,2.0,1.1,0.05,2,0,2.25,1.1500000000000001,,12.485,0.0007199999999999996,current_capacity_exceeded
12.6,0.1,2.0,1.1,0.05,2,5,1.7000000000000002,1.1500000000000001,12.43,12.485,,within_provisional_envelope
12.6,0.1,2.0,1.1,0.1,1,0,1.2000000000000002,0.65,12.48,12.535,,within_provisional_envelope
12.6,0.1,2.0,1.1,0.1,1,5,1.2000000000000002,0.65,12.48,12.535,,within_provisional_envelope
12.6,0.1,2.0,1.1,0.1,2,0,2.3000000000000003,1.2000000000000002,,12.48,0.0005999999999999992,current_capacity_exceeded
12.6,0.1,2.0,1.1,0.1,2,5,1.7500000000000002,1.2000000000000002,12.424999999999999,12.48,,within_provisional_envelope
12.6,0.1,2.0,1.65,0.05,1,0,1.7,0.6000000000000001,12.43,12.54,,within_provisional_envelope
12.6,0.1,2.0,1.65,0.05,1,5,1.7,0.6000000000000001,12.43,12.54,,within_provisional_envelope
12.6,0.1,2.0,1.65,0.05,2,0,3.3499999999999996,1.1500000000000001,,12.485,0.00013333333333333329,current_capacity_exceeded
12.6,0.1,2.0,1.65,0.05,2,5,2.25,1.1500000000000001,,12.485,0.0007199999999999996,current_capacity_exceeded
12.6,0.1,2.0,1.65,0.1,1,0,1.75,0.65,12.424999999999999,12.535,,within_provisional_envelope
12.6,0.1,2.0,1.65,0.1,1,5,1.75,0.65,12.424999999999999,12.535,,within_provisional_envelope
12.6,0.1,2.0,1.65,0.1,2,0,3.4,1.2000000000000002,,12.48,0.00012857142857142852,current_capacity_exceeded
12.6,0.1,2.0,1.65,0.1,2,5,2.3000000000000003,1.2000000000000002,,12.48,0.0005999999999999992,current_capacity_exceeded
12.6,0.1,3.0,0.55,0.05,1,0,0.6000000000000001,0.6000000000000001,12.54,12.54,,within_provisional_envelope
12.6,0.1,3.0,0.55,0.05,1,5,0.6000000000000001,0.6000000000000001,12.54,12.54,,within_provisional_envelope
12.6,0.1,3.0,0.55,0.05,2,0,1.1500000000000001,1.1500000000000001,12.485,12.485,,within_provisional_envelope
12.6,0.1,3.0,0.55,0.05,2,5,1.1500000000000001,1.1500000000000001,12.485,12.485,,within_provisional_envelope
12.6,0.1,3.0,0.55,0.1,1,0,0.65,0.65,12.535,12.535,,within_provisional_envelope
12.6,0.1,3.0,0.55,0.1,1,5,0.65,0.65,12.535,12.535,,within_provisional_envelope
12.6,0.1,3.0,0.55,0.1,2,0,1.2000000000000002,1.2000000000000002,12.48,12.48,,within_provisional_envelope
12.6,0.1,3.0,0.55,0.1,2,5,1.2000000000000002,1.2000000000000002,12.48,12.48,,within_provisional_envelope
12.6,0.1,3.0,1.1,0.05,1,0,1.1500000000000001,0.6000000000000001,12.485,12.54,,within_provisional_envelope
12.6,0.1,3.0,1.1,0.05,1,5,1.1500000000000001,0.6000000000000001,12.485,12.54,,within_provisional_envelope
12.6,0.1,3.0,1.1,0.05,2,0,2.25,1.1500000000000001,12.375,12.485,,within_provisional_envelope
12.6,0.1,3.0,1.1,0.05,2,5,1.7000000000000002,1.1500000000000001,12.43,12.485,,within_provisional_envelope
12.6,0.1,3.0,1.1,0.1,1,0,1.2000000000000002,0.65,12.48,12.535,,within_provisional_envelope
12.6,0.1,3.0,1.1,0.1,1,5,1.2000000000000002,0.65,12.48,12.535,,within_provisional_envelope
12.6,0.1,3.0,1.1,0.1,2,0,2.3000000000000003,1.2000000000000002,12.37,12.48,,within_provisional_envelope
12.6,0.1,3.0,1.1,0.1,2,5,1.7500000000000002,1.2000000000000002,12.424999999999999,12.48,,within_provisional_envelope
12.6,0.1,3.0,1.65,0.05,1,0,1.7,0.6000000000000001,12.43,12.54,,within_provisional_envelope
12.6,0.1,3.0,1.65,0.05,1,5,1.7,0.6000000000000001,12.43,12.54,,within_provisional_envelope
12.6,0.1,3.0,1.65,0.05,2,0,3.3499999999999996,1.1500000000000001,,12.485,0.0005142857142857145,current_capacity_exceeded
12.6,0.1,3.0,1.65,0.05,2,5,2.25,1.1500000000000001,12.375,12.485,,within_provisional_envelope
12.6,0.1,3.0,1.65,0.1,1,0,1.75,0.65,12.424999999999999,12.535,,within_provisional_envelope
12.6,0.1,3.0,1.65,0.1,1,5,1.75,0.65,12.424999999999999,12.535,,within_provisional_envelope
12.6,0.1,3.0,1.65,0.1,2,0,3.4,1.2000000000000002,,12.48,0.0004499999999999999,current_capacity_exceeded
12.6,0.1,3.0,1.65,0.1,2,5,2.3000000000000003,1.2000000000000002,12.37,12.48,,within_provisional_envelope
12.6,0.1,4.0,0.55,0.05,1,0,0.6000000000000001,0.6000000000000001,12.54,12.54,,within_provisional_envelope
12.6,0.1,4.0,0.55,0.05,1,5,0.6000000000000001,0.6000000000000001,12.54,12.54,,within_provisional_envelope
12.6,0.1,4.0,0.55,0.05,2,0,1.1500000000000001,1.1500000000000001,12.485,12.485,,within_provisional_envelope
12.6,0.1,4.0,0.55,0.05,2,5,1.1500000000000001,1.1500000000000001,12.485,12.485,,within_provisional_envelope
12.6,0.1,4.0,0.55,0.1,1,0,0.65,0.65,12.535,12.535,,within_provisional_envelope
12.6,0.1,4.0,0.55,0.1,1,5,0.65,0.65,12.535,12.535,,within_provisional_envelope
12.6,0.1,4.0,0.55,0.1,2,0,1.2000000000000002,1.2000000000000002,12.48,12.48,,within_provisional_envelope
12.6,0.1,4.0,0.55,0.1,2,5,1.2000000000000002,1.2000000000000002,12.48,12.48,,within_provisional_envelope
12.6,0.1,4.0,1.1,0.05,1,0,1.1500000000000001,0.6000000000000001,12.485,12.54,,within_provisional_envelope
12.6,0.1,4.0,1.1,0.05,1,5,1.1500000000000001,0.6000000000000001,12.485,12.54,,within_provisional_envelope
12.6,0.1,4.0,1.1,0.05,2,0,2.25,1.1500000000000001,12.375,12.485,,within_provisional_envelope
12.6,0.1,4.0,1.1,0.05,2,5,1.7000000000000002,1.1500000000000001,12.43,12.485,,within_provisional_envelope
12.6,0.1,4.0,1.1,0.1,1,0,1.2000000000000002,0.65,12.48,12.535,,within_provisional_envelope
12.6,0.1,4.0,1.1,0.1,1,5,1.2000000000000002,0.65,12.48,12.535,,within_provisional_envelope
12.6,0.1,4.0,1.1,0.1,2,0,2.3000000000000003,1.2000000000000002,12.37,12.48,,within_provisional_envelope
12.6,0.1,4.0,1.1,0.1,2,5,1.7500000000000002,1.2000000000000002,12.424999999999999,12.48,,within_provisional_envelope
12.6,0.1,4.0,1.65,0.05,1,0,1.7,0.6000000000000001,12.43,12.54,,within_provisional_envelope
12.6,0.1,4.0,1.65,0.05,1,5,1.7,0.6000000000000001,12.43,12.54,,within_provisional_envelope
12.6,0.1,4.0,1.65,0.05,2,0,3.3499999999999996,1.1500000000000001,12.265,12.485,,within_provisional_envelope
12.6,0.1,4.0,1.65,0.05,2,5,2.25,1.1500000000000001,12.375,12.485,,within_provisional_envelope
12.6,0.1,4.0,1.65,0.1,1,0,1.75,0.65,12.424999999999999,12.535,,within_provisional_envelope
12.6,0.1,4.0,1.65,0.1,1,5,1.75,0.65,12.424999999999999,12.535,,within_provisional_envelope
12.6,0.1,4.0,1.65,0.1,2,0,3.4,1.2000000000000002,12.26,12.48,,within_provisional_envelope
12.6,0.1,4.0,1.65,0.1,2,5,2.3000000000000003,1.2000000000000002,12.37,12.48,,within_provisional_envelope
12.6,0.25,2.0,0.55,0.05,1,0,0.6000000000000001,0.6000000000000001,12.45,12.45,,within_provisional_envelope
12.6,0.25,2.0,0.55,0.05,1,5,0.6000000000000001,0.6000000000000001,12.45,12.45,,within_provisional_envelope
12.6,0.25,2.0,0.55,0.05,2,0,1.1500000000000001,1.1500000000000001,12.3125,12.3125,,within_provisional_envelope
12.6,0.25,2.0,0.55,0.05,2,5,1.1500000000000001,1.1500000000000001,12.3125,12.3125,,within_provisional_envelope
12.6,0.25,2.0,0.55,0.1,1,0,0.65,0.65,12.4375,12.4375,,within_provisional_envelope
12.6,0.25,2.0,0.55,0.1,1,5,0.65,0.65,12.4375,12.4375,,within_provisional_envelope
12.6,0.25,2.0,0.55,0.1,2,0,1.2000000000000002,1.2000000000000002,12.299999999999999,12.299999999999999,,within_provisional_envelope
12.6,0.25,2.0,0.55,0.1,2,5,1.2000000000000002,1.2000000000000002,12.299999999999999,12.299999999999999,,within_provisional_envelope
12.6,0.25,2.0,1.1,0.05,1,0,1.1500000000000001,0.6000000000000001,12.3125,12.45,,within_provisional_envelope
12.6,0.25,2.0,1.1,0.05,1,5,1.1500000000000001,0.6000000000000001,12.3125,12.45,,within_provisional_envelope
12.6,0.25,2.0,1.1,0.05,2,0,2.25,1.1500000000000001,,12.3125,0.0007199999999999996,current_capacity_exceeded
12.6,0.25,2.0,1.1,0.05,2,5,1.7000000000000002,1.1500000000000001,12.174999999999999,12.3125,,within_provisional_envelope
12.6,0.25,2.0,1.1,0.1,1,0,1.2000000000000002,0.65,12.299999999999999,12.4375,,within_provisional_envelope
12.6,0.25,2.0,1.1,0.1,1,5,1.2000000000000002,0.65,12.299999999999999,12.4375,,within_provisional_envelope
12.6,0.25,2.0,1.1,0.1,2,0,2.3000000000000003,1.2000000000000002,,12.299999999999999,0.0005999999999999992,current_capacity_exceeded
12.6,0.25,2.0,1.1,0.1,2,5,1.7500000000000002,1.2000000000000002,12.1625,12.299999999999999,,within_provisional_envelope
12.6,0.25,2.0,1.65,0.05,1,0,1.7,0.6000000000000001,12.174999999999999,12.45,,within_provisional_envelope
12.6,0.25,2.0,1.65,0.05,1,5,1.7,0.6000000000000001,12.174999999999999,12.45,,within_provisional_envelope
12.6,0.25,2.0,1.65,0.05,2,0,3.3499999999999996,1.1500000000000001,,12.3125,0.00013333333333333329,current_capacity_exceeded
12.6,0.25,2.0,1.65,0.05,2,5,2.25,1.1500000000000001,,12.3125,0.0007199999999999996,current_capacity_exceeded
12.6,0.25,2.0,1.65,0.1,1,0,1.75,0.65,12.1625,12.4375,,within_provisional_envelope
12.6,0.25,2.0,1.65,0.1,1,5,1.75,0.65,12.1625,12.4375,,within_provisional_envelope
12.6,0.25,2.0,1.65,0.1,2,0,3.4,1.2000000000000002,,12.299999999999999,0.00012857142857142852,current_capacity_exceeded
12.6,0.25,2.0,1.65,0.1,2,5,2.3000000000000003,1.2000000000000002,,12.299999999999999,0.0005999999999999992,current_capacity_exceeded
12.6,0.25,3.0,0.55,0.05,1,0,0.6000000000000001,0.6000000000000001,12.45,12.45,,within_provisional_envelope
12.6,0.25,3.0,0.55,0.05,1,5,0.6000000000000001,0.6000000000000001,12.45,12.45,,within_provisional_envelope
12.6,0.25,3.0,0.55,0.05,2,0,1.1500000000000001,1.1500000000000001,12.3125,12.3125,,within_provisional_envelope
12.6,0.25,3.0,0.55,0.05,2,5,1.1500000000000001,1.1500000000000001,12.3125,12.3125,,within_provisional_envelope
12.6,0.25,3.0,0.55,0.1,1,0,0.65,0.65,12.4375,12.4375,,within_provisional_envelope
12.6,0.25,3.0,0.55,0.1,1,5,0.65,0.65,12.4375,12.4375,,within_provisional_envelope
12.6,0.25,3.0,0.55,0.1,2,0,1.2000000000000002,1.2000000000000002,12.299999999999999,12.299999999999999,,within_provisional_envelope
12.6,0.25,3.0,0.55,0.1,2,5,1.2000000000000002,1.2000000000000002,12.299999999999999,12.299999999999999,,within_provisional_envelope
12.6,0.25,3.0,1.1,0.05,1,0,1.1500000000000001,0.6000000000000001,12.3125,12.45,,within_provisional_envelope
12.6,0.25,3.0,1.1,0.05,1,5,1.1500000000000001,0.6000000000000001,12.3125,12.45,,within_provisional_envelope
12.6,0.25,3.0,1.1,0.05,2,0,2.25,1.1500000000000001,12.0375,12.3125,,within_provisional_envelope
12.6,0.25,3.0,1.1,0.05,2,5,1.7000000000000002,1.1500000000000001,12.174999999999999,12.3125,,within_provisional_envelope
12.6,0.25,3.0,1.1,0.1,1,0,1.2000000000000002,0.65,12.299999999999999,12.4375,,within_provisional_envelope
12.6,0.25,3.0,1.1,0.1,1,5,1.2000000000000002,0.65,12.299999999999999,12.4375,,within_provisional_envelope
12.6,0.25,3.0,1.1,0.1,2,0,2.3000000000000003,1.2000000000000002,12.025,12.299999999999999,,within_provisional_envelope
12.6,0.25,3.0,1.1,0.1,2,5,1.7500000000000002,1.2000000000000002,12.1625,12.299999999999999,,within_provisional_envelope
12.6,0.25,3.0,1.65,0.05,1,0,1.7,0.6000000000000001,12.174999999999999,12.45,,within_provisional_envelope
12.6,0.25,3.0,1.65,0.05,1,5,1.7,0.6000000000000001,12.174999999999999,12.45,,within_provisional_envelope
12.6,0.25,3.0,1.65,0.05,2,0,3.3499999999999996,1.1500000000000001,,12.3125,0.0005142857142857145,current_capacity_exceeded
12.6,0.25,3.0,1.65,0.05,2,5,2.25,1.1500000000000001,12.0375,12.3125,,within_provisional_envelope
12.6,0.25,3.0,1.65,0.1,1,0,1.75,0.65,12.1625,12.4375,,within_provisional_envelope
12.6,0.25,3.0,1.65,0.1,1,5,1.75,0.65,12.1625,12.4375,,within_provisional_envelope
12.6,0.25,3.0,1.65,0.1,2,0,3.4,1.2000000000000002,,12.299999999999999,0.0004499999999999999,current_capacity_exceeded
12.6,0.25,3.0,1.65,0.1,2,5,2.3000000000000003,1.2000000000000002,12.025,12.299999999999999,,within_provisional_envelope
12.6,0.25,4.0,0.55,0.05,1,0,0.6000000000000001,0.6000000000000001,12.45,12.45,,within_provisional_envelope
12.6,0.25,4.0,0.55,0.05,1,5,0.6000000000000001,0.6000000000000001,12.45,12.45,,within_provisional_envelope
12.6,0.25,4.0,0.55,0.05,2,0,1.1500000000000001,1.1500000000000001,12.3125,12.3125,,within_provisional_envelope
12.6,0.25,4.0,0.55,0.05,2,5,1.1500000000000001,1.1500000000000001,12.3125,12.3125,,within_provisional_envelope
12.6,0.25,4.0,0.55,0.1,1,0,0.65,0.65,12.4375,12.4375,,within_provisional_envelope
12.6,0.25,4.0,0.55,0.1,1,5,0.65,0.65,12.4375,12.4375,,within_provisional_envelope
12.6,0.25,4.0,0.55,0.1,2,0,1.2000000000000002,1.2000000000000002,12.299999999999999,12.299999999999999,,within_provisional_envelope
12.6,0.25,4.0,0.55,0.1,2,5,1.2000000000000002,1.2000000000000002,12.299999999999999,12.299999999999999,,within_provisional_envelope
12.6,0.25,4.0,1.1,0.05,1,0,1.1500000000000001,0.6000000000000001,12.3125,12.45,,within_provisional_envelope
12.6,0.25,4.0,1.1,0.05,1,5,1.1500000000000001,0.6000000000000001,12.3125,12.45,,within_provisional_envelope
12.6,0.25,4.0,1.1,0.05,2,0,2.25,1.1500000000000001,12.0375,12.3125,,within_provisional_envelope
12.6,0.25,4.0,1.1,0.05,2,5,1.7000000000000002,1.1500000000000001,12.174999999999999,12.3125,,within_provisional_envelope
12.6,0.25,4.0,1.1,0.1,1,0,1.2000000000000002,0.65,12.299999999999999,12.4375,,within_provisional_envelope
12.6,0.25,4.0,1.1,0.1,1,5,1.2000000000000002,0.65,12.299999999999999,12.4375,,within_provisional_envelope
12.6,0.25,4.0,1.1,0.1,2,0,2.3000000000000003,1.2000000000000002,12.025,12.299999999999999,,within_provisional_envelope
12.6,0.25,4.0,1.1,0.1,2,5,1.7500000000000002,1.2000000000000002,12.1625,12.299999999999999,,within_provisional_envelope
12.6,0.25,4.0,1.65,0.05,1,0,1.7,0.6000000000000001,12.174999999999999,12.45,,within_provisional_envelope
12.6,0.25,4.0,1.65,0.05,1,5,1.7,0.6000000000000001,12.174999999999999,12.45,,within_provisional_envelope
12.6,0.25,4.0,1.65,0.05,2,0,3.3499999999999996,1.1500000000000001,11.7625,12.3125,,within_provisional_envelope
12.6,0.25,4.0,1.65,0.05,2,5,2.25,1.1500000000000001,12.0375,12.3125,,within_provisional_envelope
12.6,0.25,4.0,1.65,0.1,1,0,1.75,0.65,12.1625,12.4375,,within_provisional_envelope
12.6,0.25,4.0,1.65,0.1,1,5,1.75,0.65,12.1625,12.4375,,within_provisional_envelope
12.6,0.25,4.0,1.65,0.1,2,0,3.4,1.2000000000000002,11.75,12.299999999999999,,within_provisional_envelope
12.6,0.25,4.0,1.65,0.1,2,5,2.3000000000000003,1.2000000000000002,12.025,12.299999999999999,,within_provisional_envelope
12.6,0.5,2.0,0.55,0.05,1,0,0.6000000000000001,0.6000000000000001,12.299999999999999,12.299999999999999,,within_provisional_envelope
12.6,0.5,2.0,0.55,0.05,1,5,0.6000000000000001,0.6000000000000001,12.299999999999999,12.299999999999999,,within_provisional_envelope
12.6,0.5,2.0,0.55,0.05,2,0,1.1500000000000001,1.1500000000000001,12.025,12.025,,within_provisional_envelope
12.6,0.5,2.0,0.55,0.05,2,5,1.1500000000000001,1.1500000000000001,12.025,12.025,,within_provisional_envelope
12.6,0.5,2.0,0.55,0.1,1,0,0.65,0.65,12.275,12.275,,within_provisional_envelope
12.6,0.5,2.0,0.55,0.1,1,5,0.65,0.65,12.275,12.275,,within_provisional_envelope
12.6,0.5,2.0,0.55,0.1,2,0,1.2000000000000002,1.2000000000000002,12.0,12.0,,within_provisional_envelope
12.6,0.5,2.0,0.55,0.1,2,5,1.2000000000000002,1.2000000000000002,12.0,12.0,,within_provisional_envelope
12.6,0.5,2.0,1.1,0.05,1,0,1.1500000000000001,0.6000000000000001,12.025,12.299999999999999,,within_provisional_envelope
12.6,0.5,2.0,1.1,0.05,1,5,1.1500000000000001,0.6000000000000001,12.025,12.299999999999999,,within_provisional_envelope
12.6,0.5,2.0,1.1,0.05,2,0,2.25,1.1500000000000001,,12.025,0.0007199999999999996,current_capacity_exceeded
12.6,0.5,2.0,1.1,0.05,2,5,1.7000000000000002,1.1500000000000001,11.75,12.025,,within_provisional_envelope
12.6,0.5,2.0,1.1,0.1,1,0,1.2000000000000002,0.65,12.0,12.275,,within_provisional_envelope
12.6,0.5,2.0,1.1,0.1,1,5,1.2000000000000002,0.65,12.0,12.275,,within_provisional_envelope
12.6,0.5,2.0,1.1,0.1,2,0,2.3000000000000003,1.2000000000000002,,12.0,0.0005999999999999992,current_capacity_exceeded
12.6,0.5,2.0,1.1,0.1,2,5,1.7500000000000002,1.2000000000000002,11.725,12.0,,within_provisional_envelope
12.6,0.5,2.0,1.65,0.05,1,0,1.7,0.6000000000000001,11.75,12.299999999999999,,within_provisional_envelope
12.6,0.5,2.0,1.65,0.05,1,5,1.7,0.6000000000000001,11.75,12.299999999999999,,within_provisional_envelope
12.6,0.5,2.0,1.65,0.05,2,0,3.3499999999999996,1.1500000000000001,,12.025,0.00013333333333333329,current_capacity_exceeded
12.6,0.5,2.0,1.65,0.05,2,5,2.25,1.1500000000000001,,12.025,0.0007199999999999996,current_capacity_exceeded
12.6,0.5,2.0,1.65,0.1,1,0,1.75,0.65,11.725,12.275,,within_provisional_envelope
12.6,0.5,2.0,1.65,0.1,1,5,1.75,0.65,11.725,12.275,,within_provisional_envelope
12.6,0.5,2.0,1.65,0.1,2,0,3.4,1.2000000000000002,,12.0,0.00012857142857142852,current_capacity_exceeded
12.6,0.5,2.0,1.65,0.1,2,5,2.3000000000000003,1.2000000000000002,,12.0,0.0005999999999999992,current_capacity_exceeded
12.6,0.5,3.0,0.55,0.05,1,0,0.6000000000000001,0.6000000000000001,12.299999999999999,12.299999999999999,,within_provisional_envelope
12.6,0.5,3.0,0.55,0.05,1,5,0.6000000000000001,0.6000000000000001,12.299999999999999,12.299999999999999,,within_provisional_envelope
12.6,0.5,3.0,0.55,0.05,2,0,1.1500000000000001,1.1500000000000001,12.025,12.025,,within_provisional_envelope
12.6,0.5,3.0,0.55,0.05,2,5,1.1500000000000001,1.1500000000000001,12.025,12.025,,within_provisional_envelope
12.6,0.5,3.0,0.55,0.1,1,0,0.65,0.65,12.275,12.275,,within_provisional_envelope
12.6,0.5,3.0,0.55,0.1,1,5,0.65,0.65,12.275,12.275,,within_provisional_envelope
12.6,0.5,3.0,0.55,0.1,2,0,1.2000000000000002,1.2000000000000002,12.0,12.0,,within_provisional_envelope
12.6,0.5,3.0,0.55,0.1,2,5,1.2000000000000002,1.2000000000000002,12.0,12.0,,within_provisional_envelope
12.6,0.5,3.0,1.1,0.05,1,0,1.1500000000000001,0.6000000000000001,12.025,12.299999999999999,,within_provisional_envelope
12.6,0.5,3.0,1.1,0.05,1,5,1.1500000000000001,0.6000000000000001,12.025,12.299999999999999,,within_provisional_envelope
12.6,0.5,3.0,1.1,0.05,2,0,2.25,1.1500000000000001,11.475,12.025,,within_provisional_envelope
12.6,0.5,3.0,1.1,0.05,2,5,1.7000000000000002,1.1500000000000001,11.75,12.025,,within_provisional_envelope
12.6,0.5,3.0,1.1,0.1,1,0,1.2000000000000002,0.65,12.0,12.275,,within_provisional_envelope
12.6,0.5,3.0,1.1,0.1,1,5,1.2000000000000002,0.65,12.0,12.275,,within_provisional_envelope
12.6,0.5,3.0,1.1,0.1,2,0,2.3000000000000003,1.2000000000000002,11.45,12.0,,within_provisional_envelope
12.6,0.5,3.0,1.1,0.1,2,5,1.7500000000000002,1.2000000000000002,11.725,12.0,,within_provisional_envelope
12.6,0.5,3.0,1.65,0.05,1,0,1.7,0.6000000000000001,11.75,12.299999999999999,,within_provisional_envelope
12.6,0.5,3.0,1.65,0.05,1,5,1.7,0.6000000000000001,11.75,12.299999999999999,,within_provisional_envelope
12.6,0.5,3.0,1.65,0.05,2,0,3.3499999999999996,1.1500000000000001,,12.025,0.0005142857142857145,current_capacity_exceeded
12.6,0.5,3.0,1.65,0.05,2,5,2.25,1.1500000000000001,11.475,12.025,,within_provisional_envelope
12.6,0.5,3.0,1.65,0.1,1,0,1.75,0.65,11.725,12.275,,within_provisional_envelope
12.6,0.5,3.0,1.65,0.1,1,5,1.75,0.65,11.725,12.275,,within_provisional_envelope
12.6,0.5,3.0,1.65,0.1,2,0,3.4,1.2000000000000002,,12.0,0.0004499999999999999,current_capacity_exceeded
12.6,0.5,3.0,1.65,0.1,2,5,2.3000000000000003,1.2000000000000002,11.45,12.0,,within_provisional_envelope
12.6,0.5,4.0,0.55,0.05,1,0,0.6000000000000001,0.6000000000000001,12.299999999999999,12.299999999999999,,within_provisional_envelope
12.6,0.5,4.0,0.55,0.05,1,5,0.6000000000000001,0.6000000000000001,12.299999999999999,12.299999999999999,,within_provisional_envelope
12.6,0.5,4.0,0.55,0.05,2,0,1.1500000000000001,1.1500000000000001,12.025,12.025,,within_provisional_envelope
12.6,0.5,4.0,0.55,0.05,2,5,1.1500000000000001,1.1500000000000001,12.025,12.025,,within_provisional_envelope
12.6,0.5,4.0,0.55,0.1,1,0,0.65,0.65,12.275,12.275,,within_provisional_envelope
12.6,0.5,4.0,0.55,0.1,1,5,0.65,0.65,12.275,12.275,,within_provisional_envelope
12.6,0.5,4.0,0.55,0.1,2,0,1.2000000000000002,1.2000000000000002,12.0,12.0,,within_provisional_envelope
12.6,0.5,4.0,0.55,0.1,2,5,1.2000000000000002,1.2000000000000002,12.0,12.0,,within_provisional_envelope
12.6,0.5,4.0,1.1,0.05,1,0,1.1500000000000001,0.6000000000000001,12.025,12.299999999999999,,within_provisional_envelope
12.6,0.5,4.0,1.1,0.05,1,5,1.1500000000000001,0.6000000000000001,12.025,12.299999999999999,,within_provisional_envelope
12.6,0.5,4.0,1.1,0.05,2,0,2.25,1.1500000000000001,11.475,12.025,,within_provisional_envelope
12.6,0.5,4.0,1.1,0.05,2,5,1.7000000000000002,1.1500000000000001,11.75,12.025,,within_provisional_envelope
12.6,0.5,4.0,1.1,0.1,1,0,1.2000000000000002,0.65,12.0,12.275,,within_provisional_envelope
12.6,0.5,4.0,1.1,0.1,1,5,1.2000000000000002,0.65,12.0,12.275,,within_provisional_envelope
12.6,0.5,4.0,1.1,0.1,2,0,2.3000000000000003,1.2000000000000002,11.45,12.0,,within_provisional_envelope
12.6,0.5,4.0,1.1,0.1,2,5,1.7500000000000002,1.2000000000000002,11.725,12.0,,within_provisional_envelope
12.6,0.5,4.0,1.65,0.05,1,0,1.7,0.6000000000000001,11.75,12.299999999999999,,within_provisional_envelope
12.6,0.5,4.0,1.65,0.05,1,5,1.7,0.6000000000000001,11.75,12.299999999999999,,within_provisional_envelope
12.6,0.5,4.0,1.65,0.05,2,0,3.3499999999999996,1.1500000000000001,10.925,12.025,,within_provisional_envelope
12.6,0.5,4.0,1.65,0.05,2,5,2.25,1.1500000000000001,11.475,12.025,,within_provisional_envelope
12.6,0.5,4.0,1.65,0.1,1,0,1.75,0.65,11.725,12.275,,within_provisional_envelope
12.6,0.5,4.0,1.65,0.1,1,5,1.75,0.65,11.725,12.275,,within_provisional_envelope
12.6,0.5,4.0,1.65,0.1,2,0,3.4,1.2000000000000002,10.9,12.0,,within_provisional_envelope
12.6,0.5,4.0,1.65,0.1,2,5,2.3000000000000003,1.2000000000000002,11.45,12.0,,within_provisional_envelope
12.6,1.0,2.0,0.55,0.05,1,0,0.6000000000000001,0.6000000000000001,12.0,12.0,,within_provisional_envelope
12.6,1.0,2.0,0.55,0.05,1,5,0.6000000000000001,0.6000000000000001,12.0,12.0,,within_provisional_envelope
12.6,1.0,2.0,0.55,0.05,2,0,1.1500000000000001,1.1500000000000001,11.45,11.45,,within_provisional_envelope
12.6,1.0,2.0,0.55,0.05,2,5,1.1500000000000001,1.1500000000000001,11.45,11.45,,within_provisional_envelope
12.6,1.0,2.0,0.55,0.1,1,0,0.65,0.65,11.95,11.95,,within_provisional_envelope
12.6,1.0,2.0,0.55,0.1,1,5,0.65,0.65,11.95,11.95,,within_provisional_envelope
12.6,1.0,2.0,0.55,0.1,2,0,1.2000000000000002,1.2000000000000002,11.399999999999999,11.399999999999999,,within_provisional_envelope
12.6,1.0,2.0,0.55,0.1,2,5,1.2000000000000002,1.2000000000000002,11.399999999999999,11.399999999999999,,within_provisional_envelope
12.6,1.0,2.0,1.1,0.05,1,0,1.1500000000000001,0.6000000000000001,11.45,12.0,,within_provisional_envelope
12.6,1.0,2.0,1.1,0.05,1,5,1.1500000000000001,0.6000000000000001,11.45,12.0,,within_provisional_envelope
12.6,1.0,2.0,1.1,0.05,2,0,2.25,1.1500000000000001,,11.45,0.0007199999999999996,current_capacity_exceeded
12.6,1.0,2.0,1.1,0.05,2,5,1.7000000000000002,1.1500000000000001,10.899999999999999,11.45,,within_provisional_envelope
12.6,1.0,2.0,1.1,0.1,1,0,1.2000000000000002,0.65,11.399999999999999,11.95,,within_provisional_envelope
12.6,1.0,2.0,1.1,0.1,1,5,1.2000000000000002,0.65,11.399999999999999,11.95,,within_provisional_envelope
12.6,1.0,2.0,1.1,0.1,2,0,2.3000000000000003,1.2000000000000002,,11.399999999999999,0.0005999999999999992,current_capacity_exceeded
12.6,1.0,2.0,1.1,0.1,2,5,1.7500000000000002,1.2000000000000002,10.85,11.399999999999999,,within_provisional_envelope
12.6,1.0,2.0,1.65,0.05,1,0,1.7,0.6000000000000001,10.9,12.0,,within_provisional_envelope
12.6,1.0,2.0,1.65,0.05,1,5,1.7,0.6000000000000001,10.9,12.0,,within_provisional_envelope
12.6,1.0,2.0,1.65,0.05,2,0,3.3499999999999996,1.1500000000000001,,11.45,0.00013333333333333329,current_capacity_exceeded
12.6,1.0,2.0,1.65,0.05,2,5,2.25,1.1500000000000001,,11.45,0.0007199999999999996,current_capacity_exceeded
12.6,1.0,2.0,1.65,0.1,1,0,1.75,0.65,10.85,11.95,,within_provisional_envelope
12.6,1.0,2.0,1.65,0.1,1,5,1.75,0.65,10.85,11.95,,within_provisional_envelope
12.6,1.0,2.0,1.65,0.1,2,0,3.4,1.2000000000000002,,11.399999999999999,0.00012857142857142852,current_capacity_exceeded
12.6,1.0,2.0,1.65,0.1,2,5,2.3000000000000003,1.2000000000000002,,11.399999999999999,0.0005999999999999992,current_capacity_exceeded
12.6,1.0,3.0,0.55,0.05,1,0,0.6000000000000001,0.6000000000000001,12.0,12.0,,within_provisional_envelope
12.6,1.0,3.0,0.55,0.05,1,5,0.6000000000000001,0.6000000000000001,12.0,12.0,,within_provisional_envelope
12.6,1.0,3.0,0.55,0.05,2,0,1.1500000000000001,1.1500000000000001,11.45,11.45,,within_provisional_envelope
12.6,1.0,3.0,0.55,0.05,2,5,1.1500000000000001,1.1500000000000001,11.45,11.45,,within_provisional_envelope
12.6,1.0,3.0,0.55,0.1,1,0,0.65,0.65,11.95,11.95,,within_provisional_envelope
12.6,1.0,3.0,0.55,0.1,1,5,0.65,0.65,11.95,11.95,,within_provisional_envelope
12.6,1.0,3.0,0.55,0.1,2,0,1.2000000000000002,1.2000000000000002,11.399999999999999,11.399999999999999,,within_provisional_envelope
12.6,1.0,3.0,0.55,0.1,2,5,1.2000000000000002,1.2000000000000002,11.399999999999999,11.399999999999999,,within_provisional_envelope
12.6,1.0,3.0,1.1,0.05,1,0,1.1500000000000001,0.6000000000000001,11.45,12.0,,within_provisional_envelope
12.6,1.0,3.0,1.1,0.05,1,5,1.1500000000000001,0.6000000000000001,11.45,12.0,,within_provisional_envelope
12.6,1.0,3.0,1.1,0.05,2,0,2.25,1.1500000000000001,10.35,11.45,,below_provisional_10.8V_target
12.6,1.0,3.0,1.1,0.05,2,5,1.7000000000000002,1.1500000000000001,10.899999999999999,11.45,,within_provisional_envelope
12.6,1.0,3.0,1.1,0.1,1,0,1.2000000000000002,0.65,11.399999999999999,11.95,,within_provisional_envelope
12.6,1.0,3.0,1.1,0.1,1,5,1.2000000000000002,0.65,11.399999999999999,11.95,,within_provisional_envelope
12.6,1.0,3.0,1.1,0.1,2,0,2.3000000000000003,1.2000000000000002,10.299999999999999,11.399999999999999,,below_provisional_10.8V_target
12.6,1.0,3.0,1.1,0.1,2,5,1.7500000000000002,1.2000000000000002,10.85,11.399999999999999,,within_provisional_envelope
12.6,1.0,3.0,1.65,0.05,1,0,1.7,0.6000000000000001,10.9,12.0,,within_provisional_envelope
12.6,1.0,3.0,1.65,0.05,1,5,1.7,0.6000000000000001,10.9,12.0,,within_provisional_envelope
12.6,1.0,3.0,1.65,0.05,2,0,3.3499999999999996,1.1500000000000001,,11.45,0.0005142857142857145,current_capacity_exceeded
12.6,1.0,3.0,1.65,0.05,2,5,2.25,1.1500000000000001,10.35,11.45,,below_provisional_10.8V_target
12.6,1.0,3.0,1.65,0.1,1,0,1.75,0.65,10.85,11.95,,within_provisional_envelope
12.6,1.0,3.0,1.65,0.1,1,5,1.75,0.65,10.85,11.95,,within_provisional_envelope
12.6,1.0,3.0,1.65,0.1,2,0,3.4,1.2000000000000002,,11.399999999999999,0.0004499999999999999,current_capacity_exceeded
12.6,1.0,3.0,1.65,0.1,2,5,2.3000000000000003,1.2000000000000002,10.299999999999999,11.399999999999999,,below_provisional_10.8V_target
12.6,1.0,4.0,0.55,0.05,1,0,0.6000000000000001,0.6000000000000001,12.0,12.0,,within_provisional_envelope
12.6,1.0,4.0,0.55,0.05,1,5,0.6000000000000001,0.6000000000000001,12.0,12.0,,within_provisional_envelope
12.6,1.0,4.0,0.55,0.05,2,0,1.1500000000000001,1.1500000000000001,11.45,11.45,,within_provisional_envelope
12.6,1.0,4.0,0.55,0.05,2,5,1.1500000000000001,1.1500000000000001,11.45,11.45,,within_provisional_envelope
12.6,1.0,4.0,0.55,0.1,1,0,0.65,0.65,11.95,11.95,,within_provisional_envelope
12.6,1.0,4.0,0.55,0.1,1,5,0.65,0.65,11.95,11.95,,within_provisional_envelope
12.6,1.0,4.0,0.55,0.1,2,0,1.2000000000000002,1.2000000000000002,11.399999999999999,11.399999999999999,,within_provisional_envelope
12.6,1.0,4.0,0.55,0.1,2,5,1.2000000000000002,1.2000000000000002,11.399999999999999,11.399999999999999,,within_provisional_envelope
12.6,1.0,4.0,1.1,0.05,1,0,1.1500000000000001,0.6000000000000001,11.45,12.0,,within_provisional_envelope
12.6,1.0,4.0,1.1,0.05,1,5,1.1500000000000001,0.6000000000000001,11.45,12.0,,within_provisional_envelope
12.6,1.0,4.0,1.1,0.05,2,0,2.25,1.1500000000000001,10.35,11.45,,below_provisional_10.8V_target
12.6,1.0,4.0,1.1,0.05,2,5,1.7000000000000002,1.1500000000000001,10.899999999999999,11.45,,within_provisional_envelope
12.6,1.0,4.0,1.1,0.1,1,0,1.2000000000000002,0.65,11.399999999999999,11.95,,within_provisional_envelope
12.6,1.0,4.0,1.1,0.1,1,5,1.2000000000000002,0.65,11.399999999999999,11.95,,within_provisional_envelope
12.6,1.0,4.0,1.1,0.1,2,0,2.3000000000000003,1.2000000000000002,10.299999999999999,11.399999999999999,,below_provisional_10.8V_target
12.6,1.0,4.0,1.1,0.1,2,5,1.7500000000000002,1.2000000000000002,10.85,11.399999999999999,,within_provisional_envelope
12.6,1.0,4.0,1.65,0.05,1,0,1.7,0.6000000000000001,10.9,12.0,,within_provisional_envelope
12.6,1.0,4.0,1.65,0.05,1,5,1.7,0.6000000000000001,10.9,12.0,,within_provisional_envelope
12.6,1.0,4.0,1.65,0.05,2,0,3.3499999999999996,1.1500000000000001,9.25,11.45,,below_provisional_10.8V_target
12.6,1.0,4.0,1.65,0.05,2,5,2.25,1.1500000000000001,10.35,11.45,,below_provisional_10.8V_target
12.6,1.0,4.0,1.65,0.1,1,0,1.75,0.65,10.85,11.95,,within_provisional_envelope
12.6,1.0,4.0,1.65,0.1,1,5,1.75,0.65,10.85,11.95,,within_provisional_envelope
12.6,1.0,4.0,1.65,0.1,2,0,3.4,1.2000000000000002,9.2,11.399999999999999,,below_provisional_10.8V_target
12.6,1.0,4.0,1.65,0.1,2,5,2.3000000000000003,1.2000000000000002,10.299999999999999,11.399999999999999,,below_provisional_10.8V_target
13.2,0.1,2.0,0.55,0.05,1,0,0.6000000000000001,0.6000000000000001,13.139999999999999,13.139999999999999,,within_provisional_envelope
13.2,0.1,2.0,0.55,0.05,1,5,0.6000000000000001,0.6000000000000001,13.139999999999999,13.139999999999999,,within_provisional_envelope
13.2,0.1,2.0,0.55,0.05,2,0,1.1500000000000001,1.1500000000000001,13.084999999999999,13.084999999999999,,within_provisional_envelope
13.2,0.1,2.0,0.55,0.05,2,5,1.1500000000000001,1.1500000000000001,13.084999999999999,13.084999999999999,,within_provisional_envelope
13.2,0.1,2.0,0.55,0.1,1,0,0.65,0.65,13.135,13.135,,within_provisional_envelope
13.2,0.1,2.0,0.55,0.1,1,5,0.65,0.65,13.135,13.135,,within_provisional_envelope
13.2,0.1,2.0,0.55,0.1,2,0,1.2000000000000002,1.2000000000000002,13.08,13.08,,within_provisional_envelope
13.2,0.1,2.0,0.55,0.1,2,5,1.2000000000000002,1.2000000000000002,13.08,13.08,,within_provisional_envelope
13.2,0.1,2.0,1.1,0.05,1,0,1.1500000000000001,0.6000000000000001,13.084999999999999,13.139999999999999,,within_provisional_envelope
13.2,0.1,2.0,1.1,0.05,1,5,1.1500000000000001,0.6000000000000001,13.084999999999999,13.139999999999999,,within_provisional_envelope
13.2,0.1,2.0,1.1,0.05,2,0,2.25,1.1500000000000001,,13.084999999999999,0.0009599999999999995,current_capacity_exceeded
13.2,0.1,2.0,1.1,0.05,2,5,1.7000000000000002,1.1500000000000001,13.03,13.084999999999999,,within_provisional_envelope
13.2,0.1,2.0,1.1,0.1,1,0,1.2000000000000002,0.65,13.08,13.135,,within_provisional_envelope
13.2,0.1,2.0,1.1,0.1,1,5,1.2000000000000002,0.65,13.08,13.135,,within_provisional_envelope
13.2,0.1,2.0,1.1,0.1,2,0,2.3000000000000003,1.2000000000000002,,13.08,0.0007999999999999988,current_capacity_exceeded
13.2,0.1,2.0,1.1,0.1,2,5,1.7500000000000002,1.2000000000000002,13.024999999999999,13.08,,within_provisional_envelope
13.2,0.1,2.0,1.65,0.05,1,0,1.7,0.6000000000000001,13.03,13.139999999999999,,within_provisional_envelope
13.2,0.1,2.0,1.65,0.05,1,5,1.7,0.6000000000000001,13.03,13.139999999999999,,within_provisional_envelope
13.2,0.1,2.0,1.65,0.05,2,0,3.3499999999999996,1.1500000000000001,,13.084999999999999,0.00017777777777777773,current_capacity_exceeded
13.2,0.1,2.0,1.65,0.05,2,5,2.25,1.1500000000000001,,13.084999999999999,0.0009599999999999995,current_capacity_exceeded
13.2,0.1,2.0,1.65,0.1,1,0,1.75,0.65,13.024999999999999,13.135,,within_provisional_envelope
13.2,0.1,2.0,1.65,0.1,1,5,1.75,0.65,13.024999999999999,13.135,,within_provisional_envelope
13.2,0.1,2.0,1.65,0.1,2,0,3.4,1.2000000000000002,,13.08,0.00017142857142857134,current_capacity_exceeded
13.2,0.1,2.0,1.65,0.1,2,5,2.3000000000000003,1.2000000000000002,,13.08,0.0007999999999999988,current_capacity_exceeded
13.2,0.1,3.0,0.55,0.05,1,0,0.6000000000000001,0.6000000000000001,13.139999999999999,13.139999999999999,,within_provisional_envelope
13.2,0.1,3.0,0.55,0.05,1,5,0.6000000000000001,0.6000000000000001,13.139999999999999,13.139999999999999,,within_provisional_envelope
13.2,0.1,3.0,0.55,0.05,2,0,1.1500000000000001,1.1500000000000001,13.084999999999999,13.084999999999999,,within_provisional_envelope
13.2,0.1,3.0,0.55,0.05,2,5,1.1500000000000001,1.1500000000000001,13.084999999999999,13.084999999999999,,within_provisional_envelope
13.2,0.1,3.0,0.55,0.1,1,0,0.65,0.65,13.135,13.135,,within_provisional_envelope
13.2,0.1,3.0,0.55,0.1,1,5,0.65,0.65,13.135,13.135,,within_provisional_envelope
13.2,0.1,3.0,0.55,0.1,2,0,1.2000000000000002,1.2000000000000002,13.08,13.08,,within_provisional_envelope
13.2,0.1,3.0,0.55,0.1,2,5,1.2000000000000002,1.2000000000000002,13.08,13.08,,within_provisional_envelope
13.2,0.1,3.0,1.1,0.05,1,0,1.1500000000000001,0.6000000000000001,13.084999999999999,13.139999999999999,,within_provisional_envelope
13.2,0.1,3.0,1.1,0.05,1,5,1.1500000000000001,0.6000000000000001,13.084999999999999,13.139999999999999,,within_provisional_envelope
13.2,0.1,3.0,1.1,0.05,2,0,2.25,1.1500000000000001,12.975,13.084999999999999,,within_provisional_envelope
13.2,0.1,3.0,1.1,0.05,2,5,1.7000000000000002,1.1500000000000001,13.03,13.084999999999999,,within_provisional_envelope
13.2,0.1,3.0,1.1,0.1,1,0,1.2000000000000002,0.65,13.08,13.135,,within_provisional_envelope
13.2,0.1,3.0,1.1,0.1,1,5,1.2000000000000002,0.65,13.08,13.135,,within_provisional_envelope
13.2,0.1,3.0,1.1,0.1,2,0,2.3000000000000003,1.2000000000000002,12.969999999999999,13.08,,within_provisional_envelope
13.2,0.1,3.0,1.1,0.1,2,5,1.7500000000000002,1.2000000000000002,13.024999999999999,13.08,,within_provisional_envelope
13.2,0.1,3.0,1.65,0.05,1,0,1.7,0.6000000000000001,13.03,13.139999999999999,,within_provisional_envelope
13.2,0.1,3.0,1.65,0.05,1,5,1.7,0.6000000000000001,13.03,13.139999999999999,,within_provisional_envelope
13.2,0.1,3.0,1.65,0.05,2,0,3.3499999999999996,1.1500000000000001,,13.084999999999999,0.000685714285714286,current_capacity_exceeded
13.2,0.1,3.0,1.65,0.05,2,5,2.25,1.1500000000000001,12.975,13.084999999999999,,within_provisional_envelope
13.2,0.1,3.0,1.65,0.1,1,0,1.75,0.65,13.024999999999999,13.135,,within_provisional_envelope
13.2,0.1,3.0,1.65,0.1,1,5,1.75,0.65,13.024999999999999,13.135,,within_provisional_envelope
13.2,0.1,3.0,1.65,0.1,2,0,3.4,1.2000000000000002,,13.08,0.0005999999999999998,current_capacity_exceeded
13.2,0.1,3.0,1.65,0.1,2,5,2.3000000000000003,1.2000000000000002,12.969999999999999,13.08,,within_provisional_envelope
13.2,0.1,4.0,0.55,0.05,1,0,0.6000000000000001,0.6000000000000001,13.139999999999999,13.139999999999999,,within_provisional_envelope
13.2,0.1,4.0,0.55,0.05,1,5,0.6000000000000001,0.6000000000000001,13.139999999999999,13.139999999999999,,within_provisional_envelope
13.2,0.1,4.0,0.55,0.05,2,0,1.1500000000000001,1.1500000000000001,13.084999999999999,13.084999999999999,,within_provisional_envelope
13.2,0.1,4.0,0.55,0.05,2,5,1.1500000000000001,1.1500000000000001,13.084999999999999,13.084999999999999,,within_provisional_envelope
13.2,0.1,4.0,0.55,0.1,1,0,0.65,0.65,13.135,13.135,,within_provisional_envelope
13.2,0.1,4.0,0.55,0.1,1,5,0.65,0.65,13.135,13.135,,within_provisional_envelope
13.2,0.1,4.0,0.55,0.1,2,0,1.2000000000000002,1.2000000000000002,13.08,13.08,,within_provisional_envelope
13.2,0.1,4.0,0.55,0.1,2,5,1.2000000000000002,1.2000000000000002,13.08,13.08,,within_provisional_envelope
13.2,0.1,4.0,1.1,0.05,1,0,1.1500000000000001,0.6000000000000001,13.084999999999999,13.139999999999999,,within_provisional_envelope
13.2,0.1,4.0,1.1,0.05,1,5,1.1500000000000001,0.6000000000000001,13.084999999999999,13.139999999999999,,within_provisional_envelope
13.2,0.1,4.0,1.1,0.05,2,0,2.25,1.1500000000000001,12.975,13.084999999999999,,within_provisional_envelope
13.2,0.1,4.0,1.1,0.05,2,5,1.7000000000000002,1.1500000000000001,13.03,13.084999999999999,,within_provisional_envelope
13.2,0.1,4.0,1.1,0.1,1,0,1.2000000000000002,0.65,13.08,13.135,,within_provisional_envelope
13.2,0.1,4.0,1.1,0.1,1,5,1.2000000000000002,0.65,13.08,13.135,,within_provisional_envelope
13.2,0.1,4.0,1.1,0.1,2,0,2.3000000000000003,1.2000000000000002,12.969999999999999,13.08,,within_provisional_envelope
13.2,0.1,4.0,1.1,0.1,2,5,1.7500000000000002,1.2000000000000002,13.024999999999999,13.08,,within_provisional_envelope
13.2,0.1,4.0,1.65,0.05,1,0,1.7,0.6000000000000001,13.03,13.139999999999999,,within_provisional_envelope
13.2,0.1,4.0,1.65,0.05,1,5,1.7,0.6000000000000001,13.03,13.139999999999999,,within_provisional_envelope
13.2,0.1,4.0,1.65,0.05,2,0,3.3499999999999996,1.1500000000000001,12.864999999999998,13.084999999999999,,within_provisional_envelope
13.2,0.1,4.0,1.65,0.05,2,5,2.25,1.1500000000000001,12.975,13.084999999999999,,within_provisional_envelope
13.2,0.1,4.0,1.65,0.1,1,0,1.75,0.65,13.024999999999999,13.135,,within_provisional_envelope
13.2,0.1,4.0,1.65,0.1,1,5,1.75,0.65,13.024999999999999,13.135,,within_provisional_envelope
13.2,0.1,4.0,1.65,0.1,2,0,3.4,1.2000000000000002,12.86,13.08,,within_provisional_envelope
13.2,0.1,4.0,1.65,0.1,2,5,2.3000000000000003,1.2000000000000002,12.969999999999999,13.08,,within_provisional_envelope
13.2,0.25,2.0,0.55,0.05,1,0,0.6000000000000001,0.6000000000000001,13.049999999999999,13.049999999999999,,within_provisional_envelope
13.2,0.25,2.0,0.55,0.05,1,5,0.6000000000000001,0.6000000000000001,13.049999999999999,13.049999999999999,,within_provisional_envelope
13.2,0.25,2.0,0.55,0.05,2,0,1.1500000000000001,1.1500000000000001,12.9125,12.9125,,within_provisional_envelope
13.2,0.25,2.0,0.55,0.05,2,5,1.1500000000000001,1.1500000000000001,12.9125,12.9125,,within_provisional_envelope
13.2,0.25,2.0,0.55,0.1,1,0,0.65,0.65,13.0375,13.0375,,within_provisional_envelope
13.2,0.25,2.0,0.55,0.1,1,5,0.65,0.65,13.0375,13.0375,,within_provisional_envelope
13.2,0.25,2.0,0.55,0.1,2,0,1.2000000000000002,1.2000000000000002,12.899999999999999,12.899999999999999,,within_provisional_envelope
13.2,0.25,2.0,0.55,0.1,2,5,1.2000000000000002,1.2000000000000002,12.899999999999999,12.899999999999999,,within_provisional_envelope
13.2,0.25,2.0,1.1,0.05,1,0,1.1500000000000001,0.6000000000000001,12.9125,13.049999999999999,,within_provisional_envelope
13.2,0.25,2.0,1.1,0.05,1,5,1.1500000000000001,0.6000000000000001,12.9125,13.049999999999999,,within_provisional_envelope
13.2,0.25,2.0,1.1,0.05,2,0,2.25,1.1500000000000001,,12.9125,0.0009599999999999995,current_capacity_exceeded
13.2,0.25,2.0,1.1,0.05,2,5,1.7000000000000002,1.1500000000000001,12.774999999999999,12.9125,,within_provisional_envelope
13.2,0.25,2.0,1.1,0.1,1,0,1.2000000000000002,0.65,12.899999999999999,13.0375,,within_provisional_envelope
13.2,0.25,2.0,1.1,0.1,1,5,1.2000000000000002,0.65,12.899999999999999,13.0375,,within_provisional_envelope
13.2,0.25,2.0,1.1,0.1,2,0,2.3000000000000003,1.2000000000000002,,12.899999999999999,0.0007999999999999988,current_capacity_exceeded
13.2,0.25,2.0,1.1,0.1,2,5,1.7500000000000002,1.2000000000000002,12.7625,12.899999999999999,,within_provisional_envelope
13.2,0.25,2.0,1.65,0.05,1,0,1.7,0.6000000000000001,12.774999999999999,13.049999999999999,,within_provisional_envelope
13.2,0.25,2.0,1.65,0.05,1,5,1.7,0.6000000000000001,12.774999999999999,13.049999999999999,,within_provisional_envelope
13.2,0.25,2.0,1.65,0.05,2,0,3.3499999999999996,1.1500000000000001,,12.9125,0.00017777777777777773,current_capacity_exceeded
13.2,0.25,2.0,1.65,0.05,2,5,2.25,1.1500000000000001,,12.9125,0.0009599999999999995,current_capacity_exceeded
13.2,0.25,2.0,1.65,0.1,1,0,1.75,0.65,12.7625,13.0375,,within_provisional_envelope
13.2,0.25,2.0,1.65,0.1,1,5,1.75,0.65,12.7625,13.0375,,within_provisional_envelope
13.2,0.25,2.0,1.65,0.1,2,0,3.4,1.2000000000000002,,12.899999999999999,0.00017142857142857134,current_capacity_exceeded
13.2,0.25,2.0,1.65,0.1,2,5,2.3000000000000003,1.2000000000000002,,12.899999999999999,0.0007999999999999988,current_capacity_exceeded
13.2,0.25,3.0,0.55,0.05,1,0,0.6000000000000001,0.6000000000000001,13.049999999999999,13.049999999999999,,within_provisional_envelope
13.2,0.25,3.0,0.55,0.05,1,5,0.6000000000000001,0.6000000000000001,13.049999999999999,13.049999999999999,,within_provisional_envelope
13.2,0.25,3.0,0.55,0.05,2,0,1.1500000000000001,1.1500000000000001,12.9125,12.9125,,within_provisional_envelope
13.2,0.25,3.0,0.55,0.05,2,5,1.1500000000000001,1.1500000000000001,12.9125,12.9125,,within_provisional_envelope
13.2,0.25,3.0,0.55,0.1,1,0,0.65,0.65,13.0375,13.0375,,within_provisional_envelope
13.2,0.25,3.0,0.55,0.1,1,5,0.65,0.65,13.0375,13.0375,,within_provisional_envelope
13.2,0.25,3.0,0.55,0.1,2,0,1.2000000000000002,1.2000000000000002,12.899999999999999,12.899999999999999,,within_provisional_envelope
13.2,0.25,3.0,0.55,0.1,2,5,1.2000000000000002,1.2000000000000002,12.899999999999999,12.899999999999999,,within_provisional_envelope
13.2,0.25,3.0,1.1,0.05,1,0,1.1500000000000001,0.6000000000000001,12.9125,13.049999999999999,,within_provisional_envelope
13.2,0.25,3.0,1.1,0.05,1,5,1.1500000000000001,0.6000000000000001,12.9125,13.049999999999999,,within_provisional_envelope
13.2,0.25,3.0,1.1,0.05,2,0,2.25,1.1500000000000001,12.6375,12.9125,,within_provisional_envelope
13.2,0.25,3.0,1.1,0.05,2,5,1.7000000000000002,1.1500000000000001,12.774999999999999,12.9125,,within_provisional_envelope
13.2,0.25,3.0,1.1,0.1,1,0,1.2000000000000002,0.65,12.899999999999999,13.0375,,within_provisional_envelope
13.2,0.25,3.0,1.1,0.1,1,5,1.2000000000000002,0.65,12.899999999999999,13.0375,,within_provisional_envelope
13.2,0.25,3.0,1.1,0.1,2,0,2.3000000000000003,1.2000000000000002,12.625,12.899999999999999,,within_provisional_envelope
13.2,0.25,3.0,1.1,0.1,2,5,1.7500000000000002,1.2000000000000002,12.7625,12.899999999999999,,within_provisional_envelope
13.2,0.25,3.0,1.65,0.05,1,0,1.7,0.6000000000000001,12.774999999999999,13.049999999999999,,within_provisional_envelope
13.2,0.25,3.0,1.65,0.05,1,5,1.7,0.6000000000000001,12.774999999999999,13.049999999999999,,within_provisional_envelope
13.2,0.25,3.0,1.65,0.05,2,0,3.3499999999999996,1.1500000000000001,,12.9125,0.000685714285714286,current_capacity_exceeded
13.2,0.25,3.0,1.65,0.05,2,5,2.25,1.1500000000000001,12.6375,12.9125,,within_provisional_envelope
13.2,0.25,3.0,1.65,0.1,1,0,1.75,0.65,12.7625,13.0375,,within_provisional_envelope
13.2,0.25,3.0,1.65,0.1,1,5,1.75,0.65,12.7625,13.0375,,within_provisional_envelope
13.2,0.25,3.0,1.65,0.1,2,0,3.4,1.2000000000000002,,12.899999999999999,0.0005999999999999998,current_capacity_exceeded
13.2,0.25,3.0,1.65,0.1,2,5,2.3000000000000003,1.2000000000000002,12.625,12.899999999999999,,within_provisional_envelope
13.2,0.25,4.0,0.55,0.05,1,0,0.6000000000000001,0.6000000000000001,13.049999999999999,13.049999999999999,,within_provisional_envelope
13.2,0.25,4.0,0.55,0.05,1,5,0.6000000000000001,0.6000000000000001,13.049999999999999,13.049999999999999,,within_provisional_envelope
13.2,0.25,4.0,0.55,0.05,2,0,1.1500000000000001,1.1500000000000001,12.9125,12.9125,,within_provisional_envelope
13.2,0.25,4.0,0.55,0.05,2,5,1.1500000000000001,1.1500000000000001,12.9125,12.9125,,within_provisional_envelope
13.2,0.25,4.0,0.55,0.1,1,0,0.65,0.65,13.0375,13.0375,,within_provisional_envelope
13.2,0.25,4.0,0.55,0.1,1,5,0.65,0.65,13.0375,13.0375,,within_provisional_envelope
13.2,0.25,4.0,0.55,0.1,2,0,1.2000000000000002,1.2000000000000002,12.899999999999999,12.899999999999999,,within_provisional_envelope
13.2,0.25,4.0,0.55,0.1,2,5,1.2000000000000002,1.2000000000000002,12.899999999999999,12.899999999999999,,within_provisional_envelope
13.2,0.25,4.0,1.1,0.05,1,0,1.1500000000000001,0.6000000000000001,12.9125,13.049999999999999,,within_provisional_envelope
13.2,0.25,4.0,1.1,0.05,1,5,1.1500000000000001,0.6000000000000001,12.9125,13.049999999999999,,within_provisional_envelope
13.2,0.25,4.0,1.1,0.05,2,0,2.25,1.1500000000000001,12.6375,12.9125,,within_provisional_envelope
13.2,0.25,4.0,1.1,0.05,2,5,1.7000000000000002,1.1500000000000001,12.774999999999999,12.9125,,within_provisional_envelope
13.2,0.25,4.0,1.1,0.1,1,0,1.2000000000000002,0.65,12.899999999999999,13.0375,,within_provisional_envelope
13.2,0.25,4.0,1.1,0.1,1,5,1.2000000000000002,0.65,12.899999999999999,13.0375,,within_provisional_envelope
13.2,0.25,4.0,1.1,0.1,2,0,2.3000000000000003,1.2000000000000002,12.625,12.899999999999999,,within_provisional_envelope
13.2,0.25,4.0,1.1,0.1,2,5,1.7500000000000002,1.2000000000000002,12.7625,12.899999999999999,,within_provisional_envelope
13.2,0.25,4.0,1.65,0.05,1,0,1.7,0.6000000000000001,12.774999999999999,13.049999999999999,,within_provisional_envelope
13.2,0.25,4.0,1.65,0.05,1,5,1.7,0.6000000000000001,12.774999999999999,13.049999999999999,,within_provisional_envelope
13.2,0.25,4.0,1.65,0.05,2,0,3.3499999999999996,1.1500000000000001,12.362499999999999,12.9125,,within_provisional_envelope
13.2,0.25,4.0,1.65,0.05,2,5,2.25,1.1500000000000001,12.6375,12.9125,,within_provisional_envelope
13.2,0.25,4.0,1.65,0.1,1,0,1.75,0.65,12.7625,13.0375,,within_provisional_envelope
13.2,0.25,4.0,1.65,0.1,1,5,1.75,0.65,12.7625,13.0375,,within_provisional_envelope
13.2,0.25,4.0,1.65,0.1,2,0,3.4,1.2000000000000002,12.35,12.899999999999999,,within_provisional_envelope
13.2,0.25,4.0,1.65,0.1,2,5,2.3000000000000003,1.2000000000000002,12.625,12.899999999999999,,within_provisional_envelope
13.2,0.5,2.0,0.55,0.05,1,0,0.6000000000000001,0.6000000000000001,12.899999999999999,12.899999999999999,,within_provisional_envelope
13.2,0.5,2.0,0.55,0.05,1,5,0.6000000000000001,0.6000000000000001,12.899999999999999,12.899999999999999,,within_provisional_envelope
13.2,0.5,2.0,0.55,0.05,2,0,1.1500000000000001,1.1500000000000001,12.625,12.625,,within_provisional_envelope
13.2,0.5,2.0,0.55,0.05,2,5,1.1500000000000001,1.1500000000000001,12.625,12.625,,within_provisional_envelope
13.2,0.5,2.0,0.55,0.1,1,0,0.65,0.65,12.875,12.875,,within_provisional_envelope
13.2,0.5,2.0,0.55,0.1,1,5,0.65,0.65,12.875,12.875,,within_provisional_envelope
13.2,0.5,2.0,0.55,0.1,2,0,1.2000000000000002,1.2000000000000002,12.6,12.6,,within_provisional_envelope
13.2,0.5,2.0,0.55,0.1,2,5,1.2000000000000002,1.2000000000000002,12.6,12.6,,within_provisional_envelope
13.2,0.5,2.0,1.1,0.05,1,0,1.1500000000000001,0.6000000000000001,12.625,12.899999999999999,,within_provisional_envelope
13.2,0.5,2.0,1.1,0.05,1,5,1.1500000000000001,0.6000000000000001,12.625,12.899999999999999,,within_provisional_envelope
13.2,0.5,2.0,1.1,0.05,2,0,2.25,1.1500000000000001,,12.625,0.0009599999999999995,current_capacity_exceeded
13.2,0.5,2.0,1.1,0.05,2,5,1.7000000000000002,1.1500000000000001,12.35,12.625,,within_provisional_envelope
13.2,0.5,2.0,1.1,0.1,1,0,1.2000000000000002,0.65,12.6,12.875,,within_provisional_envelope
13.2,0.5,2.0,1.1,0.1,1,5,1.2000000000000002,0.65,12.6,12.875,,within_provisional_envelope
13.2,0.5,2.0,1.1,0.1,2,0,2.3000000000000003,1.2000000000000002,,12.6,0.0007999999999999988,current_capacity_exceeded
13.2,0.5,2.0,1.1,0.1,2,5,1.7500000000000002,1.2000000000000002,12.325,12.6,,within_provisional_envelope
13.2,0.5,2.0,1.65,0.05,1,0,1.7,0.6000000000000001,12.35,12.899999999999999,,within_provisional_envelope
13.2,0.5,2.0,1.65,0.05,1,5,1.7,0.6000000000000001,12.35,12.899999999999999,,within_provisional_envelope
13.2,0.5,2.0,1.65,0.05,2,0,3.3499999999999996,1.1500000000000001,,12.625,0.00017777777777777773,current_capacity_exceeded
13.2,0.5,2.0,1.65,0.05,2,5,2.25,1.1500000000000001,,12.625,0.0009599999999999995,current_capacity_exceeded
13.2,0.5,2.0,1.65,0.1,1,0,1.75,0.65,12.325,12.875,,within_provisional_envelope
13.2,0.5,2.0,1.65,0.1,1,5,1.75,0.65,12.325,12.875,,within_provisional_envelope
13.2,0.5,2.0,1.65,0.1,2,0,3.4,1.2000000000000002,,12.6,0.00017142857142857134,current_capacity_exceeded
13.2,0.5,2.0,1.65,0.1,2,5,2.3000000000000003,1.2000000000000002,,12.6,0.0007999999999999988,current_capacity_exceeded
13.2,0.5,3.0,0.55,0.05,1,0,0.6000000000000001,0.6000000000000001,12.899999999999999,12.899999999999999,,within_provisional_envelope
13.2,0.5,3.0,0.55,0.05,1,5,0.6000000000000001,0.6000000000000001,12.899999999999999,12.899999999999999,,within_provisional_envelope
13.2,0.5,3.0,0.55,0.05,2,0,1.1500000000000001,1.1500000000000001,12.625,12.625,,within_provisional_envelope
13.2,0.5,3.0,0.55,0.05,2,5,1.1500000000000001,1.1500000000000001,12.625,12.625,,within_provisional_envelope
13.2,0.5,3.0,0.55,0.1,1,0,0.65,0.65,12.875,12.875,,within_provisional_envelope
13.2,0.5,3.0,0.55,0.1,1,5,0.65,0.65,12.875,12.875,,within_provisional_envelope
13.2,0.5,3.0,0.55,0.1,2,0,1.2000000000000002,1.2000000000000002,12.6,12.6,,within_provisional_envelope
13.2,0.5,3.0,0.55,0.1,2,5,1.2000000000000002,1.2000000000000002,12.6,12.6,,within_provisional_envelope
13.2,0.5,3.0,1.1,0.05,1,0,1.1500000000000001,0.6000000000000001,12.625,12.899999999999999,,within_provisional_envelope
13.2,0.5,3.0,1.1,0.05,1,5,1.1500000000000001,0.6000000000000001,12.625,12.899999999999999,,within_provisional_envelope
13.2,0.5,3.0,1.1,0.05,2,0,2.25,1.1500000000000001,12.075,12.625,,within_provisional_envelope
13.2,0.5,3.0,1.1,0.05,2,5,1.7000000000000002,1.1500000000000001,12.35,12.625,,within_provisional_envelope
13.2,0.5,3.0,1.1,0.1,1,0,1.2000000000000002,0.65,12.6,12.875,,within_provisional_envelope
13.2,0.5,3.0,1.1,0.1,1,5,1.2000000000000002,0.65,12.6,12.875,,within_provisional_envelope
13.2,0.5,3.0,1.1,0.1,2,0,2.3000000000000003,1.2000000000000002,12.049999999999999,12.6,,within_provisional_envelope
13.2,0.5,3.0,1.1,0.1,2,5,1.7500000000000002,1.2000000000000002,12.325,12.6,,within_provisional_envelope
13.2,0.5,3.0,1.65,0.05,1,0,1.7,0.6000000000000001,12.35,12.899999999999999,,within_provisional_envelope
13.2,0.5,3.0,1.65,0.05,1,5,1.7,0.6000000000000001,12.35,12.899999999999999,,within_provisional_envelope
13.2,0.5,3.0,1.65,0.05,2,0,3.3499999999999996,1.1500000000000001,,12.625,0.000685714285714286,current_capacity_exceeded
13.2,0.5,3.0,1.65,0.05,2,5,2.25,1.1500000000000001,12.075,12.625,,within_provisional_envelope
13.2,0.5,3.0,1.65,0.1,1,0,1.75,0.65,12.325,12.875,,within_provisional_envelope
13.2,0.5,3.0,1.65,0.1,1,5,1.75,0.65,12.325,12.875,,within_provisional_envelope
13.2,0.5,3.0,1.65,0.1,2,0,3.4,1.2000000000000002,,12.6,0.0005999999999999998,current_capacity_exceeded
13.2,0.5,3.0,1.65,0.1,2,5,2.3000000000000003,1.2000000000000002,12.049999999999999,12.6,,within_provisional_envelope
13.2,0.5,4.0,0.55,0.05,1,0,0.6000000000000001,0.6000000000000001,12.899999999999999,12.899999999999999,,within_provisional_envelope
13.2,0.5,4.0,0.55,0.05,1,5,0.6000000000000001,0.6000000000000001,12.899999999999999,12.899999999999999,,within_provisional_envelope
13.2,0.5,4.0,0.55,0.05,2,0,1.1500000000000001,1.1500000000000001,12.625,12.625,,within_provisional_envelope
13.2,0.5,4.0,0.55,0.05,2,5,1.1500000000000001,1.1500000000000001,12.625,12.625,,within_provisional_envelope
13.2,0.5,4.0,0.55,0.1,1,0,0.65,0.65,12.875,12.875,,within_provisional_envelope
13.2,0.5,4.0,0.55,0.1,1,5,0.65,0.65,12.875,12.875,,within_provisional_envelope
13.2,0.5,4.0,0.55,0.1,2,0,1.2000000000000002,1.2000000000000002,12.6,12.6,,within_provisional_envelope
13.2,0.5,4.0,0.55,0.1,2,5,1.2000000000000002,1.2000000000000002,12.6,12.6,,within_provisional_envelope
13.2,0.5,4.0,1.1,0.05,1,0,1.1500000000000001,0.6000000000000001,12.625,12.899999999999999,,within_provisional_envelope
13.2,0.5,4.0,1.1,0.05,1,5,1.1500000000000001,0.6000000000000001,12.625,12.899999999999999,,within_provisional_envelope
13.2,0.5,4.0,1.1,0.05,2,0,2.25,1.1500000000000001,12.075,12.625,,within_provisional_envelope
13.2,0.5,4.0,1.1,0.05,2,5,1.7000000000000002,1.1500000000000001,12.35,12.625,,within_provisional_envelope
13.2,0.5,4.0,1.1,0.1,1,0,1.2000000000000002,0.65,12.6,12.875,,within_provisional_envelope
13.2,0.5,4.0,1.1,0.1,1,5,1.2000000000000002,0.65,12.6,12.875,,within_provisional_envelope
13.2,0.5,4.0,1.1,0.1,2,0,2.3000000000000003,1.2000000000000002,12.049999999999999,12.6,,within_provisional_envelope
13.2,0.5,4.0,1.1,0.1,2,5,1.7500000000000002,1.2000000000000002,12.325,12.6,,within_provisional_envelope
13.2,0.5,4.0,1.65,0.05,1,0,1.7,0.6000000000000001,12.35,12.899999999999999,,within_provisional_envelope
13.2,0.5,4.0,1.65,0.05,1,5,1.7,0.6000000000000001,12.35,12.899999999999999,,within_provisional_envelope
13.2,0.5,4.0,1.65,0.05,2,0,3.3499999999999996,1.1500000000000001,11.524999999999999,12.625,,within_provisional_envelope
13.2,0.5,4.0,1.65,0.05,2,5,2.25,1.1500000000000001,12.075,12.625,,within_provisional_envelope
13.2,0.5,4.0,1.65,0.1,1,0,1.75,0.65,12.325,12.875,,within_provisional_envelope
13.2,0.5,4.0,1.65,0.1,1,5,1.75,0.65,12.325,12.875,,within_provisional_envelope
13.2,0.5,4.0,1.65,0.1,2,0,3.4,1.2000000000000002,11.5,12.6,,within_provisional_envelope
13.2,0.5,4.0,1.65,0.1,2,5,2.3000000000000003,1.2000000000000002,12.049999999999999,12.6,,within_provisional_envelope
13.2,1.0,2.0,0.55,0.05,1,0,0.6000000000000001,0.6000000000000001,12.6,12.6,,within_provisional_envelope
13.2,1.0,2.0,0.55,0.05,1,5,0.6000000000000001,0.6000000000000001,12.6,12.6,,within_provisional_envelope
13.2,1.0,2.0,0.55,0.05,2,0,1.1500000000000001,1.1500000000000001,12.049999999999999,12.049999999999999,,within_provisional_envelope
13.2,1.0,2.0,0.55,0.05,2,5,1.1500000000000001,1.1500000000000001,12.049999999999999,12.049999999999999,,within_provisional_envelope
13.2,1.0,2.0,0.55,0.1,1,0,0.65,0.65,12.549999999999999,12.549999999999999,,within_provisional_envelope
13.2,1.0,2.0,0.55,0.1,1,5,0.65,0.65,12.549999999999999,12.549999999999999,,within_provisional_envelope
13.2,1.0,2.0,0.55,0.1,2,0,1.2000000000000002,1.2000000000000002,12.0,12.0,,within_provisional_envelope
13.2,1.0,2.0,0.55,0.1,2,5,1.2000000000000002,1.2000000000000002,12.0,12.0,,within_provisional_envelope
13.2,1.0,2.0,1.1,0.05,1,0,1.1500000000000001,0.6000000000000001,12.049999999999999,12.6,,within_provisional_envelope
13.2,1.0,2.0,1.1,0.05,1,5,1.1500000000000001,0.6000000000000001,12.049999999999999,12.6,,within_provisional_envelope
13.2,1.0,2.0,1.1,0.05,2,0,2.25,1.1500000000000001,,12.049999999999999,0.0009599999999999995,current_capacity_exceeded
13.2,1.0,2.0,1.1,0.05,2,5,1.7000000000000002,1.1500000000000001,11.5,12.049999999999999,,within_provisional_envelope
13.2,1.0,2.0,1.1,0.1,1,0,1.2000000000000002,0.65,12.0,12.549999999999999,,within_provisional_envelope
13.2,1.0,2.0,1.1,0.1,1,5,1.2000000000000002,0.65,12.0,12.549999999999999,,within_provisional_envelope
13.2,1.0,2.0,1.1,0.1,2,0,2.3000000000000003,1.2000000000000002,,12.0,0.0007999999999999988,current_capacity_exceeded
13.2,1.0,2.0,1.1,0.1,2,5,1.7500000000000002,1.2000000000000002,11.45,12.0,,within_provisional_envelope
13.2,1.0,2.0,1.65,0.05,1,0,1.7,0.6000000000000001,11.5,12.6,,within_provisional_envelope
13.2,1.0,2.0,1.65,0.05,1,5,1.7,0.6000000000000001,11.5,12.6,,within_provisional_envelope
13.2,1.0,2.0,1.65,0.05,2,0,3.3499999999999996,1.1500000000000001,,12.049999999999999,0.00017777777777777773,current_capacity_exceeded
13.2,1.0,2.0,1.65,0.05,2,5,2.25,1.1500000000000001,,12.049999999999999,0.0009599999999999995,current_capacity_exceeded
13.2,1.0,2.0,1.65,0.1,1,0,1.75,0.65,11.45,12.549999999999999,,within_provisional_envelope
13.2,1.0,2.0,1.65,0.1,1,5,1.75,0.65,11.45,12.549999999999999,,within_provisional_envelope
13.2,1.0,2.0,1.65,0.1,2,0,3.4,1.2000000000000002,,12.0,0.00017142857142857134,current_capacity_exceeded
13.2,1.0,2.0,1.65,0.1,2,5,2.3000000000000003,1.2000000000000002,,12.0,0.0007999999999999988,current_capacity_exceeded
13.2,1.0,3.0,0.55,0.05,1,0,0.6000000000000001,0.6000000000000001,12.6,12.6,,within_provisional_envelope
13.2,1.0,3.0,0.55,0.05,1,5,0.6000000000000001,0.6000000000000001,12.6,12.6,,within_provisional_envelope
13.2,1.0,3.0,0.55,0.05,2,0,1.1500000000000001,1.1500000000000001,12.049999999999999,12.049999999999999,,within_provisional_envelope
13.2,1.0,3.0,0.55,0.05,2,5,1.1500000000000001,1.1500000000000001,12.049999999999999,12.049999999999999,,within_provisional_envelope
13.2,1.0,3.0,0.55,0.1,1,0,0.65,0.65,12.549999999999999,12.549999999999999,,within_provisional_envelope
13.2,1.0,3.0,0.55,0.1,1,5,0.65,0.65,12.549999999999999,12.549999999999999,,within_provisional_envelope
13.2,1.0,3.0,0.55,0.1,2,0,1.2000000000000002,1.2000000000000002,12.0,12.0,,within_provisional_envelope
13.2,1.0,3.0,0.55,0.1,2,5,1.2000000000000002,1.2000000000000002,12.0,12.0,,within_provisional_envelope
13.2,1.0,3.0,1.1,0.05,1,0,1.1500000000000001,0.6000000000000001,12.049999999999999,12.6,,within_provisional_envelope
13.2,1.0,3.0,1.1,0.05,1,5,1.1500000000000001,0.6000000000000001,12.049999999999999,12.6,,within_provisional_envelope
13.2,1.0,3.0,1.1,0.05,2,0,2.25,1.1500000000000001,10.95,12.049999999999999,,within_provisional_envelope
13.2,1.0,3.0,1.1,0.05,2,5,1.7000000000000002,1.1500000000000001,11.5,12.049999999999999,,within_provisional_envelope
13.2,1.0,3.0,1.1,0.1,1,0,1.2000000000000002,0.65,12.0,12.549999999999999,,within_provisional_envelope
13.2,1.0,3.0,1.1,0.1,1,5,1.2000000000000002,0.65,12.0,12.549999999999999,,within_provisional_envelope
13.2,1.0,3.0,1.1,0.1,2,0,2.3000000000000003,1.2000000000000002,10.899999999999999,12.0,,within_provisional_envelope
13.2,1.0,3.0,1.1,0.1,2,5,1.7500000000000002,1.2000000000000002,11.45,12.0,,within_provisional_envelope
13.2,1.0,3.0,1.65,0.05,1,0,1.7,0.6000000000000001,11.5,12.6,,within_provisional_envelope
13.2,1.0,3.0,1.65,0.05,1,5,1.7,0.6000000000000001,11.5,12.6,,within_provisional_envelope
13.2,1.0,3.0,1.65,0.05,2,0,3.3499999999999996,1.1500000000000001,,12.049999999999999,0.000685714285714286,current_capacity_exceeded
13.2,1.0,3.0,1.65,0.05,2,5,2.25,1.1500000000000001,10.95,12.049999999999999,,within_provisional_envelope
13.2,1.0,3.0,1.65,0.1,1,0,1.75,0.65,11.45,12.549999999999999,,within_provisional_envelope
13.2,1.0,3.0,1.65,0.1,1,5,1.75,0.65,11.45,12.549999999999999,,within_provisional_envelope
13.2,1.0,3.0,1.65,0.1,2,0,3.4,1.2000000000000002,,12.0,0.0005999999999999998,current_capacity_exceeded
13.2,1.0,3.0,1.65,0.1,2,5,2.3000000000000003,1.2000000000000002,10.899999999999999,12.0,,within_provisional_envelope
13.2,1.0,4.0,0.55,0.05,1,0,0.6000000000000001,0.6000000000000001,12.6,12.6,,within_provisional_envelope
13.2,1.0,4.0,0.55,0.05,1,5,0.6000000000000001,0.6000000000000001,12.6,12.6,,within_provisional_envelope
13.2,1.0,4.0,0.55,0.05,2,0,1.1500000000000001,1.1500000000000001,12.049999999999999,12.049999999999999,,within_provisional_envelope
13.2,1.0,4.0,0.55,0.05,2,5,1.1500000000000001,1.1500000000000001,12.049999999999999,12.049999999999999,,within_provisional_envelope
13.2,1.0,4.0,0.55,0.1,1,0,0.65,0.65,12.549999999999999,12.549999999999999,,within_provisional_envelope
13.2,1.0,4.0,0.55,0.1,1,5,0.65,0.65,12.549999999999999,12.549999999999999,,within_provisional_envelope
13.2,1.0,4.0,0.55,0.1,2,0,1.2000000000000002,1.2000000000000002,12.0,12.0,,within_provisional_envelope
13.2,1.0,4.0,0.55,0.1,2,5,1.2000000000000002,1.2000000000000002,12.0,12.0,,within_provisional_envelope
13.2,1.0,4.0,1.1,0.05,1,0,1.1500000000000001,0.6000000000000001,12.049999999999999,12.6,,within_provisional_envelope
13.2,1.0,4.0,1.1,0.05,1,5,1.1500000000000001,0.6000000000000001,12.049999999999999,12.6,,within_provisional_envelope
13.2,1.0,4.0,1.1,0.05,2,0,2.25,1.1500000000000001,10.95,12.049999999999999,,within_provisional_envelope
13.2,1.0,4.0,1.1,0.05,2,5,1.7000000000000002,1.1500000000000001,11.5,12.049999999999999,,within_provisional_envelope
13.2,1.0,4.0,1.1,0.1,1,0,1.2000000000000002,0.65,12.0,12.549999999999999,,within_provisional_envelope
13.2,1.0,4.0,1.1,0.1,1,5,1.2000000000000002,0.65,12.0,12.549999999999999,,within_provisional_envelope
13.2,1.0,4.0,1.1,0.1,2,0,2.3000000000000003,1.2000000000000002,10.899999999999999,12.0,,within_provisional_envelope
13.2,1.0,4.0,1.1,0.1,2,5,1.7500000000000002,1.2000000000000002,11.45,12.0,,within_provisional_envelope
13.2,1.0,4.0,1.65,0.05,1,0,1.7,0.6000000000000001,11.5,12.6,,within_provisional_envelope
13.2,1.0,4.0,1.65,0.05,1,5,1.7,0.6000000000000001,11.5,12.6,,within_provisional_envelope
13.2,1.0,4.0,1.65,0.05,2,0,3.3499999999999996,1.1500000000000001,9.85,12.049999999999999,,below_provisional_10.8V_target
13.2,1.0,4.0,1.65,0.05,2,5,2.25,1.1500000000000001,10.95,12.049999999999999,,within_provisional_envelope
13.2,1.0,4.0,1.65,0.1,1,0,1.75,0.65,11.45,12.549999999999999,,within_provisional_envelope
13.2,1.0,4.0,1.65,0.1,1,5,1.75,0.65,11.45,12.549999999999999,,within_provisional_envelope
13.2,1.0,4.0,1.65,0.1,2,0,3.4,1.2000000000000002,9.799999999999999,12.0,,below_provisional_10.8V_target
13.2,1.0,4.0,1.65,0.1,2,5,2.3000000000000003,1.2000000000000002,10.899999999999999,12.0,,within_provisional_envelope
13.8,0.1,2.0,0.55,0.05,1,0,0.6000000000000001,0.6000000000000001,13.74,13.74,,overvoltage
13.8,0.1,2.0,0.55,0.05,1,5,0.6000000000000001,0.6000000000000001,13.74,13.74,,overvoltage
13.8,0.1,2.0,0.55,0.05,2,0,1.1500000000000001,1.1500000000000001,13.685,13.685,,overvoltage
13.8,0.1,2.0,0.55,0.05,2,5,1.1500000000000001,1.1500000000000001,13.685,13.685,,overvoltage
13.8,0.1,2.0,0.55,0.1,1,0,0.65,0.65,13.735000000000001,13.735000000000001,,overvoltage
13.8,0.1,2.0,0.55,0.1,1,5,0.65,0.65,13.735000000000001,13.735000000000001,,overvoltage
13.8,0.1,2.0,0.55,0.1,2,0,1.2000000000000002,1.2000000000000002,13.680000000000001,13.680000000000001,,overvoltage
13.8,0.1,2.0,0.55,0.1,2,5,1.2000000000000002,1.2000000000000002,13.680000000000001,13.680000000000001,,overvoltage
13.8,0.1,2.0,1.1,0.05,1,0,1.1500000000000001,0.6000000000000001,13.685,13.74,,overvoltage
13.8,0.1,2.0,1.1,0.05,1,5,1.1500000000000001,0.6000000000000001,13.685,13.74,,overvoltage
13.8,0.1,2.0,1.1,0.05,2,0,2.25,1.1500000000000001,,13.685,0.0012000000000000001,overvoltage;current_capacity_exceeded
13.8,0.1,2.0,1.1,0.05,2,5,1.7000000000000002,1.1500000000000001,13.63,13.685,,overvoltage
13.8,0.1,2.0,1.1,0.1,1,0,1.2000000000000002,0.65,13.680000000000001,13.735000000000001,,overvoltage
13.8,0.1,2.0,1.1,0.1,1,5,1.2000000000000002,0.65,13.680000000000001,13.735000000000001,,overvoltage
13.8,0.1,2.0,1.1,0.1,2,0,2.3000000000000003,1.2000000000000002,,13.680000000000001,0.0009999999999999992,overvoltage;current_capacity_exceeded
13.8,0.1,2.0,1.1,0.1,2,5,1.7500000000000002,1.2000000000000002,13.625,13.680000000000001,,overvoltage
13.8,0.1,2.0,1.65,0.05,1,0,1.7,0.6000000000000001,13.63,13.74,,overvoltage
13.8,0.1,2.0,1.65,0.05,1,5,1.7,0.6000000000000001,13.63,13.74,,overvoltage
13.8,0.1,2.0,1.65,0.05,2,0,3.3499999999999996,1.1500000000000001,,13.685,0.00022222222222222231,overvoltage;current_capacity_exceeded
13.8,0.1,2.0,1.65,0.05,2,5,2.25,1.1500000000000001,,13.685,0.0012000000000000001,overvoltage;current_capacity_exceeded
13.8,0.1,2.0,1.65,0.1,1,0,1.75,0.65,13.625,13.735000000000001,,overvoltage
13.8,0.1,2.0,1.65,0.1,1,5,1.75,0.65,13.625,13.735000000000001,,overvoltage
13.8,0.1,2.0,1.65,0.1,2,0,3.4,1.2000000000000002,,13.680000000000001,0.00021428571428571433,overvoltage;current_capacity_exceeded
13.8,0.1,2.0,1.65,0.1,2,5,2.3000000000000003,1.2000000000000002,,13.680000000000001,0.0009999999999999992,overvoltage;current_capacity_exceeded
13.8,0.1,3.0,0.55,0.05,1,0,0.6000000000000001,0.6000000000000001,13.74,13.74,,overvoltage
13.8,0.1,3.0,0.55,0.05,1,5,0.6000000000000001,0.6000000000000001,13.74,13.74,,overvoltage
13.8,0.1,3.0,0.55,0.05,2,0,1.1500000000000001,1.1500000000000001,13.685,13.685,,overvoltage
13.8,0.1,3.0,0.55,0.05,2,5,1.1500000000000001,1.1500000000000001,13.685,13.685,,overvoltage
13.8,0.1,3.0,0.55,0.1,1,0,0.65,0.65,13.735000000000001,13.735000000000001,,overvoltage
13.8,0.1,3.0,0.55,0.1,1,5,0.65,0.65,13.735000000000001,13.735000000000001,,overvoltage
13.8,0.1,3.0,0.55,0.1,2,0,1.2000000000000002,1.2000000000000002,13.680000000000001,13.680000000000001,,overvoltage
13.8,0.1,3.0,0.55,0.1,2,5,1.2000000000000002,1.2000000000000002,13.680000000000001,13.680000000000001,,overvoltage
13.8,0.1,3.0,1.1,0.05,1,0,1.1500000000000001,0.6000000000000001,13.685,13.74,,overvoltage
13.8,0.1,3.0,1.1,0.05,1,5,1.1500000000000001,0.6000000000000001,13.685,13.74,,overvoltage
13.8,0.1,3.0,1.1,0.05,2,0,2.25,1.1500000000000001,13.575000000000001,13.685,,overvoltage
13.8,0.1,3.0,1.1,0.05,2,5,1.7000000000000002,1.1500000000000001,13.63,13.685,,overvoltage
13.8,0.1,3.0,1.1,0.1,1,0,1.2000000000000002,0.65,13.680000000000001,13.735000000000001,,overvoltage
13.8,0.1,3.0,1.1,0.1,1,5,1.2000000000000002,0.65,13.680000000000001,13.735000000000001,,overvoltage
13.8,0.1,3.0,1.1,0.1,2,0,2.3000000000000003,1.2000000000000002,13.57,13.680000000000001,,overvoltage
13.8,0.1,3.0,1.1,0.1,2,5,1.7500000000000002,1.2000000000000002,13.625,13.680000000000001,,overvoltage
13.8,0.1,3.0,1.65,0.05,1,0,1.7,0.6000000000000001,13.63,13.74,,overvoltage
13.8,0.1,3.0,1.65,0.05,1,5,1.7,0.6000000000000001,13.63,13.74,,overvoltage
13.8,0.1,3.0,1.65,0.05,2,0,3.3499999999999996,1.1500000000000001,,13.685,0.0008571428571428581,overvoltage;current_capacity_exceeded
13.8,0.1,3.0,1.65,0.05,2,5,2.25,1.1500000000000001,13.575000000000001,13.685,,overvoltage
13.8,0.1,3.0,1.65,0.1,1,0,1.75,0.65,13.625,13.735000000000001,,overvoltage
13.8,0.1,3.0,1.65,0.1,1,5,1.75,0.65,13.625,13.735000000000001,,overvoltage
13.8,0.1,3.0,1.65,0.1,2,0,3.4,1.2000000000000002,,13.680000000000001,0.0007500000000000002,overvoltage;current_capacity_exceeded
13.8,0.1,3.0,1.65,0.1,2,5,2.3000000000000003,1.2000000000000002,13.57,13.680000000000001,,overvoltage
13.8,0.1,4.0,0.55,0.05,1,0,0.6000000000000001,0.6000000000000001,13.74,13.74,,overvoltage
13.8,0.1,4.0,0.55,0.05,1,5,0.6000000000000001,0.6000000000000001,13.74,13.74,,overvoltage
13.8,0.1,4.0,0.55,0.05,2,0,1.1500000000000001,1.1500000000000001,13.685,13.685,,overvoltage
13.8,0.1,4.0,0.55,0.05,2,5,1.1500000000000001,1.1500000000000001,13.685,13.685,,overvoltage
13.8,0.1,4.0,0.55,0.1,1,0,0.65,0.65,13.735000000000001,13.735000000000001,,overvoltage
13.8,0.1,4.0,0.55,0.1,1,5,0.65,0.65,13.735000000000001,13.735000000000001,,overvoltage
13.8,0.1,4.0,0.55,0.1,2,0,1.2000000000000002,1.2000000000000002,13.680000000000001,13.680000000000001,,overvoltage
13.8,0.1,4.0,0.55,0.1,2,5,1.2000000000000002,1.2000000000000002,13.680000000000001,13.680000000000001,,overvoltage
13.8,0.1,4.0,1.1,0.05,1,0,1.1500000000000001,0.6000000000000001,13.685,13.74,,overvoltage
13.8,0.1,4.0,1.1,0.05,1,5,1.1500000000000001,0.6000000000000001,13.685,13.74,,overvoltage
13.8,0.1,4.0,1.1,0.05,2,0,2.25,1.1500000000000001,13.575000000000001,13.685,,overvoltage
13.8,0.1,4.0,1.1,0.05,2,5,1.7000000000000002,1.1500000000000001,13.63,13.685,,overvoltage
13.8,0.1,4.0,1.1,0.1,1,0,1.2000000000000002,0.65,13.680000000000001,13.735000000000001,,overvoltage
13.8,0.1,4.0,1.1,0.1,1,5,1.2000000000000002,0.65,13.680000000000001,13.735000000000001,,overvoltage
13.8,0.1,4.0,1.1,0.1,2,0,2.3000000000000003,1.2000000000000002,13.57,13.680000000000001,,overvoltage
13.8,0.1,4.0,1.1,0.1,2,5,1.7500000000000002,1.2000000000000002,13.625,13.680000000000001,,overvoltage
13.8,0.1,4.0,1.65,0.05,1,0,1.7,0.6000000000000001,13.63,13.74,,overvoltage
13.8,0.1,4.0,1.65,0.05,1,5,1.7,0.6000000000000001,13.63,13.74,,overvoltage
13.8,0.1,4.0,1.65,0.05,2,0,3.3499999999999996,1.1500000000000001,13.465,13.685,,overvoltage
13.8,0.1,4.0,1.65,0.05,2,5,2.25,1.1500000000000001,13.575000000000001,13.685,,overvoltage
13.8,0.1,4.0,1.65,0.1,1,0,1.75,0.65,13.625,13.735000000000001,,overvoltage
13.8,0.1,4.0,1.65,0.1,1,5,1.75,0.65,13.625,13.735000000000001,,overvoltage
13.8,0.1,4.0,1.65,0.1,2,0,3.4,1.2000000000000002,13.46,13.680000000000001,,overvoltage
13.8,0.1,4.0,1.65,0.1,2,5,2.3000000000000003,1.2000000000000002,13.57,13.680000000000001,,overvoltage
13.8,0.25,2.0,0.55,0.05,1,0,0.6000000000000001,0.6000000000000001,13.65,13.65,,overvoltage
13.8,0.25,2.0,0.55,0.05,1,5,0.6000000000000001,0.6000000000000001,13.65,13.65,,overvoltage
13.8,0.25,2.0,0.55,0.05,2,0,1.1500000000000001,1.1500000000000001,13.512500000000001,13.512500000000001,,overvoltage
13.8,0.25,2.0,0.55,0.05,2,5,1.1500000000000001,1.1500000000000001,13.512500000000001,13.512500000000001,,overvoltage
13.8,0.25,2.0,0.55,0.1,1,0,0.65,0.65,13.637500000000001,13.637500000000001,,overvoltage
13.8,0.25,2.0,0.55,0.1,1,5,0.65,0.65,13.637500000000001,13.637500000000001,,overvoltage
13.8,0.25,2.0,0.55,0.1,2,0,1.2000000000000002,1.2000000000000002,13.5,13.5,,overvoltage
13.8,0.25,2.0,0.55,0.1,2,5,1.2000000000000002,1.2000000000000002,13.5,13.5,,overvoltage
13.8,0.25,2.0,1.1,0.05,1,0,1.1500000000000001,0.6000000000000001,13.512500000000001,13.65,,overvoltage
13.8,0.25,2.0,1.1,0.05,1,5,1.1500000000000001,0.6000000000000001,13.512500000000001,13.65,,overvoltage
13.8,0.25,2.0,1.1,0.05,2,0,2.25,1.1500000000000001,,13.512500000000001,0.0012000000000000001,overvoltage;current_capacity_exceeded
13.8,0.25,2.0,1.1,0.05,2,5,1.7000000000000002,1.1500000000000001,13.375,13.512500000000001,,overvoltage
13.8,0.25,2.0,1.1,0.1,1,0,1.2000000000000002,0.65,13.5,13.637500000000001,,overvoltage
13.8,0.25,2.0,1.1,0.1,1,5,1.2000000000000002,0.65,13.5,13.637500000000001,,overvoltage
13.8,0.25,2.0,1.1,0.1,2,0,2.3000000000000003,1.2000000000000002,,13.5,0.0009999999999999992,overvoltage;current_capacity_exceeded
13.8,0.25,2.0,1.1,0.1,2,5,1.7500000000000002,1.2000000000000002,13.3625,13.5,,overvoltage
13.8,0.25,2.0,1.65,0.05,1,0,1.7,0.6000000000000001,13.375,13.65,,overvoltage
13.8,0.25,2.0,1.65,0.05,1,5,1.7,0.6000000000000001,13.375,13.65,,overvoltage
13.8,0.25,2.0,1.65,0.05,2,0,3.3499999999999996,1.1500000000000001,,13.512500000000001,0.00022222222222222231,overvoltage;current_capacity_exceeded
13.8,0.25,2.0,1.65,0.05,2,5,2.25,1.1500000000000001,,13.512500000000001,0.0012000000000000001,overvoltage;current_capacity_exceeded
13.8,0.25,2.0,1.65,0.1,1,0,1.75,0.65,13.3625,13.637500000000001,,overvoltage
13.8,0.25,2.0,1.65,0.1,1,5,1.75,0.65,13.3625,13.637500000000001,,overvoltage
13.8,0.25,2.0,1.65,0.1,2,0,3.4,1.2000000000000002,,13.5,0.00021428571428571433,overvoltage;current_capacity_exceeded
13.8,0.25,2.0,1.65,0.1,2,5,2.3000000000000003,1.2000000000000002,,13.5,0.0009999999999999992,overvoltage;current_capacity_exceeded
13.8,0.25,3.0,0.55,0.05,1,0,0.6000000000000001,0.6000000000000001,13.65,13.65,,overvoltage
13.8,0.25,3.0,0.55,0.05,1,5,0.6000000000000001,0.6000000000000001,13.65,13.65,,overvoltage
13.8,0.25,3.0,0.55,0.05,2,0,1.1500000000000001,1.1500000000000001,13.512500000000001,13.512500000000001,,overvoltage
13.8,0.25,3.0,0.55,0.05,2,5,1.1500000000000001,1.1500000000000001,13.512500000000001,13.512500000000001,,overvoltage
13.8,0.25,3.0,0.55,0.1,1,0,0.65,0.65,13.637500000000001,13.637500000000001,,overvoltage
13.8,0.25,3.0,0.55,0.1,1,5,0.65,0.65,13.637500000000001,13.637500000000001,,overvoltage
13.8,0.25,3.0,0.55,0.1,2,0,1.2000000000000002,1.2000000000000002,13.5,13.5,,overvoltage
13.8,0.25,3.0,0.55,0.1,2,5,1.2000000000000002,1.2000000000000002,13.5,13.5,,overvoltage
13.8,0.25,3.0,1.1,0.05,1,0,1.1500000000000001,0.6000000000000001,13.512500000000001,13.65,,overvoltage
13.8,0.25,3.0,1.1,0.05,1,5,1.1500000000000001,0.6000000000000001,13.512500000000001,13.65,,overvoltage
13.8,0.25,3.0,1.1,0.05,2,0,2.25,1.1500000000000001,13.2375,13.512500000000001,,overvoltage
13.8,0.25,3.0,1.1,0.05,2,5,1.7000000000000002,1.1500000000000001,13.375,13.512500000000001,,overvoltage
13.8,0.25,3.0,1.1,0.1,1,0,1.2000000000000002,0.65,13.5,13.637500000000001,,overvoltage
13.8,0.25,3.0,1.1,0.1,1,5,1.2000000000000002,0.65,13.5,13.637500000000001,,overvoltage
13.8,0.25,3.0,1.1,0.1,2,0,2.3000000000000003,1.2000000000000002,13.225000000000001,13.5,,overvoltage
13.8,0.25,3.0,1.1,0.1,2,5,1.7500000000000002,1.2000000000000002,13.3625,13.5,,overvoltage
13.8,0.25,3.0,1.65,0.05,1,0,1.7,0.6000000000000001,13.375,13.65,,overvoltage
13.8,0.25,3.0,1.65,0.05,1,5,1.7,0.6000000000000001,13.375,13.65,,overvoltage
13.8,0.25,3.0,1.65,0.05,2,0,3.3499999999999996,1.1500000000000001,,13.512500000000001,0.0008571428571428581,overvoltage;current_capacity_exceeded
13.8,0.25,3.0,1.65,0.05,2,5,2.25,1.1500000000000001,13.2375,13.512500000000001,,overvoltage
13.8,0.25,3.0,1.65,0.1,1,0,1.75,0.65,13.3625,13.637500000000001,,overvoltage
13.8,0.25,3.0,1.65,0.1,1,5,1.75,0.65,13.3625,13.637500000000001,,overvoltage
13.8,0.25,3.0,1.65,0.1,2,0,3.4,1.2000000000000002,,13.5,0.0007500000000000002,overvoltage;current_capacity_exceeded
13.8,0.25,3.0,1.65,0.1,2,5,2.3000000000000003,1.2000000000000002,13.225000000000001,13.5,,overvoltage
13.8,0.25,4.0,0.55,0.05,1,0,0.6000000000000001,0.6000000000000001,13.65,13.65,,overvoltage
13.8,0.25,4.0,0.55,0.05,1,5,0.6000000000000001,0.6000000000000001,13.65,13.65,,overvoltage
13.8,0.25,4.0,0.55,0.05,2,0,1.1500000000000001,1.1500000000000001,13.512500000000001,13.512500000000001,,overvoltage
13.8,0.25,4.0,0.55,0.05,2,5,1.1500000000000001,1.1500000000000001,13.512500000000001,13.512500000000001,,overvoltage
13.8,0.25,4.0,0.55,0.1,1,0,0.65,0.65,13.637500000000001,13.637500000000001,,overvoltage
13.8,0.25,4.0,0.55,0.1,1,5,0.65,0.65,13.637500000000001,13.637500000000001,,overvoltage
13.8,0.25,4.0,0.55,0.1,2,0,1.2000000000000002,1.2000000000000002,13.5,13.5,,overvoltage
13.8,0.25,4.0,0.55,0.1,2,5,1.2000000000000002,1.2000000000000002,13.5,13.5,,overvoltage
13.8,0.25,4.0,1.1,0.05,1,0,1.1500000000000001,0.6000000000000001,13.512500000000001,13.65,,overvoltage
13.8,0.25,4.0,1.1,0.05,1,5,1.1500000000000001,0.6000000000000001,13.512500000000001,13.65,,overvoltage
13.8,0.25,4.0,1.1,0.05,2,0,2.25,1.1500000000000001,13.2375,13.512500000000001,,overvoltage
13.8,0.25,4.0,1.1,0.05,2,5,1.7000000000000002,1.1500000000000001,13.375,13.512500000000001,,overvoltage
13.8,0.25,4.0,1.1,0.1,1,0,1.2000000000000002,0.65,13.5,13.637500000000001,,overvoltage
13.8,0.25,4.0,1.1,0.1,1,5,1.2000000000000002,0.65,13.5,13.637500000000001,,overvoltage
13.8,0.25,4.0,1.1,0.1,2,0,2.3000000000000003,1.2000000000000002,13.225000000000001,13.5,,overvoltage
13.8,0.25,4.0,1.1,0.1,2,5,1.7500000000000002,1.2000000000000002,13.3625,13.5,,overvoltage
13.8,0.25,4.0,1.65,0.05,1,0,1.7,0.6000000000000001,13.375,13.65,,overvoltage
13.8,0.25,4.0,1.65,0.05,1,5,1.7,0.6000000000000001,13.375,13.65,,overvoltage
13.8,0.25,4.0,1.65,0.05,2,0,3.3499999999999996,1.1500000000000001,12.9625,13.512500000000001,,overvoltage
13.8,0.25,4.0,1.65,0.05,2,5,2.25,1.1500000000000001,13.2375,13.512500000000001,,overvoltage
13.8,0.25,4.0,1.65,0.1,1,0,1.75,0.65,13.3625,13.637500000000001,,overvoltage
13.8,0.25,4.0,1.65,0.1,1,5,1.75,0.65,13.3625,13.637500000000001,,overvoltage
13.8,0.25,4.0,1.65,0.1,2,0,3.4,1.2000000000000002,12.950000000000001,13.5,,overvoltage
13.8,0.25,4.0,1.65,0.1,2,5,2.3000000000000003,1.2000000000000002,13.225000000000001,13.5,,overvoltage
13.8,0.5,2.0,0.55,0.05,1,0,0.6000000000000001,0.6000000000000001,13.5,13.5,,overvoltage
13.8,0.5,2.0,0.55,0.05,1,5,0.6000000000000001,0.6000000000000001,13.5,13.5,,overvoltage
13.8,0.5,2.0,0.55,0.05,2,0,1.1500000000000001,1.1500000000000001,13.225000000000001,13.225000000000001,,overvoltage
13.8,0.5,2.0,0.55,0.05,2,5,1.1500000000000001,1.1500000000000001,13.225000000000001,13.225000000000001,,overvoltage
13.8,0.5,2.0,0.55,0.1,1,0,0.65,0.65,13.475000000000001,13.475000000000001,,overvoltage
13.8,0.5,2.0,0.55,0.1,1,5,0.65,0.65,13.475000000000001,13.475000000000001,,overvoltage
13.8,0.5,2.0,0.55,0.1,2,0,1.2000000000000002,1.2000000000000002,13.200000000000001,13.200000000000001,,overvoltage
13.8,0.5,2.0,0.55,0.1,2,5,1.2000000000000002,1.2000000000000002,13.200000000000001,13.200000000000001,,overvoltage
13.8,0.5,2.0,1.1,0.05,1,0,1.1500000000000001,0.6000000000000001,13.225000000000001,13.5,,overvoltage
13.8,0.5,2.0,1.1,0.05,1,5,1.1500000000000001,0.6000000000000001,13.225000000000001,13.5,,overvoltage
13.8,0.5,2.0,1.1,0.05,2,0,2.25,1.1500000000000001,,13.225000000000001,0.0012000000000000001,overvoltage;current_capacity_exceeded
13.8,0.5,2.0,1.1,0.05,2,5,1.7000000000000002,1.1500000000000001,12.950000000000001,13.225000000000001,,overvoltage
13.8,0.5,2.0,1.1,0.1,1,0,1.2000000000000002,0.65,13.200000000000001,13.475000000000001,,overvoltage
13.8,0.5,2.0,1.1,0.1,1,5,1.2000000000000002,0.65,13.200000000000001,13.475000000000001,,overvoltage
13.8,0.5,2.0,1.1,0.1,2,0,2.3000000000000003,1.2000000000000002,,13.200000000000001,0.0009999999999999992,overvoltage;current_capacity_exceeded
13.8,0.5,2.0,1.1,0.1,2,5,1.7500000000000002,1.2000000000000002,12.925,13.200000000000001,,overvoltage
13.8,0.5,2.0,1.65,0.05,1,0,1.7,0.6000000000000001,12.950000000000001,13.5,,overvoltage
13.8,0.5,2.0,1.65,0.05,1,5,1.7,0.6000000000000001,12.950000000000001,13.5,,overvoltage
13.8,0.5,2.0,1.65,0.05,2,0,3.3499999999999996,1.1500000000000001,,13.225000000000001,0.00022222222222222231,overvoltage;current_capacity_exceeded
13.8,0.5,2.0,1.65,0.05,2,5,2.25,1.1500000000000001,,13.225000000000001,0.0012000000000000001,overvoltage;current_capacity_exceeded
13.8,0.5,2.0,1.65,0.1,1,0,1.75,0.65,12.925,13.475000000000001,,overvoltage
13.8,0.5,2.0,1.65,0.1,1,5,1.75,0.65,12.925,13.475000000000001,,overvoltage
13.8,0.5,2.0,1.65,0.1,2,0,3.4,1.2000000000000002,,13.200000000000001,0.00021428571428571433,overvoltage;current_capacity_exceeded
13.8,0.5,2.0,1.65,0.1,2,5,2.3000000000000003,1.2000000000000002,,13.200000000000001,0.0009999999999999992,overvoltage;current_capacity_exceeded
13.8,0.5,3.0,0.55,0.05,1,0,0.6000000000000001,0.6000000000000001,13.5,13.5,,overvoltage
13.8,0.5,3.0,0.55,0.05,1,5,0.6000000000000001,0.6000000000000001,13.5,13.5,,overvoltage
13.8,0.5,3.0,0.55,0.05,2,0,1.1500000000000001,1.1500000000000001,13.225000000000001,13.225000000000001,,overvoltage
13.8,0.5,3.0,0.55,0.05,2,5,1.1500000000000001,1.1500000000000001,13.225000000000001,13.225000000000001,,overvoltage
13.8,0.5,3.0,0.55,0.1,1,0,0.65,0.65,13.475000000000001,13.475000000000001,,overvoltage
13.8,0.5,3.0,0.55,0.1,1,5,0.65,0.65,13.475000000000001,13.475000000000001,,overvoltage
13.8,0.5,3.0,0.55,0.1,2,0,1.2000000000000002,1.2000000000000002,13.200000000000001,13.200000000000001,,overvoltage
13.8,0.5,3.0,0.55,0.1,2,5,1.2000000000000002,1.2000000000000002,13.200000000000001,13.200000000000001,,overvoltage
13.8,0.5,3.0,1.1,0.05,1,0,1.1500000000000001,0.6000000000000001,13.225000000000001,13.5,,overvoltage
13.8,0.5,3.0,1.1,0.05,1,5,1.1500000000000001,0.6000000000000001,13.225000000000001,13.5,,overvoltage
13.8,0.5,3.0,1.1,0.05,2,0,2.25,1.1500000000000001,12.675,13.225000000000001,,overvoltage
13.8,0.5,3.0,1.1,0.05,2,5,1.7000000000000002,1.1500000000000001,12.950000000000001,13.225000000000001,,overvoltage
13.8,0.5,3.0,1.1,0.1,1,0,1.2000000000000002,0.65,13.200000000000001,13.475000000000001,,overvoltage
13.8,0.5,3.0,1.1,0.1,1,5,1.2000000000000002,0.65,13.200000000000001,13.475000000000001,,overvoltage
13.8,0.5,3.0,1.1,0.1,2,0,2.3000000000000003,1.2000000000000002,12.65,13.200000000000001,,overvoltage
13.8,0.5,3.0,1.1,0.1,2,5,1.7500000000000002,1.2000000000000002,12.925,13.200000000000001,,overvoltage
13.8,0.5,3.0,1.65,0.05,1,0,1.7,0.6000000000000001,12.950000000000001,13.5,,overvoltage
13.8,0.5,3.0,1.65,0.05,1,5,1.7,0.6000000000000001,12.950000000000001,13.5,,overvoltage
13.8,0.5,3.0,1.65,0.05,2,0,3.3499999999999996,1.1500000000000001,,13.225000000000001,0.0008571428571428581,overvoltage;current_capacity_exceeded
13.8,0.5,3.0,1.65,0.05,2,5,2.25,1.1500000000000001,12.675,13.225000000000001,,overvoltage
13.8,0.5,3.0,1.65,0.1,1,0,1.75,0.65,12.925,13.475000000000001,,overvoltage
13.8,0.5,3.0,1.65,0.1,1,5,1.75,0.65,12.925,13.475000000000001,,overvoltage
13.8,0.5,3.0,1.65,0.1,2,0,3.4,1.2000000000000002,,13.200000000000001,0.0007500000000000002,overvoltage;current_capacity_exceeded
13.8,0.5,3.0,1.65,0.1,2,5,2.3000000000000003,1.2000000000000002,12.65,13.200000000000001,,overvoltage
13.8,0.5,4.0,0.55,0.05,1,0,0.6000000000000001,0.6000000000000001,13.5,13.5,,overvoltage
13.8,0.5,4.0,0.55,0.05,1,5,0.6000000000000001,0.6000000000000001,13.5,13.5,,overvoltage
13.8,0.5,4.0,0.55,0.05,2,0,1.1500000000000001,1.1500000000000001,13.225000000000001,13.225000000000001,,overvoltage
13.8,0.5,4.0,0.55,0.05,2,5,1.1500000000000001,1.1500000000000001,13.225000000000001,13.225000000000001,,overvoltage
13.8,0.5,4.0,0.55,0.1,1,0,0.65,0.65,13.475000000000001,13.475000000000001,,overvoltage
13.8,0.5,4.0,0.55,0.1,1,5,0.65,0.65,13.475000000000001,13.475000000000001,,overvoltage
13.8,0.5,4.0,0.55,0.1,2,0,1.2000000000000002,1.2000000000000002,13.200000000000001,13.200000000000001,,overvoltage
13.8,0.5,4.0,0.55,0.1,2,5,1.2000000000000002,1.2000000000000002,13.200000000000001,13.200000000000001,,overvoltage
13.8,0.5,4.0,1.1,0.05,1,0,1.1500000000000001,0.6000000000000001,13.225000000000001,13.5,,overvoltage
13.8,0.5,4.0,1.1,0.05,1,5,1.1500000000000001,0.6000000000000001,13.225000000000001,13.5,,overvoltage
13.8,0.5,4.0,1.1,0.05,2,0,2.25,1.1500000000000001,12.675,13.225000000000001,,overvoltage
13.8,0.5,4.0,1.1,0.05,2,5,1.7000000000000002,1.1500000000000001,12.950000000000001,13.225000000000001,,overvoltage
13.8,0.5,4.0,1.1,0.1,1,0,1.2000000000000002,0.65,13.200000000000001,13.475000000000001,,overvoltage
13.8,0.5,4.0,1.1,0.1,1,5,1.2000000000000002,0.65,13.200000000000001,13.475000000000001,,overvoltage
13.8,0.5,4.0,1.1,0.1,2,0,2.3000000000000003,1.2000000000000002,12.65,13.200000000000001,,overvoltage
13.8,0.5,4.0,1.1,0.1,2,5,1.7500000000000002,1.2000000000000002,12.925,13.200000000000001,,overvoltage
13.8,0.5,4.0,1.65,0.05,1,0,1.7,0.6000000000000001,12.950000000000001,13.5,,overvoltage
13.8,0.5,4.0,1.65,0.05,1,5,1.7,0.6000000000000001,12.950000000000001,13.5,,overvoltage
13.8,0.5,4.0,1.65,0.05,2,0,3.3499999999999996,1.1500000000000001,12.125,13.225000000000001,,overvoltage
13.8,0.5,4.0,1.65,0.05,2,5,2.25,1.1500000000000001,12.675,13.225000000000001,,overvoltage
13.8,0.5,4.0,1.65,0.1,1,0,1.75,0.65,12.925,13.475000000000001,,overvoltage
13.8,0.5,4.0,1.65,0.1,1,5,1.75,0.65,12.925,13.475000000000001,,overvoltage
13.8,0.5,4.0,1.65,0.1,2,0,3.4,1.2000000000000002,12.100000000000001,13.200000000000001,,overvoltage
13.8,0.5,4.0,1.65,0.1,2,5,2.3000000000000003,1.2000000000000002,12.65,13.200000000000001,,overvoltage
13.8,1.0,2.0,0.55,0.05,1,0,0.6000000000000001,0.6000000000000001,13.200000000000001,13.200000000000001,,overvoltage
13.8,1.0,2.0,0.55,0.05,1,5,0.6000000000000001,0.6000000000000001,13.200000000000001,13.200000000000001,,overvoltage
13.8,1.0,2.0,0.55,0.05,2,0,1.1500000000000001,1.1500000000000001,12.65,12.65,,overvoltage
13.8,1.0,2.0,0.55,0.05,2,5,1.1500000000000001,1.1500000000000001,12.65,12.65,,overvoltage
13.8,1.0,2.0,0.55,0.1,1,0,0.65,0.65,13.15,13.15,,overvoltage
13.8,1.0,2.0,0.55,0.1,1,5,0.65,0.65,13.15,13.15,,overvoltage
13.8,1.0,2.0,0.55,0.1,2,0,1.2000000000000002,1.2000000000000002,12.600000000000001,12.600000000000001,,overvoltage
13.8,1.0,2.0,0.55,0.1,2,5,1.2000000000000002,1.2000000000000002,12.600000000000001,12.600000000000001,,overvoltage
13.8,1.0,2.0,1.1,0.05,1,0,1.1500000000000001,0.6000000000000001,12.65,13.200000000000001,,overvoltage
13.8,1.0,2.0,1.1,0.05,1,5,1.1500000000000001,0.6000000000000001,12.65,13.200000000000001,,overvoltage
13.8,1.0,2.0,1.1,0.05,2,0,2.25,1.1500000000000001,,12.65,0.0012000000000000001,overvoltage;current_capacity_exceeded
13.8,1.0,2.0,1.1,0.05,2,5,1.7000000000000002,1.1500000000000001,12.100000000000001,12.65,,overvoltage
13.8,1.0,2.0,1.1,0.1,1,0,1.2000000000000002,0.65,12.600000000000001,13.15,,overvoltage
13.8,1.0,2.0,1.1,0.1,1,5,1.2000000000000002,0.65,12.600000000000001,13.15,,overvoltage
13.8,1.0,2.0,1.1,0.1,2,0,2.3000000000000003,1.2000000000000002,,12.600000000000001,0.0009999999999999992,overvoltage;current_capacity_exceeded
13.8,1.0,2.0,1.1,0.1,2,5,1.7500000000000002,1.2000000000000002,12.05,12.600000000000001,,overvoltage
13.8,1.0,2.0,1.65,0.05,1,0,1.7,0.6000000000000001,12.100000000000001,13.200000000000001,,overvoltage
13.8,1.0,2.0,1.65,0.05,1,5,1.7,0.6000000000000001,12.100000000000001,13.200000000000001,,overvoltage
13.8,1.0,2.0,1.65,0.05,2,0,3.3499999999999996,1.1500000000000001,,12.65,0.00022222222222222231,overvoltage;current_capacity_exceeded
13.8,1.0,2.0,1.65,0.05,2,5,2.25,1.1500000000000001,,12.65,0.0012000000000000001,overvoltage;current_capacity_exceeded
13.8,1.0,2.0,1.65,0.1,1,0,1.75,0.65,12.05,13.15,,overvoltage
13.8,1.0,2.0,1.65,0.1,1,5,1.75,0.65,12.05,13.15,,overvoltage
13.8,1.0,2.0,1.65,0.1,2,0,3.4,1.2000000000000002,,12.600000000000001,0.00021428571428571433,overvoltage;current_capacity_exceeded
13.8,1.0,2.0,1.65,0.1,2,5,2.3000000000000003,1.2000000000000002,,12.600000000000001,0.0009999999999999992,overvoltage;current_capacity_exceeded
13.8,1.0,3.0,0.55,0.05,1,0,0.6000000000000001,0.6000000000000001,13.200000000000001,13.200000000000001,,overvoltage
13.8,1.0,3.0,0.55,0.05,1,5,0.6000000000000001,0.6000000000000001,13.200000000000001,13.200000000000001,,overvoltage
13.8,1.0,3.0,0.55,0.05,2,0,1.1500000000000001,1.1500000000000001,12.65,12.65,,overvoltage
13.8,1.0,3.0,0.55,0.05,2,5,1.1500000000000001,1.1500000000000001,12.65,12.65,,overvoltage
13.8,1.0,3.0,0.55,0.1,1,0,0.65,0.65,13.15,13.15,,overvoltage
13.8,1.0,3.0,0.55,0.1,1,5,0.65,0.65,13.15,13.15,,overvoltage
13.8,1.0,3.0,0.55,0.1,2,0,1.2000000000000002,1.2000000000000002,12.600000000000001,12.600000000000001,,overvoltage
13.8,1.0,3.0,0.55,0.1,2,5,1.2000000000000002,1.2000000000000002,12.600000000000001,12.600000000000001,,overvoltage
13.8,1.0,3.0,1.1,0.05,1,0,1.1500000000000001,0.6000000000000001,12.65,13.200000000000001,,overvoltage
13.8,1.0,3.0,1.1,0.05,1,5,1.1500000000000001,0.6000000000000001,12.65,13.200000000000001,,overvoltage
13.8,1.0,3.0,1.1,0.05,2,0,2.25,1.1500000000000001,11.55,12.65,,overvoltage
13.8,1.0,3.0,1.1,0.05,2,5,1.7000000000000002,1.1500000000000001,12.100000000000001,12.65,,overvoltage
13.8,1.0,3.0,1.1,0.1,1,0,1.2000000000000002,0.65,12.600000000000001,13.15,,overvoltage
13.8,1.0,3.0,1.1,0.1,1,5,1.2000000000000002,0.65,12.600000000000001,13.15,,overvoltage
13.8,1.0,3.0,1.1,0.1,2,0,2.3000000000000003,1.2000000000000002,11.5,12.600000000000001,,overvoltage
13.8,1.0,3.0,1.1,0.1,2,5,1.7500000000000002,1.2000000000000002,12.05,12.600000000000001,,overvoltage
13.8,1.0,3.0,1.65,0.05,1,0,1.7,0.6000000000000001,12.100000000000001,13.200000000000001,,overvoltage
13.8,1.0,3.0,1.65,0.05,1,5,1.7,0.6000000000000001,12.100000000000001,13.200000000000001,,overvoltage
13.8,1.0,3.0,1.65,0.05,2,0,3.3499999999999996,1.1500000000000001,,12.65,0.0008571428571428581,overvoltage;current_capacity_exceeded
13.8,1.0,3.0,1.65,0.05,2,5,2.25,1.1500000000000001,11.55,12.65,,overvoltage
13.8,1.0,3.0,1.65,0.1,1,0,1.75,0.65,12.05,13.15,,overvoltage
13.8,1.0,3.0,1.65,0.1,1,5,1.75,0.65,12.05,13.15,,overvoltage
13.8,1.0,3.0,1.65,0.1,2,0,3.4,1.2000000000000002,,12.600000000000001,0.0007500000000000002,overvoltage;current_capacity_exceeded
13.8,1.0,3.0,1.65,0.1,2,5,2.3000000000000003,1.2000000000000002,11.5,12.600000000000001,,overvoltage
13.8,1.0,4.0,0.55,0.05,1,0,0.6000000000000001,0.6000000000000001,13.200000000000001,13.200000000000001,,overvoltage
13.8,1.0,4.0,0.55,0.05,1,5,0.6000000000000001,0.6000000000000001,13.200000000000001,13.200000000000001,,overvoltage
13.8,1.0,4.0,0.55,0.05,2,0,1.1500000000000001,1.1500000000000001,12.65,12.65,,overvoltage
13.8,1.0,4.0,0.55,0.05,2,5,1.1500000000000001,1.1500000000000001,12.65,12.65,,overvoltage
13.8,1.0,4.0,0.55,0.1,1,0,0.65,0.65,13.15,13.15,,overvoltage
13.8,1.0,4.0,0.55,0.1,1,5,0.65,0.65,13.15,13.15,,overvoltage
13.8,1.0,4.0,0.55,0.1,2,0,1.2000000000000002,1.2000000000000002,12.600000000000001,12.600000000000001,,overvoltage
13.8,1.0,4.0,0.55,0.1,2,5,1.2000000000000002,1.2000000000000002,12.600000000000001,12.600000000000001,,overvoltage
13.8,1.0,4.0,1.1,0.05,1,0,1.1500000000000001,0.6000000000000001,12.65,13.200000000000001,,overvoltage
13.8,1.0,4.0,1.1,0.05,1,5,1.1500000000000001,0.6000000000000001,12.65,13.200000000000001,,overvoltage
13.8,1.0,4.0,1.1,0.05,2,0,2.25,1.1500000000000001,11.55,12.65,,overvoltage
13.8,1.0,4.0,1.1,0.05,2,5,1.7000000000000002,1.1500000000000001,12.100000000000001,12.65,,overvoltage
13.8,1.0,4.0,1.1,0.1,1,0,1.2000000000000002,0.65,12.600000000000001,13.15,,overvoltage
13.8,1.0,4.0,1.1,0.1,1,5,1.2000000000000002,0.65,12.600000000000001,13.15,,overvoltage
13.8,1.0,4.0,1.1,0.1,2,0,2.3000000000000003,1.2000000000000002,11.5,12.600000000000001,,overvoltage
13.8,1.0,4.0,1.1,0.1,2,5,1.7500000000000002,1.2000000000000002,12.05,12.600000000000001,,overvoltage
13.8,1.0,4.0,1.65,0.05,1,0,1.7,0.6000000000000001,12.100000000000001,13.200000000000001,,overvoltage
13.8,1.0,4.0,1.65,0.05,1,5,1.7,0.6000000000000001,12.100000000000001,13.200000000000001,,overvoltage
13.8,1.0,4.0,1.65,0.05,2,0,3.3499999999999996,1.1500000000000001,10.450000000000001,12.65,,overvoltage;below_provisional_10.8V_target
13.8,1.0,4.0,1.65,0.05,2,5,2.25,1.1500000000000001,11.55,12.65,,overvoltage
13.8,1.0,4.0,1.65,0.1,1,0,1.75,0.65,12.05,13.15,,overvoltage
13.8,1.0,4.0,1.65,0.1,1,5,1.75,0.65,12.05,13.15,,overvoltage
13.8,1.0,4.0,1.65,0.1,2,0,3.4,1.2000000000000002,10.4,12.600000000000001,,overvoltage;below_provisional_10.8V_target
13.8,1.0,4.0,1.65,0.1,2,5,2.3000000000000003,1.2000000000000002,11.5,12.600000000000001,,overvoltage
